-- Generated by Craft v2.6.2931 on Sep 21, 2016, 10:52:23 AM.

--
-- Disable foreign key checks and autocommit.
--

SET FOREIGN_KEY_CHECKS = 0;
SET SQL_MODE = "NO_AUTO_VALUE_ON_ZERO";
SET AUTOCOMMIT = 0;
SET NAMES utf8;


DROP TABLE IF EXISTS `craft_assetfiles`;


--
-- Schema for table `craft_assetfiles`
--
CREATE TABLE `craft_assetfiles` (
  `id` int(11) NOT NULL,
  `sourceId` int(11) DEFAULT NULL,
  `folderId` int(11) NOT NULL,
  `filename` varchar(255) COLLATE utf8_unicode_ci NOT NULL,
  `kind` varchar(50) COLLATE utf8_unicode_ci NOT NULL DEFAULT 'unknown',
  `width` int(11) unsigned DEFAULT NULL,
  `height` int(11) unsigned DEFAULT NULL,
  `size` bigint(20) unsigned DEFAULT NULL,
  `dateModified` datetime DEFAULT NULL,
  `dateCreated` datetime NOT NULL,
  `dateUpdated` datetime NOT NULL,
  `uid` char(36) COLLATE utf8_unicode_ci NOT NULL DEFAULT '0',
  PRIMARY KEY (`id`),
  UNIQUE KEY `craft_assetfiles_filename_folderId_unq_idx` (`filename`,`folderId`),
  KEY `craft_assetfiles_sourceId_fk` (`sourceId`),
  KEY `craft_assetfiles_folderId_fk` (`folderId`)
) ENGINE=InnoDB DEFAULT CHARSET=utf8 COLLATE=utf8_unicode_ci;

--
-- Data for table `craft_assetfiles`
--

INSERT INTO `craft_assetfiles` (`id`, `sourceId`, `folderId`, `filename`, `kind`, `width`, `height`, `size`, `dateModified`, `dateCreated`, `dateUpdated`, `uid`) VALUES
 ('13', '1', '1', 'AGMM-B-355-1_33e32f96-8733-42f6-9dc0-60b838b6bde1_grande.png', 'image', '293', '600', '704993', '2016-09-08 15:16:43', '2016-09-08 15:16:43', '2016-09-08 15:16:43', '7abe0a8d-a389-43b0-a67d-6f040e9eae54'),
 ('18', '1', '1', 'STE-GW-11-1_6ab16772-4730-4d50-ae2a-3a91d963a0f1_grande.png', 'image', '293', '600', '89615', '2016-09-08 15:36:14', '2016-09-08 15:36:14', '2016-09-08 15:36:14', 'a418778f-ce5a-4e4e-90ac-018d5a873226'),
 ('23', '1', '1', 'FRWH-B-355-1_grande.png', 'image', '293', '600', '704993', '2016-09-08 15:38:20', '2016-09-08 15:38:20', '2016-09-08 15:38:20', '8ba5132b-70fe-4e74-b330-d36a2268aa46'),
 ('27', '1', '1', 'BEC-B-275-1_d9c58d1a-2192-47d7-bfdc-ff48158c3a2c_grande.png', 'image', '293', '600', '704993', '2016-09-08 15:40:01', '2016-09-08 15:40:01', '2016-09-08 15:40:01', 'c87e6640-3e6c-4f4f-95a4-7a3ef2335b69'),
 ('31', '1', '1', 'LEFBR-B-330-1_grande.png', 'image', '293', '600', '704993', '2016-09-08 15:41:34', '2016-09-08 15:41:34', '2016-09-08 15:41:34', 'f52b6b25-1758-4306-abe6-971f0b898b5a'),
 ('45', '1', '1', 'cerveza_leffe_blond_product_f613c693-de9f-49b0-82a1-408815d3f6d4_1024x1024.png', 'image', '563', '1024', '309698', '2016-09-08 22:38:29', '2016-09-08 22:38:29', '2016-09-08 22:38:29', 'f90b0b92-8ea2-4f1e-a4bc-31fd9356c2b2'),
 ('53', NULL, '5', 'Copas-leffe-1000x2048_grande.jpg', 'image', '293', '600', '7827', '2016-09-08 22:43:45', '2016-09-08 22:43:45', '2016-09-08 22:43:45', '9b874fba-51ca-47fb-ace4-d102a1e2a0aa'),
 ('54', '1', '1', 'Copas-leffe-1000x2048_grande.jpg', 'image', '293', '600', '7827', '2016-09-08 22:43:53', '2016-09-08 22:43:53', '2016-09-08 22:43:53', 'cbe7e7c2-3a37-437b-9287-e3b080b975fc'),
 ('57', '1', '1', 'leffe_grande_grande.png', 'image', '293', '600', '129489', '2016-09-08 22:44:52', '2016-09-08 22:44:52', '2016-09-08 22:44:52', 'dbfbf7cb-e40f-47ed-85ac-7cb78afded81'),
 ('69', '3', '6', 'welcome_large.jpg', 'image', '2048', '620', '176183', '2016-09-13 00:56:42', '2016-09-13 00:56:42', '2016-09-13 00:56:42', 'b29180cd-6c31-4e96-812b-16bf2a9ef788'),
 ('70', '2', '2', 'promo_incentive_one.png', 'image', '48', '50', '1434', '2016-09-13 01:36:26', '2016-09-13 01:36:26', '2016-09-13 01:36:26', 'f5c93ab7-f6b4-4ad2-8bf0-256f282ced58'),
 ('73', '2', '2', 'promo_incentive_two.png', 'image', '100', '76', '4143', '2016-09-13 01:39:39', '2016-09-13 01:39:39', '2016-09-13 01:39:39', '40d4a1c3-0f7b-42e0-9006-0a4a32498d89'),
 ('74', '2', '2', 'promo_incentive_three.png', 'image', '100', '76', '3247', '2016-09-13 01:40:00', '2016-09-13 01:40:00', '2016-09-13 01:40:00', '729ff5f3-c2df-40fe-b364-5ef9f52ea90a'),
 ('75', '2', '2', 'promo_incentive_four.png', 'image', '100', '76', '2115', '2016-09-13 01:40:15', '2016-09-13 01:40:15', '2016-09-13 01:40:15', '3d665891-1407-4751-90b1-f24c028b6ae1'),
 ('83', '3', '6', 'home_marketing_one_1440x.jpg', 'image', '1439', '621', '348429', '2016-09-13 02:28:11', '2016-09-13 02:28:12', '2016-09-13 02:28:12', 'd9e20035-0bed-4ae7-87b7-d443bf285914');



DROP TABLE IF EXISTS `craft_assetfolders`;


--
-- Schema for table `craft_assetfolders`
--
CREATE TABLE `craft_assetfolders` (
  `id` int(11) NOT NULL AUTO_INCREMENT,
  `parentId` int(11) DEFAULT NULL,
  `sourceId` int(11) DEFAULT NULL,
  `name` varchar(255) COLLATE utf8_unicode_ci NOT NULL,
  `path` varchar(255) COLLATE utf8_unicode_ci DEFAULT NULL,
  `dateCreated` datetime NOT NULL,
  `dateUpdated` datetime NOT NULL,
  `uid` char(36) COLLATE utf8_unicode_ci NOT NULL DEFAULT '0',
  PRIMARY KEY (`id`),
  UNIQUE KEY `craft_assetfolders_name_parentId_sourceId_unq_idx` (`name`,`parentId`,`sourceId`),
  KEY `craft_assetfolders_parentId_fk` (`parentId`),
  KEY `craft_assetfolders_sourceId_fk` (`sourceId`)
) ENGINE=InnoDB AUTO_INCREMENT=7 DEFAULT CHARSET=utf8 COLLATE=utf8_unicode_ci;

--
-- Data for table `craft_assetfolders`
--

INSERT INTO `craft_assetfolders` (`id`, `parentId`, `sourceId`, `name`, `path`, `dateCreated`, `dateUpdated`, `uid`) VALUES
 ('1', NULL, '1', 'Products', '', '2016-09-08 15:16:03', '2016-09-08 15:16:03', '87075822-f681-452d-b9a1-65e5e0eef5fa'),
 ('2', NULL, '2', 'General', '', '2016-09-08 15:18:54', '2016-09-08 15:18:54', '1eb598ce-555b-4851-af1a-423bd5eb8844'),
 ('3', NULL, NULL, 'Temporary source', NULL, '2016-09-08 15:24:50', '2016-09-08 15:24:50', '0e7759af-0e82-4a37-9ff5-f6e4a2e05f00'),
 ('4', '3', NULL, 'user_1', NULL, '2016-09-08 15:24:50', '2016-09-08 15:24:50', '05bea1ec-4dbb-4d64-ac67-f4529a6a606f'),
 ('5', '4', NULL, 'field_4', 'field_4/', '2016-09-08 15:24:50', '2016-09-08 15:24:50', '742305a5-b3ff-4649-a8aa-5c27006bee58'),
 ('6', NULL, '3', 'Backgrounds', '', '2016-09-08 22:49:38', '2016-09-08 22:49:38', '612b2525-0dc9-403d-9c5f-7298e4e49065');



DROP TABLE IF EXISTS `craft_assetindexdata`;


--
-- Schema for table `craft_assetindexdata`
--
CREATE TABLE `craft_assetindexdata` (
  `id` int(11) NOT NULL AUTO_INCREMENT,
  `sessionId` varchar(36) COLLATE utf8_unicode_ci NOT NULL DEFAULT '',
  `sourceId` int(10) NOT NULL,
  `offset` int(10) NOT NULL,
  `uri` varchar(255) COLLATE utf8_unicode_ci DEFAULT NULL,
  `size` varchar(255) COLLATE utf8_unicode_ci DEFAULT NULL,
  `recordId` int(10) DEFAULT NULL,
  `dateCreated` datetime NOT NULL,
  `dateUpdated` datetime NOT NULL,
  `uid` char(36) COLLATE utf8_unicode_ci NOT NULL DEFAULT '0',
  PRIMARY KEY (`id`),
  UNIQUE KEY `craft_assetindexdata_sessionId_sourceId_offset_unq_idx` (`sessionId`,`sourceId`,`offset`),
  KEY `craft_assetindexdata_sourceId_fk` (`sourceId`)
) ENGINE=InnoDB DEFAULT CHARSET=utf8 COLLATE=utf8_unicode_ci;

DROP TABLE IF EXISTS `craft_assetsources`;


--
-- Schema for table `craft_assetsources`
--
CREATE TABLE `craft_assetsources` (
  `id` int(11) NOT NULL AUTO_INCREMENT,
  `name` varchar(255) COLLATE utf8_unicode_ci NOT NULL,
  `handle` varchar(255) COLLATE utf8_unicode_ci NOT NULL,
  `type` varchar(150) COLLATE utf8_unicode_ci NOT NULL,
  `settings` text COLLATE utf8_unicode_ci,
  `sortOrder` smallint(6) unsigned DEFAULT NULL,
  `fieldLayoutId` int(10) DEFAULT NULL,
  `dateCreated` datetime NOT NULL,
  `dateUpdated` datetime NOT NULL,
  `uid` char(36) COLLATE utf8_unicode_ci NOT NULL DEFAULT '0',
  PRIMARY KEY (`id`),
  UNIQUE KEY `craft_assetsources_name_unq_idx` (`name`),
  UNIQUE KEY `craft_assetsources_handle_unq_idx` (`handle`),
  KEY `craft_assetsources_fieldLayoutId_fk` (`fieldLayoutId`)
) ENGINE=InnoDB AUTO_INCREMENT=4 DEFAULT CHARSET=utf8 COLLATE=utf8_unicode_ci;

--
-- Data for table `craft_assetsources`
--

INSERT INTO `craft_assetsources` (`id`, `name`, `handle`, `type`, `settings`, `sortOrder`, `fieldLayoutId`, `dateCreated`, `dateUpdated`, `uid`) VALUES
 ('1', 'Products', 'products', 'Local', '{\"path\":\"\\/Users\\/jasondesiderio\\/Sites\\/zxcraft.dev\\/public\\/images\\/products\\/\",\"publicURLs\":\"1\",\"url\":\"http:\\/\\/www.zxcraft.dev\\/images\\/products\\/\"}', '1', '26', '2016-09-08 15:16:03', '2016-09-08 15:18:20', 'd236d4e5-c334-4350-b45e-022d314e29af'),
 ('2', 'General', 'general', 'Local', '{\"path\":\"\\/Users\\/jasondesiderio\\/Sites\\/zxcraft.dev\\/public\\/images\\/\",\"publicURLs\":\"1\",\"url\":\"http:\\/\\/zxcraft.dev\\/images\\/\"}', '2', '28', '2016-09-08 15:18:54', '2016-09-08 15:19:35', '537b8672-4adb-4de4-b006-6a8bc64cafe5'),
 ('3', 'Backgrounds', 'backgrounds', 'Local', '{\"path\":\"\\/Users\\/jasondesiderio\\/Sites\\/zxcraft.dev\\/public\\/images\\/backgrounds\\/\",\"publicURLs\":\"1\",\"url\":\"http:\\/\\/www.zxcraft.dev\\/images\\/backgrounds\\/\"}', '3', '84', '2016-09-08 22:49:38', '2016-09-08 22:49:38', 'ed18f7f9-8ba1-4aa6-b40f-c255f0f95ff2');



DROP TABLE IF EXISTS `craft_assettransformindex`;


--
-- Schema for table `craft_assettransformindex`
--
CREATE TABLE `craft_assettransformindex` (
  `id` int(11) NOT NULL AUTO_INCREMENT,
  `fileId` int(11) NOT NULL,
  `filename` varchar(255) COLLATE utf8_unicode_ci DEFAULT NULL,
  `format` varchar(255) COLLATE utf8_unicode_ci DEFAULT NULL,
  `location` varchar(255) COLLATE utf8_unicode_ci NOT NULL,
  `sourceId` int(11) DEFAULT NULL,
  `fileExists` tinyint(1) DEFAULT NULL,
  `inProgress` tinyint(1) DEFAULT NULL,
  `dateIndexed` datetime DEFAULT NULL,
  `dateCreated` datetime NOT NULL,
  `dateUpdated` datetime NOT NULL,
  `uid` char(36) COLLATE utf8_unicode_ci NOT NULL DEFAULT '0',
  PRIMARY KEY (`id`),
  KEY `craft_assettransformindex_sourceId_fileId_location_idx` (`sourceId`,`fileId`,`location`)
) ENGINE=InnoDB AUTO_INCREMENT=7 DEFAULT CHARSET=utf8 COLLATE=utf8_unicode_ci;

DROP TABLE IF EXISTS `craft_assettransforms`;


--
-- Schema for table `craft_assettransforms`
--
CREATE TABLE `craft_assettransforms` (
  `id` int(11) NOT NULL AUTO_INCREMENT,
  `name` varchar(255) COLLATE utf8_unicode_ci NOT NULL,
  `handle` varchar(255) COLLATE utf8_unicode_ci NOT NULL,
  `mode` enum('stretch','fit','crop') COLLATE utf8_unicode_ci NOT NULL DEFAULT 'crop',
  `position` enum('top-left','top-center','top-right','center-left','center-center','center-right','bottom-left','bottom-center','bottom-right') COLLATE utf8_unicode_ci NOT NULL DEFAULT 'center-center',
  `height` int(10) DEFAULT NULL,
  `width` int(10) DEFAULT NULL,
  `format` varchar(255) COLLATE utf8_unicode_ci DEFAULT NULL,
  `quality` int(10) DEFAULT NULL,
  `dimensionChangeTime` datetime DEFAULT NULL,
  `dateCreated` datetime NOT NULL,
  `dateUpdated` datetime NOT NULL,
  `uid` char(36) COLLATE utf8_unicode_ci NOT NULL DEFAULT '0',
  PRIMARY KEY (`id`),
  UNIQUE KEY `craft_assettransforms_name_unq_idx` (`name`),
  UNIQUE KEY `craft_assettransforms_handle_unq_idx` (`handle`)
) ENGINE=InnoDB AUTO_INCREMENT=2 DEFAULT CHARSET=utf8 COLLATE=utf8_unicode_ci;

--
-- Data for table `craft_assettransforms`
--

INSERT INTO `craft_assettransforms` (`id`, `name`, `handle`, `mode`, `position`, `height`, `width`, `format`, `quality`, `dimensionChangeTime`, `dateCreated`, `dateUpdated`, `uid`) VALUES
 ('1', 'Background', 'background', 'fit', 'center-center', NULL, '2000', NULL, '82', '2016-09-13 02:29:55', '2016-09-13 00:55:19', '2016-09-13 02:29:55', '2535a929-5fad-47da-a5d0-6841b886dd3c');



DROP TABLE IF EXISTS `craft_categories`;


--
-- Schema for table `craft_categories`
--
CREATE TABLE `craft_categories` (
  `id` int(11) NOT NULL,
  `groupId` int(11) NOT NULL,
  `dateCreated` datetime NOT NULL,
  `dateUpdated` datetime NOT NULL,
  `uid` char(36) COLLATE utf8_unicode_ci NOT NULL DEFAULT '0',
  PRIMARY KEY (`id`),
  KEY `craft_categories_groupId_fk` (`groupId`)
) ENGINE=InnoDB DEFAULT CHARSET=utf8 COLLATE=utf8_unicode_ci;

--
-- Data for table `craft_categories`
--

INSERT INTO `craft_categories` (`id`, `groupId`, `dateCreated`, `dateUpdated`, `uid`) VALUES
 ('35', '1', '2016-09-08 15:58:35', '2016-09-08 15:58:40', 'cfe340d9-1fc5-42a1-8021-0153b7bd5b71'),
 ('36', '1', '2016-09-08 15:58:58', '2016-09-08 15:58:58', '5839f96e-deb0-4b43-94b2-c5e5fb790b27'),
 ('38', '2', '2016-09-08 16:01:49', '2016-09-08 16:02:26', 'ddf8304f-f051-489f-ae3d-04650bd1c6a0'),
 ('39', '2', '2016-09-08 16:02:54', '2016-09-08 16:03:02', '48d9d2eb-a590-4352-b728-aea071fba541'),
 ('40', '3', '2016-09-08 16:03:10', '2016-09-08 16:03:23', '0a98c81b-8d27-4f4c-be90-8963a4eb84e7'),
 ('41', '3', '2016-09-08 16:03:40', '2016-09-08 16:03:40', '985e843f-1eed-4946-a9d0-845f87edfb85'),
 ('42', '4', '2016-09-08 16:03:49', '2016-09-08 16:03:59', 'b54374a7-a2ec-4a67-a2a3-912f40b57cd1'),
 ('43', '5', '2016-09-08 16:04:08', '2016-09-08 16:04:21', '5620d5af-6f58-40ed-b02d-6af38f06b91d'),
 ('46', '3', '2016-09-08 22:40:58', '2016-09-08 22:40:58', '2df4aa02-49db-451c-b25d-d0dcc39ea11e'),
 ('66', '6', '2016-09-08 23:41:15', '2016-09-08 23:41:15', '9bda8673-4869-4e38-9075-bda34735c3b2'),
 ('84', '7', '2016-09-13 14:00:29', '2016-09-13 14:00:29', '1cb01c6e-2060-4f78-8ff5-f9eb24566b55');



DROP TABLE IF EXISTS `craft_categorygroups`;


--
-- Schema for table `craft_categorygroups`
--
CREATE TABLE `craft_categorygroups` (
  `id` int(11) NOT NULL AUTO_INCREMENT,
  `structureId` int(11) NOT NULL,
  `fieldLayoutId` int(11) DEFAULT NULL,
  `name` varchar(255) COLLATE utf8_unicode_ci NOT NULL,
  `handle` varchar(255) COLLATE utf8_unicode_ci NOT NULL,
  `hasUrls` tinyint(1) unsigned NOT NULL DEFAULT '1',
  `template` varchar(500) COLLATE utf8_unicode_ci DEFAULT NULL,
  `dateCreated` datetime NOT NULL,
  `dateUpdated` datetime NOT NULL,
  `uid` char(36) COLLATE utf8_unicode_ci NOT NULL DEFAULT '0',
  PRIMARY KEY (`id`),
  UNIQUE KEY `craft_categorygroups_name_unq_idx` (`name`),
  UNIQUE KEY `craft_categorygroups_handle_unq_idx` (`handle`),
  KEY `craft_categorygroups_structureId_fk` (`structureId`),
  KEY `craft_categorygroups_fieldLayoutId_fk` (`fieldLayoutId`)
) ENGINE=InnoDB AUTO_INCREMENT=8 DEFAULT CHARSET=utf8 COLLATE=utf8_unicode_ci;

--
-- Data for table `craft_categorygroups`
--

INSERT INTO `craft_categorygroups` (`id`, `structureId`, `fieldLayoutId`, `name`, `handle`, `hasUrls`, `template`, `dateCreated`, `dateUpdated`, `uid`) VALUES
 ('1', '1', '264', 'Style', 'style', '1', '', '2016-09-08 15:58:27', '2016-09-13 14:12:35', '61c4f6d2-2ade-4c78-8f83-681363e04bf4'),
 ('2', '2', '263', 'Flavor', 'flavor', '1', '', '2016-09-08 16:00:10', '2016-09-13 14:12:08', 'f4db2558-e66e-4dfc-bda5-9b011bd3224a'),
 ('3', '3', '261', 'Color', 'color', '1', '', '2016-09-08 16:00:19', '2016-09-13 14:11:48', 'a16c10a1-7335-4998-a963-7b34f0ccbecd'),
 ('4', '4', '259', 'Balance', 'balance', '1', '', '2016-09-08 16:00:30', '2016-09-13 14:10:25', 'a149e654-c365-4b70-a9c4-5869a61e1032'),
 ('5', '5', '257', 'Alcohol', 'alcohol', '1', '', '2016-09-08 16:00:44', '2016-09-13 14:09:01', '1125fde0-8207-4ea9-bd3d-3db85786855d'),
 ('6', '6', '262', 'Country', 'country', '1', '', '2016-09-08 23:40:27', '2016-09-13 14:11:58', '15f9e0ac-4f08-4c9e-b8bf-da0102d7ac0b'),
 ('7', '7', '265', 'Vendor', 'vendor', '1', '', '2016-09-13 13:59:01', '2016-09-13 14:12:38', '5a83925b-b602-4c3e-a7a3-fb64c41b4db6');



DROP TABLE IF EXISTS `craft_categorygroups_i18n`;


--
-- Schema for table `craft_categorygroups_i18n`
--
CREATE TABLE `craft_categorygroups_i18n` (
  `id` int(11) NOT NULL AUTO_INCREMENT,
  `groupId` int(11) NOT NULL,
  `locale` char(12) COLLATE utf8_unicode_ci NOT NULL,
  `urlFormat` text COLLATE utf8_unicode_ci,
  `nestedUrlFormat` text COLLATE utf8_unicode_ci,
  `dateCreated` datetime NOT NULL,
  `dateUpdated` datetime NOT NULL,
  `uid` char(36) COLLATE utf8_unicode_ci NOT NULL DEFAULT '0',
  PRIMARY KEY (`id`),
  UNIQUE KEY `craft_categorygroups_i18n_groupId_locale_unq_idx` (`groupId`,`locale`),
  KEY `craft_categorygroups_i18n_locale_fk` (`locale`)
) ENGINE=InnoDB AUTO_INCREMENT=29 DEFAULT CHARSET=utf8 COLLATE=utf8_unicode_ci;

--
-- Data for table `craft_categorygroups_i18n`
--

INSERT INTO `craft_categorygroups_i18n` (`id`, `groupId`, `locale`, `urlFormat`, `nestedUrlFormat`, `dateCreated`, `dateUpdated`, `uid`) VALUES
 ('1', '1', 'en_us', 'style/{slug}', NULL, '2016-09-08 15:58:27', '2016-09-13 14:12:35', 'dbc73839-0464-4476-8cf2-c4d12f7c70de'),
 ('2', '1', 'it_it', 'style/{slug}', NULL, '2016-09-08 15:58:27', '2016-09-13 14:12:35', '4984cb7b-5f3b-406f-9b7c-821595bb4616'),
 ('3', '1', 'es_mx', 'style/{slug}', NULL, '2016-09-08 15:58:27', '2016-09-13 14:12:35', 'd91840a7-a783-4fcc-9e84-6482fa5c92d0'),
 ('4', '1', 'en_gb', 'style/{slug}', NULL, '2016-09-08 15:58:27', '2016-09-13 14:12:35', 'ac25b6d7-415b-450a-a289-d0f78be160ff'),
 ('5', '2', 'en_us', 'flavor/{slug}', NULL, '2016-09-08 16:00:10', '2016-09-13 14:12:08', '60b52e1c-be17-4a63-b625-028402465ce6'),
 ('6', '2', 'it_it', 'flavor/{slug}', NULL, '2016-09-08 16:00:10', '2016-09-13 14:12:08', '404fe66e-0555-4ead-bd77-5cfb234bd3b7'),
 ('7', '2', 'es_mx', 'flavor/{slug}', NULL, '2016-09-08 16:00:10', '2016-09-13 14:12:08', '2f2d7885-a562-4654-9e40-eac3a8579f2a'),
 ('8', '2', 'en_gb', 'flavor/{slug}', NULL, '2016-09-08 16:00:10', '2016-09-13 14:12:08', 'b935b15a-5bfc-4808-ab9a-b967f765b5cb'),
 ('9', '3', 'en_us', 'color/{slug}', NULL, '2016-09-08 16:00:19', '2016-09-13 14:10:39', 'c3db39a4-a3a3-4e02-bbcb-6dc110963f14'),
 ('10', '3', 'it_it', 'color/{slug}', NULL, '2016-09-08 16:00:19', '2016-09-13 14:10:39', '1cdc87ba-0ddf-49c1-9d31-2286718ff725'),
 ('11', '3', 'es_mx', 'color/{slug}', NULL, '2016-09-08 16:00:19', '2016-09-13 14:10:39', '1e0116f2-dd1a-4655-8a84-8f84b6daea18'),
 ('12', '3', 'en_gb', 'color/{slug}', NULL, '2016-09-08 16:00:19', '2016-09-13 14:10:39', '3ee71539-bbbc-403a-b916-a5e5d74c2ad5'),
 ('13', '4', 'en_us', 'balance/{slug}', NULL, '2016-09-08 16:00:30', '2016-09-13 14:10:02', 'b03b6749-56a6-4706-bd5e-bb5047bb1769'),
 ('14', '4', 'it_it', 'balance/{slug}', NULL, '2016-09-08 16:00:30', '2016-09-13 14:10:02', '6e6cb6d9-49c1-4f74-9e5c-ba49f162a258'),
 ('15', '4', 'es_mx', 'balance/{slug}', NULL, '2016-09-08 16:00:30', '2016-09-13 14:10:02', '5b21d4d6-2148-435f-8908-ffea8db6e23b'),
 ('16', '4', 'en_gb', 'balance/{slug}', NULL, '2016-09-08 16:00:30', '2016-09-13 14:10:02', '05d5392c-ae1b-466f-b1e8-8d41c5fee6c9'),
 ('17', '5', 'en_us', 'alcohol/{slug}', NULL, '2016-09-08 16:00:44', '2016-09-13 14:09:01', 'c7515997-8d4b-4151-baee-0660d7e8280b'),
 ('18', '5', 'it_it', 'alcohol/{slug}', NULL, '2016-09-08 16:00:44', '2016-09-13 14:09:01', '174a1629-2a82-4ee9-b55a-c10552308f17'),
 ('19', '5', 'es_mx', 'alcohol/{slug}', NULL, '2016-09-08 16:00:44', '2016-09-13 14:09:01', 'ac104226-c3ee-4b18-b17b-2744eda4d4d9'),
 ('20', '5', 'en_gb', 'alcohol/{slug}', NULL, '2016-09-08 16:00:44', '2016-09-13 14:09:01', '7288aa58-a21b-464e-8a88-90a3dcdccbcd'),
 ('21', '6', 'en_us', 'country/{slug}', NULL, '2016-09-08 23:40:27', '2016-09-13 14:11:58', 'ac9c5793-8e79-40ab-b269-a05dc12688c2'),
 ('22', '6', 'it_it', 'country/{slug}', NULL, '2016-09-08 23:40:27', '2016-09-13 14:11:58', '6c9e7594-7d6a-43fe-90f7-b77739849777'),
 ('23', '6', 'es_mx', 'country/{slug}', NULL, '2016-09-08 23:40:27', '2016-09-13 14:11:58', 'ec258804-97b7-45e5-9c5c-8c19882a0338'),
 ('24', '6', 'en_gb', 'country/{slug}', NULL, '2016-09-08 23:40:27', '2016-09-13 14:11:58', 'aad94f06-7620-4000-a603-3e30cc65e9a8'),
 ('25', '7', 'en_us', 'vendor/{slug}', NULL, '2016-09-13 13:59:01', '2016-09-13 14:07:59', '132bd3f6-fafc-4eb3-a1e7-74fc8b19f84a'),
 ('26', '7', 'it_it', 'vendor/{slug}', NULL, '2016-09-13 13:59:01', '2016-09-13 14:07:59', 'b25001cc-d471-47d6-8f75-d8f0612e230c'),
 ('27', '7', 'es_mx', 'vendor/{slug}', NULL, '2016-09-13 13:59:01', '2016-09-13 14:07:59', 'b87c62fb-01b5-444a-8082-3f8f89295e22'),
 ('28', '7', 'en_gb', 'vendor/{slug}', NULL, '2016-09-13 13:59:01', '2016-09-13 14:07:59', '83d22e55-670d-4d71-9ae0-bc91577449b9');



DROP TABLE IF EXISTS `craft_commerce_addresses`;


--
-- Schema for table `craft_commerce_addresses`
--
CREATE TABLE `craft_commerce_addresses` (
  `id` int(11) NOT NULL AUTO_INCREMENT,
  `firstName` varchar(255) COLLATE utf8_unicode_ci NOT NULL,
  `lastName` varchar(255) COLLATE utf8_unicode_ci NOT NULL,
  `countryId` int(10) DEFAULT NULL,
  `stateId` int(10) DEFAULT NULL,
  `address1` varchar(255) COLLATE utf8_unicode_ci DEFAULT NULL,
  `address2` varchar(255) COLLATE utf8_unicode_ci DEFAULT NULL,
  `city` varchar(255) COLLATE utf8_unicode_ci DEFAULT NULL,
  `zipCode` varchar(255) COLLATE utf8_unicode_ci DEFAULT NULL,
  `phone` varchar(255) COLLATE utf8_unicode_ci DEFAULT NULL,
  `alternativePhone` varchar(255) COLLATE utf8_unicode_ci DEFAULT NULL,
  `businessName` varchar(255) COLLATE utf8_unicode_ci DEFAULT NULL,
  `businessTaxId` varchar(255) COLLATE utf8_unicode_ci DEFAULT NULL,
  `stateName` varchar(255) COLLATE utf8_unicode_ci DEFAULT NULL,
  `dateCreated` datetime NOT NULL,
  `dateUpdated` datetime NOT NULL,
  `uid` char(36) COLLATE utf8_unicode_ci NOT NULL DEFAULT '0',
  PRIMARY KEY (`id`),
  KEY `craft_commerce_addresses_countryId_fk` (`countryId`),
  KEY `craft_commerce_addresses_stateId_fk` (`stateId`)
) ENGINE=InnoDB DEFAULT CHARSET=utf8 COLLATE=utf8_unicode_ci;

DROP TABLE IF EXISTS `craft_commerce_countries`;


--
-- Schema for table `craft_commerce_countries`
--
CREATE TABLE `craft_commerce_countries` (
  `id` int(11) NOT NULL AUTO_INCREMENT,
  `name` varchar(255) COLLATE utf8_unicode_ci NOT NULL,
  `iso` varchar(2) COLLATE utf8_unicode_ci NOT NULL,
  `stateRequired` tinyint(1) unsigned NOT NULL DEFAULT '0',
  `dateCreated` datetime NOT NULL,
  `dateUpdated` datetime NOT NULL,
  `uid` char(36) COLLATE utf8_unicode_ci NOT NULL DEFAULT '0',
  PRIMARY KEY (`id`),
  UNIQUE KEY `craft_commerce_countries_name_unq_idx` (`name`),
  UNIQUE KEY `craft_commerce_countries_iso_unq_idx` (`iso`)
) ENGINE=InnoDB AUTO_INCREMENT=250 DEFAULT CHARSET=utf8 COLLATE=utf8_unicode_ci;

--
-- Data for table `craft_commerce_countries`
--

INSERT INTO `craft_commerce_countries` (`id`, `name`, `iso`, `stateRequired`, `dateCreated`, `dateUpdated`, `uid`) VALUES
 ('1', 'Andorra', 'AD', '0', '2016-09-07 23:25:41', '2016-09-07 23:25:41', '683361d6-a3b3-4919-aeca-2e0c2ed04b71'),
 ('2', 'United Arab Emirates', 'AE', '0', '2016-09-07 23:25:41', '2016-09-07 23:25:41', 'a9f27d0c-bcda-4fb8-8507-869510f509cb'),
 ('3', 'Afghanistan', 'AF', '0', '2016-09-07 23:25:41', '2016-09-07 23:25:41', 'c5b0d422-b924-4541-a291-d46c977e219c'),
 ('4', 'Antigua and Barbuda', 'AG', '0', '2016-09-07 23:25:41', '2016-09-07 23:25:41', '5d0d76ae-2e4b-45cb-b906-c7d0009975ff'),
 ('5', 'Anguilla', 'AI', '0', '2016-09-07 23:25:41', '2016-09-07 23:25:41', '67ad1b54-8c76-4e71-a63e-6cf329ee1cd3'),
 ('6', 'Albania', 'AL', '0', '2016-09-07 23:25:41', '2016-09-07 23:25:41', 'bf49b7db-a1ad-4c4c-9202-dba1d26b52e0'),
 ('7', 'Armenia', 'AM', '0', '2016-09-07 23:25:41', '2016-09-07 23:25:41', '0fc3c4b5-8ba8-4c1d-bce3-304a47c36b05'),
 ('8', 'Angola', 'AO', '0', '2016-09-07 23:25:41', '2016-09-07 23:25:41', '6c9fdf0b-3b7f-4ca2-b59a-6cb48992343d'),
 ('9', 'Antarctica', 'AQ', '0', '2016-09-07 23:25:41', '2016-09-07 23:25:41', '9df5bbe1-80d3-4cca-9266-ebf506884655'),
 ('10', 'Argentina', 'AR', '0', '2016-09-07 23:25:41', '2016-09-07 23:25:41', '7d3e1f4a-39e2-4acb-a62c-95b3d01abe02'),
 ('11', 'American Samoa', 'AS', '0', '2016-09-07 23:25:41', '2016-09-07 23:25:41', '806fb3c9-fab8-46e8-8c46-258767a9749f'),
 ('12', 'Austria', 'AT', '0', '2016-09-07 23:25:41', '2016-09-07 23:25:41', 'd213304c-d1c3-428a-a94a-6faf03a5a41a'),
 ('13', 'Australia', 'AU', '0', '2016-09-07 23:25:41', '2016-09-07 23:25:41', 'e7c3ea14-2382-48c3-8dce-84959e85a59f'),
 ('14', 'Aruba', 'AW', '0', '2016-09-07 23:25:41', '2016-09-07 23:25:41', 'b80a7d44-77d4-4c84-8b33-3d76d8835e59'),
 ('15', 'Aland Islands', 'AX', '0', '2016-09-07 23:25:41', '2016-09-07 23:25:41', '56a407a3-7cd0-4112-8182-ca7324eb6274'),
 ('16', 'Azerbaijan', 'AZ', '0', '2016-09-07 23:25:41', '2016-09-07 23:25:41', 'c69f23f4-ff90-40d2-b89e-76154c562529'),
 ('17', 'Bosnia and Herzegovina', 'BA', '0', '2016-09-07 23:25:41', '2016-09-07 23:25:41', '9998c5fc-70db-4c18-bf79-bd3e54280aa5'),
 ('18', 'Barbados', 'BB', '0', '2016-09-07 23:25:41', '2016-09-07 23:25:41', '993de6ad-f167-48e9-b234-6bc9085ad6d1'),
 ('19', 'Bangladesh', 'BD', '0', '2016-09-07 23:25:41', '2016-09-07 23:25:41', 'dd6b4bc0-9bb5-4633-93fd-a2d36fa79e9c'),
 ('20', 'Belgium', 'BE', '0', '2016-09-07 23:25:41', '2016-09-07 23:25:41', 'b08dcf7f-c2d4-43ec-8686-6169e2171824'),
 ('21', 'Burkina Faso', 'BF', '0', '2016-09-07 23:25:41', '2016-09-07 23:25:41', 'e94de3cf-2f20-4d06-9767-b83155e8ffb8'),
 ('22', 'Bulgaria', 'BG', '0', '2016-09-07 23:25:41', '2016-09-07 23:25:41', '1d43b963-65f8-450e-8fb1-572b7fbf5ef3'),
 ('23', 'Bahrain', 'BH', '0', '2016-09-07 23:25:41', '2016-09-07 23:25:41', 'd0a53f96-e561-4056-97c6-a404cbe3cbd9'),
 ('24', 'Burundi', 'BI', '0', '2016-09-07 23:25:41', '2016-09-07 23:25:41', 'd27ec391-1ffa-4efc-93f8-307bd2b70d62'),
 ('25', 'Benin', 'BJ', '0', '2016-09-07 23:25:41', '2016-09-07 23:25:41', '3f2642ce-4ca8-44a1-9928-0dc347a72446'),
 ('26', 'Saint Barthelemy', 'BL', '0', '2016-09-07 23:25:41', '2016-09-07 23:25:41', '6f1ee9a8-b1a2-4137-b1a5-36226be83afd'),
 ('27', 'Bermuda', 'BM', '0', '2016-09-07 23:25:41', '2016-09-07 23:25:41', '401d090f-53a6-4d38-94fc-a21bb1263edd'),
 ('28', 'Brunei Darussalam', 'BN', '0', '2016-09-07 23:25:41', '2016-09-07 23:25:41', 'cad6e826-d2f1-4287-bff0-03373c0984ee'),
 ('29', 'Bolivia', 'BO', '0', '2016-09-07 23:25:41', '2016-09-07 23:25:41', '62f2fb99-3077-4bc5-bbcf-5076534b2904'),
 ('30', 'Bonaire, Sint Eustatius and Saba', 'BQ', '0', '2016-09-07 23:25:41', '2016-09-07 23:25:41', 'ed69fd18-8f88-45cb-ab81-7be9c27dc988'),
 ('31', 'Brazil', 'BR', '0', '2016-09-07 23:25:41', '2016-09-07 23:25:41', '2fb668f2-9212-4d8e-b52f-e2e81c526d4d'),
 ('32', 'Bahamas', 'BS', '0', '2016-09-07 23:25:41', '2016-09-07 23:25:41', 'cba4d231-492d-4d01-8e8d-2288d98ebbca'),
 ('33', 'Bhutan', 'BT', '0', '2016-09-07 23:25:41', '2016-09-07 23:25:41', 'b12c185a-188b-43a2-9b63-1bc29c4c425c'),
 ('34', 'Bouvet Island', 'BV', '0', '2016-09-07 23:25:41', '2016-09-07 23:25:41', '273cc8a4-5bc1-4565-9480-839c7fc43640'),
 ('35', 'Botswana', 'BW', '0', '2016-09-07 23:25:41', '2016-09-07 23:25:41', 'd3ce8ba4-0534-4bf2-a7d7-86b01c2a1bd2'),
 ('36', 'Belarus', 'BY', '0', '2016-09-07 23:25:41', '2016-09-07 23:25:41', '2c4fa878-3157-4216-92a4-495f736d0095'),
 ('37', 'Belize', 'BZ', '0', '2016-09-07 23:25:41', '2016-09-07 23:25:41', 'a73a674c-6235-476e-a55a-b467f4f8bf21'),
 ('38', 'Canada', 'CA', '0', '2016-09-07 23:25:41', '2016-09-07 23:25:41', '884a969d-0a76-4916-9921-10110db96764'),
 ('39', 'Cocos (Keeling) Islands', 'CC', '0', '2016-09-07 23:25:41', '2016-09-07 23:25:41', 'b20fda89-4ffa-4891-b692-c7aab3cec84c'),
 ('40', 'Democratic Republic of Congo', 'CD', '0', '2016-09-07 23:25:41', '2016-09-07 23:25:41', 'ef7fb616-6f67-4f6e-9d5c-9133d006cc87'),
 ('41', 'Central African Republic', 'CF', '0', '2016-09-07 23:25:41', '2016-09-07 23:25:41', 'ef75347d-e5fc-4457-b1f7-eb5cf7acd5e3'),
 ('42', 'Congo', 'CG', '0', '2016-09-07 23:25:41', '2016-09-07 23:25:41', '16124fae-c40d-4a7b-b43f-bef79de8ef59'),
 ('43', 'Switzerland', 'CH', '0', '2016-09-07 23:25:41', '2016-09-07 23:25:41', '55c1b80d-f646-45a2-b4bc-50d86f3830ed'),
 ('44', 'Ivory Coast', 'CI', '0', '2016-09-07 23:25:41', '2016-09-07 23:25:41', '9f40c2fe-3c62-4b3f-9b4b-2e7bab4acc96'),
 ('45', 'Cook Islands', 'CK', '0', '2016-09-07 23:25:41', '2016-09-07 23:25:41', '3cf08982-5908-4034-ad74-0cb91bc6e3bf'),
 ('46', 'Chile', 'CL', '0', '2016-09-07 23:25:41', '2016-09-07 23:25:41', 'ed68d1df-d6a5-4e9f-89af-b528aebf525b'),
 ('47', 'Cameroon', 'CM', '0', '2016-09-07 23:25:41', '2016-09-07 23:25:41', 'e1c7012c-8f40-4cda-8242-0fbf7cedd95a'),
 ('48', 'China', 'CN', '0', '2016-09-07 23:25:41', '2016-09-07 23:25:41', 'cb5c7c87-a583-40ae-98af-782e22804fae'),
 ('49', 'Colombia', 'CO', '0', '2016-09-07 23:25:41', '2016-09-07 23:25:41', '23ba6b3d-96e5-4f5c-8a18-2383097e972c'),
 ('50', 'Costa Rica', 'CR', '0', '2016-09-07 23:25:41', '2016-09-07 23:25:41', '07bdb692-add6-4b37-836b-34d67dcf4c99'),
 ('51', 'Cuba', 'CU', '0', '2016-09-07 23:25:41', '2016-09-07 23:25:41', 'bf76231b-1892-4139-a32f-c786f5574afb'),
 ('52', 'Cape Verde', 'CV', '0', '2016-09-07 23:25:41', '2016-09-07 23:25:41', '9787b723-5f35-4adb-8f68-0e9f45ae19a6'),
 ('53', 'Curacao', 'CW', '0', '2016-09-07 23:25:41', '2016-09-07 23:25:41', 'b6b588b0-2286-405e-8d6e-2462ca8731e0'),
 ('54', 'Christmas Island', 'CX', '0', '2016-09-07 23:25:41', '2016-09-07 23:25:41', '38a0089d-7c1d-4ffd-8f0b-6351dab2a492'),
 ('55', 'Cyprus', 'CY', '0', '2016-09-07 23:25:41', '2016-09-07 23:25:41', '704e67a4-dbed-4eb3-baec-a8a25a151e17'),
 ('56', 'Czech Republic', 'CZ', '0', '2016-09-07 23:25:41', '2016-09-07 23:25:41', '0cdcece2-e3ff-4799-b915-5db8c694ee82'),
 ('57', 'Germany', 'DE', '0', '2016-09-07 23:25:41', '2016-09-07 23:25:41', 'd89bad12-c722-4608-a11b-348d4ec107ab'),
 ('58', 'Djibouti', 'DJ', '0', '2016-09-07 23:25:41', '2016-09-07 23:25:41', 'b08df3e2-d028-453f-aa31-981727baba52'),
 ('59', 'Denmark', 'DK', '0', '2016-09-07 23:25:41', '2016-09-07 23:25:41', 'f13e1f4e-f131-487a-b7c3-8fca3c029d43'),
 ('60', 'Dominica', 'DM', '0', '2016-09-07 23:25:41', '2016-09-07 23:25:41', '91348d25-8018-4e76-9180-cb6422b5108a'),
 ('61', 'Dominican Republic', 'DO', '0', '2016-09-07 23:25:41', '2016-09-07 23:25:41', '4bb48d73-8d8d-4395-9fd6-8ac1a8883fda'),
 ('62', 'Algeria', 'DZ', '0', '2016-09-07 23:25:41', '2016-09-07 23:25:41', '15ebb779-2b21-4a9f-93ac-7273bb5cc56a'),
 ('63', 'Ecuador', 'EC', '0', '2016-09-07 23:25:41', '2016-09-07 23:25:41', '2d162707-5575-473b-b13f-2b940341918f'),
 ('64', 'Estonia', 'EE', '0', '2016-09-07 23:25:41', '2016-09-07 23:25:41', '3f7a6610-52e5-42dd-9e89-506078dd3f18'),
 ('65', 'Egypt', 'EG', '0', '2016-09-07 23:25:41', '2016-09-07 23:25:41', '105d6413-2d56-4204-9e85-ce3d93022fd9'),
 ('66', 'Western Sahara', 'EH', '0', '2016-09-07 23:25:41', '2016-09-07 23:25:41', 'a4868d8e-aecc-4962-b98e-80c576368701'),
 ('67', 'Eritrea', 'ER', '0', '2016-09-07 23:25:41', '2016-09-07 23:25:41', '8308ed65-22c5-4dc6-af6c-cbc74a44c7ef'),
 ('68', 'Spain', 'ES', '0', '2016-09-07 23:25:41', '2016-09-07 23:25:41', 'e8833a22-c0c7-4b09-8c7b-465f926ca599'),
 ('69', 'Ethiopia', 'ET', '0', '2016-09-07 23:25:41', '2016-09-07 23:25:41', '3cc53451-be62-43b1-bde4-94862b43a187'),
 ('70', 'Finland', 'FI', '0', '2016-09-07 23:25:41', '2016-09-07 23:25:41', 'f3eb9d70-ad7e-4247-840a-33d3cf7c8594'),
 ('71', 'Fiji', 'FJ', '0', '2016-09-07 23:25:41', '2016-09-07 23:25:41', '8ba6a494-fd4b-48c1-b60f-176fc11329d6'),
 ('72', 'Falkland Islands (Malvinas)', 'FK', '0', '2016-09-07 23:25:41', '2016-09-07 23:25:41', '2624af01-9f17-4b0c-8c25-b15d104d93bb'),
 ('73', 'Micronesia', 'FM', '0', '2016-09-07 23:25:41', '2016-09-07 23:25:41', '7a4d9365-d0f7-470d-9818-0266d0e640b1'),
 ('74', 'Faroe Islands', 'FO', '0', '2016-09-07 23:25:41', '2016-09-07 23:25:41', '1a0696f5-cc69-4852-957b-cabfd9d2ce39'),
 ('75', 'France', 'FR', '0', '2016-09-07 23:25:41', '2016-09-07 23:25:41', '7fffa08f-021e-4eff-9070-5d69e0307ec6'),
 ('76', 'Gabon', 'GA', '0', '2016-09-07 23:25:41', '2016-09-07 23:25:41', '4dec4101-2581-4f80-af58-7811ab68570c'),
 ('77', 'United Kingdom', 'GB', '0', '2016-09-07 23:25:41', '2016-09-07 23:25:41', '328cf4f7-18e1-4ab3-9ff7-96a215361b49'),
 ('78', 'Grenada', 'GD', '0', '2016-09-07 23:25:41', '2016-09-07 23:25:41', '13ab5e0d-5301-4de0-b0a5-0472360af7ab'),
 ('79', 'Georgia', 'GE', '0', '2016-09-07 23:25:41', '2016-09-07 23:25:41', '92542bd0-37a3-4a12-9c48-45e8986e4bb2'),
 ('80', 'French Guiana', 'GF', '0', '2016-09-07 23:25:41', '2016-09-07 23:25:41', '1909dbbf-5d82-4fe4-aef9-992d4fbc12fe'),
 ('81', 'Guernsey', 'GG', '0', '2016-09-07 23:25:41', '2016-09-07 23:25:41', 'a6f26880-79f4-450d-b879-ffa9bae21028'),
 ('82', 'Ghana', 'GH', '0', '2016-09-07 23:25:41', '2016-09-07 23:25:41', '8a962f6c-3b57-474d-9b72-089fb6ec4e7c'),
 ('83', 'Gibraltar', 'GI', '0', '2016-09-07 23:25:41', '2016-09-07 23:25:41', '25c3990b-fec6-42f9-b5de-7babc4928de1'),
 ('84', 'Greenland', 'GL', '0', '2016-09-07 23:25:41', '2016-09-07 23:25:41', 'ae14fcbe-af0a-41b9-91a2-48a551c43e77'),
 ('85', 'Gambia', 'GM', '0', '2016-09-07 23:25:41', '2016-09-07 23:25:41', 'a119204a-ff28-4d59-95bd-88374acaf702'),
 ('86', 'Guinea', 'GN', '0', '2016-09-07 23:25:41', '2016-09-07 23:25:41', '331309eb-2661-48c8-be1d-e5aae9c33373'),
 ('87', 'Guadeloupe', 'GP', '0', '2016-09-07 23:25:41', '2016-09-07 23:25:41', '49ba4716-97e7-4c1b-939e-28bf548278b0'),
 ('88', 'Equatorial Guinea', 'GQ', '0', '2016-09-07 23:25:41', '2016-09-07 23:25:41', 'c0f69acf-e5d1-43ec-ba32-02aa02539216'),
 ('89', 'Greece', 'GR', '0', '2016-09-07 23:25:41', '2016-09-07 23:25:41', 'c19a872e-fdce-4786-ac0a-30df2da2a61d'),
 ('90', 'S. Georgia and S. Sandwich Isls.', 'GS', '0', '2016-09-07 23:25:41', '2016-09-07 23:25:41', '7eb52fcc-aaca-4cae-ac50-65936914aa09'),
 ('91', 'Guatemala', 'GT', '0', '2016-09-07 23:25:41', '2016-09-07 23:25:41', '12ac04b4-2284-4565-aeda-cd10e4d2320d'),
 ('92', 'Guam', 'GU', '0', '2016-09-07 23:25:41', '2016-09-07 23:25:41', '8cab48b1-4ece-4c3f-850b-900ad6175abd'),
 ('93', 'Guinea-Bissau', 'GW', '0', '2016-09-07 23:25:41', '2016-09-07 23:25:41', '7e725c91-9160-4484-b47f-2112266284bf'),
 ('94', 'Guyana', 'GY', '0', '2016-09-07 23:25:41', '2016-09-07 23:25:41', '4e8acc65-2e30-49ab-8acd-4d3fe04a3bf2'),
 ('95', 'Hong Kong', 'HK', '0', '2016-09-07 23:25:41', '2016-09-07 23:25:41', 'b0432610-bf46-4329-8ccb-9575c7543cd9'),
 ('96', 'Heard and McDonald Islands', 'HM', '0', '2016-09-07 23:25:41', '2016-09-07 23:25:41', '5aa044c9-c018-4d8e-aaf1-9dfdeaa86cc2'),
 ('97', 'Honduras', 'HN', '0', '2016-09-07 23:25:41', '2016-09-07 23:25:41', 'b02732ac-3ff8-47b4-909a-989e5fa65701'),
 ('98', 'Croatia (Hrvatska)', 'HR', '0', '2016-09-07 23:25:41', '2016-09-07 23:25:41', '5c0811bb-2ca7-477c-a246-22a4ad50f9d6'),
 ('99', 'Haiti', 'HT', '0', '2016-09-07 23:25:41', '2016-09-07 23:25:41', '323f11a1-dc37-427e-b418-179c3e66a499'),
 ('100', 'Hungary', 'HU', '0', '2016-09-07 23:25:41', '2016-09-07 23:25:41', '2df45d9a-7075-4a9d-b231-af7ce341cce9');
INSERT INTO `craft_commerce_countries` (`id`, `name`, `iso`, `stateRequired`, `dateCreated`, `dateUpdated`, `uid`) VALUES
 ('101', 'Indonesia', 'ID', '0', '2016-09-07 23:25:41', '2016-09-07 23:25:41', '0f6de42b-b996-417b-a8e1-b5ef1a41341a'),
 ('102', 'Ireland', 'IE', '0', '2016-09-07 23:25:41', '2016-09-07 23:25:41', '3f7f07eb-68af-4021-b9b1-4abf02509466'),
 ('103', 'Israel', 'IL', '0', '2016-09-07 23:25:41', '2016-09-07 23:25:41', 'e41a8b70-a3b2-4844-ab45-0183c942573b'),
 ('104', 'Isle Of Man', 'IM', '0', '2016-09-07 23:25:41', '2016-09-07 23:25:41', 'e463a682-b71d-4771-b80f-6bf10c809312'),
 ('105', 'India', 'IN', '0', '2016-09-07 23:25:41', '2016-09-07 23:25:41', '4fb7a743-01fd-4c83-a8c7-9c5beeda98fd'),
 ('106', 'British Indian Ocean Territory', 'IO', '0', '2016-09-07 23:25:41', '2016-09-07 23:25:41', 'e7e97768-6178-441b-8cfb-e36a5220d494'),
 ('107', 'Iraq', 'IQ', '0', '2016-09-07 23:25:41', '2016-09-07 23:25:41', 'dea5de34-60d0-4e4b-9d6d-a795dfac48cc'),
 ('108', 'Iran', 'IR', '0', '2016-09-07 23:25:41', '2016-09-07 23:25:41', '14f09837-d9e3-4c8d-b021-912006a9c799'),
 ('109', 'Iceland', 'IS', '0', '2016-09-07 23:25:41', '2016-09-07 23:25:41', 'b030c1ba-a83e-4e17-9894-74fed8e56231'),
 ('110', 'Italy', 'IT', '0', '2016-09-07 23:25:41', '2016-09-07 23:25:41', '47b3b7db-6d61-489f-9c5e-00c4ee71ac3e'),
 ('111', 'Jersey', 'JE', '0', '2016-09-07 23:25:41', '2016-09-07 23:25:41', '7033237e-cdc5-41c4-977e-1d80a21401fa'),
 ('112', 'Jamaica', 'JM', '0', '2016-09-07 23:25:41', '2016-09-07 23:25:41', 'ee81b509-0d3f-4650-ab90-41599f19349d'),
 ('113', 'Jordan', 'JO', '0', '2016-09-07 23:25:41', '2016-09-07 23:25:41', '0923edbc-53a2-4bad-bf5b-bf9752add049'),
 ('114', 'Japan', 'JP', '0', '2016-09-07 23:25:41', '2016-09-07 23:25:41', '7955d6e0-74d2-4b21-946b-9a1b74c10bf8'),
 ('115', 'Kenya', 'KE', '0', '2016-09-07 23:25:41', '2016-09-07 23:25:41', 'a3f57ac3-cbf8-4967-8e6f-30f47d954c89'),
 ('116', 'Kyrgyzstan', 'KG', '0', '2016-09-07 23:25:41', '2016-09-07 23:25:41', '0230b8d0-ccfb-49ed-abaa-7a0eb272fca1'),
 ('117', 'Cambodia', 'KH', '0', '2016-09-07 23:25:41', '2016-09-07 23:25:41', 'f3182b83-0b37-4e54-9dcd-5db737e73203'),
 ('118', 'Kiribati', 'KI', '0', '2016-09-07 23:25:41', '2016-09-07 23:25:41', '2d578b75-e2d8-4e7f-ae83-c7b8040fe411'),
 ('119', 'Comoros', 'KM', '0', '2016-09-07 23:25:41', '2016-09-07 23:25:41', '8e04a8cc-26b7-4816-9d6e-472255daeb62'),
 ('120', 'Saint Kitts and Nevis', 'KN', '0', '2016-09-07 23:25:41', '2016-09-07 23:25:41', '11c53c97-6c9f-44e4-8f1e-ac5da90962d1'),
 ('121', 'Korea (North)', 'KP', '0', '2016-09-07 23:25:41', '2016-09-07 23:25:41', '32679e5e-0fff-42f3-b9c2-9ffb4879c1b0'),
 ('122', 'Korea (South)', 'KR', '0', '2016-09-07 23:25:41', '2016-09-07 23:25:41', '0bc3637b-3a4c-4e20-954f-b3ef820f41e2'),
 ('123', 'Kuwait', 'KW', '0', '2016-09-07 23:25:41', '2016-09-07 23:25:41', 'dab4855c-627f-4ce3-9125-7449a922b6e6'),
 ('124', 'Cayman Islands', 'KY', '0', '2016-09-07 23:25:41', '2016-09-07 23:25:41', '4d25f269-9b1e-41bd-9722-fc9238bf8cd8'),
 ('125', 'Kazakhstan', 'KZ', '0', '2016-09-07 23:25:41', '2016-09-07 23:25:41', 'e4535c5c-4125-4978-bfc4-38eb6ffe4b41'),
 ('126', 'Laos', 'LA', '0', '2016-09-07 23:25:41', '2016-09-07 23:25:41', 'e278f44e-c493-428e-80d6-d1816d27d86c'),
 ('127', 'Lebanon', 'LB', '0', '2016-09-07 23:25:41', '2016-09-07 23:25:41', 'f2610f50-7e0f-43b1-9954-6325ff1027b3'),
 ('128', 'Saint Lucia', 'LC', '0', '2016-09-07 23:25:41', '2016-09-07 23:25:41', 'b5e71a52-bb48-4c6a-bd77-a689728a3772'),
 ('129', 'Liechtenstein', 'LI', '0', '2016-09-07 23:25:41', '2016-09-07 23:25:41', '1f61bcc8-f41a-4004-92fb-3a865d1dae4e'),
 ('130', 'Sri Lanka', 'LK', '0', '2016-09-07 23:25:41', '2016-09-07 23:25:41', 'e10b6cb2-fc18-433f-a9bc-3193af2f338f'),
 ('131', 'Liberia', 'LR', '0', '2016-09-07 23:25:41', '2016-09-07 23:25:41', '6e7b9ffb-3869-44fb-9241-a86a245c10cf'),
 ('132', 'Lesotho', 'LS', '0', '2016-09-07 23:25:41', '2016-09-07 23:25:41', '2864551d-ac52-4c3c-a6e0-df3fb704f6f9'),
 ('133', 'Lithuania', 'LT', '0', '2016-09-07 23:25:41', '2016-09-07 23:25:41', '9ea1cba1-514c-47d9-a94f-4193ba5b528b'),
 ('134', 'Luxembourg', 'LU', '0', '2016-09-07 23:25:41', '2016-09-07 23:25:41', '1593a118-0047-4ce1-a760-bbc82be1c3f4'),
 ('135', 'Latvia', 'LV', '0', '2016-09-07 23:25:41', '2016-09-07 23:25:41', '127de72d-af03-4ac1-bdd4-1fb929faec81'),
 ('136', 'Libya', 'LY', '0', '2016-09-07 23:25:41', '2016-09-07 23:25:41', '16cdbe40-3322-45c8-b763-3e44eacaefeb'),
 ('137', 'Morocco', 'MA', '0', '2016-09-07 23:25:41', '2016-09-07 23:25:41', '7387a2ef-0702-4424-b6b0-4e50c56347a4'),
 ('138', 'Monaco', 'MC', '0', '2016-09-07 23:25:41', '2016-09-07 23:25:41', 'f6dad74f-caee-4ff7-bc39-526aa407ad6c'),
 ('139', 'Moldova', 'MD', '0', '2016-09-07 23:25:41', '2016-09-07 23:25:41', '87aaaf3c-8d21-4363-b924-446449e6c6e7'),
 ('140', 'Montenegro', 'ME', '0', '2016-09-07 23:25:41', '2016-09-07 23:25:41', '54cdc99d-b9ff-4aba-bf97-06f2cc538829'),
 ('141', 'Saint Martin (French part)', 'MF', '0', '2016-09-07 23:25:41', '2016-09-07 23:25:41', '48a16d88-cdf2-47a2-a023-65a46fcd486c'),
 ('142', 'Madagascar', 'MG', '0', '2016-09-07 23:25:41', '2016-09-07 23:25:41', 'e4f45765-fef8-4d80-85b3-4f01f23529f1'),
 ('143', 'Marshall Islands', 'MH', '0', '2016-09-07 23:25:41', '2016-09-07 23:25:41', '4bf6c2d0-ad61-4bd9-9df7-94092d336661'),
 ('144', 'Macedonia', 'MK', '0', '2016-09-07 23:25:41', '2016-09-07 23:25:41', '9c4501a4-f6f3-4d0d-af93-f6972caa48fe'),
 ('145', 'Mali', 'ML', '0', '2016-09-07 23:25:41', '2016-09-07 23:25:41', '524f1601-9a6a-4003-b887-ddd2da3961c2'),
 ('146', 'Burma (Myanmar)', 'MM', '0', '2016-09-07 23:25:41', '2016-09-07 23:25:41', 'd9c12912-3335-42d4-b12e-0d2772a26b0a'),
 ('147', 'Mongolia', 'MN', '0', '2016-09-07 23:25:41', '2016-09-07 23:25:41', '8b94e496-0bb2-476e-a885-2f7ff421dc11'),
 ('148', 'Macau', 'MO', '0', '2016-09-07 23:25:41', '2016-09-07 23:25:41', '0d601bd4-1f63-4e8c-80fb-f60d4f63e021'),
 ('149', 'Northern Mariana Islands', 'MP', '0', '2016-09-07 23:25:41', '2016-09-07 23:25:41', '403ca2f4-03c4-4257-8148-9c3b146f86a6'),
 ('150', 'Martinique', 'MQ', '0', '2016-09-07 23:25:41', '2016-09-07 23:25:41', '427b2001-0d2f-4ea2-8f25-7cd1c2a45f7b'),
 ('151', 'Mauritania', 'MR', '0', '2016-09-07 23:25:41', '2016-09-07 23:25:41', 'b51b9f84-201d-48b2-b631-c0e2b2b1ee2d'),
 ('152', 'Montserrat', 'MS', '0', '2016-09-07 23:25:41', '2016-09-07 23:25:41', '500971c0-1d3c-4e63-b783-69b3cdb14aa2'),
 ('153', 'Malta', 'MT', '0', '2016-09-07 23:25:41', '2016-09-07 23:25:41', '16289a82-d126-4b11-9e52-600403c15a10'),
 ('154', 'Mauritius', 'MU', '0', '2016-09-07 23:25:41', '2016-09-07 23:25:41', '5db642d6-95e0-41bc-9c4c-b01236657950'),
 ('155', 'Maldives', 'MV', '0', '2016-09-07 23:25:41', '2016-09-07 23:25:41', '81c0c166-84a7-4cc2-920e-18c9e4e65073'),
 ('156', 'Malawi', 'MW', '0', '2016-09-07 23:25:41', '2016-09-07 23:25:41', '9fccc3c8-4a2a-4dc1-8025-996de658bb65'),
 ('157', 'Mexico', 'MX', '0', '2016-09-07 23:25:41', '2016-09-07 23:25:41', 'a97186a1-478f-4b17-9c9d-39e776422b8b'),
 ('158', 'Malaysia', 'MY', '0', '2016-09-07 23:25:41', '2016-09-07 23:25:41', 'bd827100-d268-4cb3-adb5-b43f8bd48bb8'),
 ('159', 'Mozambique', 'MZ', '0', '2016-09-07 23:25:41', '2016-09-07 23:25:41', 'c958fdac-dc3b-481a-a2f3-aba4ea25c8ca'),
 ('160', 'Namibia', 'NA', '0', '2016-09-07 23:25:41', '2016-09-07 23:25:41', 'f1e0a62d-8a03-4f32-961a-c64f22b83cde'),
 ('161', 'New Caledonia', 'NC', '0', '2016-09-07 23:25:41', '2016-09-07 23:25:41', 'a4576873-2a68-4d9a-b133-05f4bda7649f'),
 ('162', 'Niger', 'NE', '0', '2016-09-07 23:25:41', '2016-09-07 23:25:41', 'e6c8b5eb-f078-47cd-8cfa-981cbebf9023'),
 ('163', 'Norfolk Island', 'NF', '0', '2016-09-07 23:25:41', '2016-09-07 23:25:41', '613cffe7-857e-46f0-86a5-4766b1eab16d'),
 ('164', 'Nigeria', 'NG', '0', '2016-09-07 23:25:41', '2016-09-07 23:25:41', '39b68110-0fe4-451c-adfc-7ddfb0b9ad28'),
 ('165', 'Nicaragua', 'NI', '0', '2016-09-07 23:25:41', '2016-09-07 23:25:41', 'b450960c-e08b-4161-b7e4-6cc113aff0f1'),
 ('166', 'Netherlands', 'NL', '0', '2016-09-07 23:25:41', '2016-09-07 23:25:41', '31b625e4-6aa7-4505-85d7-dc96b5d59d93'),
 ('167', 'Norway', 'NO', '0', '2016-09-07 23:25:41', '2016-09-07 23:25:41', 'f68f6357-7dfa-4357-832a-46945d610dd5'),
 ('168', 'Nepal', 'NP', '0', '2016-09-07 23:25:41', '2016-09-07 23:25:41', '86b537ea-9c8d-415e-9612-f9ffa7034256'),
 ('169', 'Nauru', 'NR', '0', '2016-09-07 23:25:41', '2016-09-07 23:25:41', 'c5f0d282-db76-4998-a1f2-a50f9e91e92b'),
 ('170', 'Niue', 'NU', '0', '2016-09-07 23:25:41', '2016-09-07 23:25:41', 'daedf10e-9d14-4cb6-ad52-90a84a70d186'),
 ('171', 'New Zealand', 'NZ', '0', '2016-09-07 23:25:41', '2016-09-07 23:25:41', '0663d5fe-138d-419f-9772-aa4c0f230d7a'),
 ('172', 'Oman', 'OM', '0', '2016-09-07 23:25:41', '2016-09-07 23:25:41', 'f57aeb46-53bb-4530-9132-52876fc965a9'),
 ('173', 'Panama', 'PA', '0', '2016-09-07 23:25:41', '2016-09-07 23:25:41', '4a4a9e79-90c3-412c-b61b-c277b477dc72'),
 ('174', 'Peru', 'PE', '0', '2016-09-07 23:25:41', '2016-09-07 23:25:41', 'd63c0ebb-8a29-4175-9c18-d5aab8df7784'),
 ('175', 'French Polynesia', 'PF', '0', '2016-09-07 23:25:41', '2016-09-07 23:25:41', '9aa92cfd-2cc9-4e99-9393-9c8bcb3da39d'),
 ('176', 'Papua New Guinea', 'PG', '0', '2016-09-07 23:25:41', '2016-09-07 23:25:41', '1a0edeec-0b66-42ca-aff5-dfac9fa4a472'),
 ('177', 'Philippines', 'PH', '0', '2016-09-07 23:25:41', '2016-09-07 23:25:41', '201d171c-0bb4-42f4-9b8b-762d7afb565e'),
 ('178', 'Pakistan', 'PK', '0', '2016-09-07 23:25:41', '2016-09-07 23:25:41', '95f96e74-ba8d-4e0c-9b3b-ad48e21bc62e'),
 ('179', 'Poland', 'PL', '0', '2016-09-07 23:25:41', '2016-09-07 23:25:41', 'f8341cb4-4d4f-46e8-8193-9cf563cfafc5'),
 ('180', 'St. Pierre and Miquelon', 'PM', '0', '2016-09-07 23:25:41', '2016-09-07 23:25:41', 'ebcb8776-0ea9-4719-a905-202b96aaa081'),
 ('181', 'Pitcairn', 'PN', '0', '2016-09-07 23:25:41', '2016-09-07 23:25:41', '3583452a-fc5e-41d5-91a2-9da08a34a33c'),
 ('182', 'Puerto Rico', 'PR', '0', '2016-09-07 23:25:41', '2016-09-07 23:25:41', '1dc2df3c-024a-4468-928a-adb65d02e608'),
 ('183', 'Palestinian Territory, Occupied', 'PS', '0', '2016-09-07 23:25:41', '2016-09-07 23:25:41', 'a695af45-eba2-448e-977e-bcf3b2ce7b83'),
 ('184', 'Portugal', 'PT', '0', '2016-09-07 23:25:41', '2016-09-07 23:25:41', 'fb0fb9ee-cf5a-4e9b-bc76-8ccba3b1bae9'),
 ('185', 'Palau', 'PW', '0', '2016-09-07 23:25:41', '2016-09-07 23:25:41', '1cd1e7d0-8fb7-4c36-8890-8d90744e62ad'),
 ('186', 'Paraguay', 'PY', '0', '2016-09-07 23:25:41', '2016-09-07 23:25:41', 'f6348c3f-899e-487e-89a3-dfe5c793155e'),
 ('187', 'Qatar', 'QA', '0', '2016-09-07 23:25:41', '2016-09-07 23:25:41', '7101cdc7-ec2f-4660-812d-6797c5e99542'),
 ('188', 'Reunion', 'RE', '0', '2016-09-07 23:25:41', '2016-09-07 23:25:41', 'c7f18ff6-aef0-4960-b4df-d472e835713d'),
 ('189', 'Romania', 'RO', '0', '2016-09-07 23:25:41', '2016-09-07 23:25:41', '1b53880a-6e9d-4edd-8eaf-5e0f90a06dac'),
 ('190', 'Republic of Serbia', 'RS', '0', '2016-09-07 23:25:41', '2016-09-07 23:25:41', '69df6705-f4de-4c5f-81df-70926d683274'),
 ('191', 'Russia', 'RU', '0', '2016-09-07 23:25:41', '2016-09-07 23:25:41', '4dbf9b09-290a-43f6-b90f-2356d3ceac87'),
 ('192', 'Rwanda', 'RW', '0', '2016-09-07 23:25:41', '2016-09-07 23:25:41', '95e709e7-83f8-4fdf-bba0-91fe8373a3e8'),
 ('193', 'Saudi Arabia', 'SA', '0', '2016-09-07 23:25:41', '2016-09-07 23:25:41', '9f279c5c-32b8-4f3c-9f8c-6d315a9ed50f'),
 ('194', 'Solomon Islands', 'SB', '0', '2016-09-07 23:25:41', '2016-09-07 23:25:41', 'e7a64af1-1307-4b34-bbbf-231f65ad52c1'),
 ('195', 'Seychelles', 'SC', '0', '2016-09-07 23:25:41', '2016-09-07 23:25:41', '021ddafc-da3c-4d28-aee1-27da6138de29'),
 ('196', 'Sudan', 'SD', '0', '2016-09-07 23:25:41', '2016-09-07 23:25:41', 'b91aa268-8fd6-4908-99de-c7c85192205e'),
 ('197', 'Sweden', 'SE', '0', '2016-09-07 23:25:41', '2016-09-07 23:25:41', '5b2c7ec5-4adc-4f26-95ed-e9815d2c8c09'),
 ('198', 'Singapore', 'SG', '0', '2016-09-07 23:25:41', '2016-09-07 23:25:41', '70a870cb-264c-414d-9cf4-228ecee70133'),
 ('199', 'St. Helena', 'SH', '0', '2016-09-07 23:25:41', '2016-09-07 23:25:41', '9b8e719b-98bc-4643-8100-c3fe9b332734'),
 ('200', 'Slovenia', 'SI', '0', '2016-09-07 23:25:41', '2016-09-07 23:25:41', '4ebb5c80-7645-410b-accf-622b860f791d');
INSERT INTO `craft_commerce_countries` (`id`, `name`, `iso`, `stateRequired`, `dateCreated`, `dateUpdated`, `uid`) VALUES
 ('201', 'Svalbard and Jan Mayen Islands', 'SJ', '0', '2016-09-07 23:25:41', '2016-09-07 23:25:41', '563c97d5-8bfb-4bf2-87e1-7215be6ffff2'),
 ('202', 'Slovak Republic', 'SK', '0', '2016-09-07 23:25:41', '2016-09-07 23:25:41', 'cea4cc1e-2e15-4d90-a5a7-5ef2d60da97b'),
 ('203', 'Sierra Leone', 'SL', '0', '2016-09-07 23:25:41', '2016-09-07 23:25:41', '8d4080d8-c5b8-4dca-bc34-e9acf26d789d'),
 ('204', 'San Marino', 'SM', '0', '2016-09-07 23:25:41', '2016-09-07 23:25:41', '1a4631c3-efd3-44e8-84ec-8a1d23c453dd'),
 ('205', 'Senegal', 'SN', '0', '2016-09-07 23:25:41', '2016-09-07 23:25:41', '78c9ebdf-5c05-47c2-ae81-c8fe9a844930'),
 ('206', 'Somalia', 'SO', '0', '2016-09-07 23:25:41', '2016-09-07 23:25:41', '5f8aac58-678c-426b-9bc0-3588a085a61c'),
 ('207', 'Suriname', 'SR', '0', '2016-09-07 23:25:41', '2016-09-07 23:25:41', '61d8ff0c-199c-4aa3-825a-8047b058d3e2'),
 ('208', 'South Sudan', 'SS', '0', '2016-09-07 23:25:41', '2016-09-07 23:25:41', 'e33b7565-b999-4728-b5dc-9b670b47e0c9'),
 ('209', 'Sao Tome and Principe', 'ST', '0', '2016-09-07 23:25:41', '2016-09-07 23:25:41', 'cbc3a2b4-72a7-4877-a1c2-95ec743c26fe'),
 ('210', 'El Salvador', 'SV', '0', '2016-09-07 23:25:41', '2016-09-07 23:25:41', '027b40a2-f8ff-4ca2-91d8-d1ff935fc729'),
 ('211', 'Sint Maarten (Dutch part)', 'SX', '0', '2016-09-07 23:25:41', '2016-09-07 23:25:41', '1e57de1f-6102-4a93-a95b-4b13768dc076'),
 ('212', 'Syria', 'SY', '0', '2016-09-07 23:25:41', '2016-09-07 23:25:41', '694f724c-f117-4947-ad59-8c1856d15fe3'),
 ('213', 'Swaziland', 'SZ', '0', '2016-09-07 23:25:41', '2016-09-07 23:25:41', '58270577-fc85-45e5-8c67-68285f6350da'),
 ('214', 'Turks and Caicos Islands', 'TC', '0', '2016-09-07 23:25:41', '2016-09-07 23:25:41', '09905b2b-3f74-4355-8157-c6a1a9d6c027'),
 ('215', 'Chad', 'TD', '0', '2016-09-07 23:25:41', '2016-09-07 23:25:41', '9d8943aa-b776-4d29-bcfd-22614ab5a556'),
 ('216', 'French Southern Territories', 'TF', '0', '2016-09-07 23:25:41', '2016-09-07 23:25:41', '79b6d696-70b4-4ccc-a9b1-e0db4effd248'),
 ('217', 'Togo', 'TG', '0', '2016-09-07 23:25:41', '2016-09-07 23:25:41', 'd595019b-4544-4750-b7f4-c4358f85ed4b'),
 ('218', 'Thailand', 'TH', '0', '2016-09-07 23:25:41', '2016-09-07 23:25:41', '6e7db4a4-8910-4def-ab4f-2a43b7fc3808'),
 ('219', 'Tajikistan', 'TJ', '0', '2016-09-07 23:25:41', '2016-09-07 23:25:41', 'e35c8bc3-c469-40ec-8978-462923458483'),
 ('220', 'Tokelau', 'TK', '0', '2016-09-07 23:25:41', '2016-09-07 23:25:41', '39c7420c-36b2-450c-9a2a-c4b7ebba0540'),
 ('221', 'Timor-Leste', 'TL', '0', '2016-09-07 23:25:41', '2016-09-07 23:25:41', '4ad46e23-de96-4648-aaab-70c54a3eec1b'),
 ('222', 'Turkmenistan', 'TM', '0', '2016-09-07 23:25:41', '2016-09-07 23:25:41', '46d03697-782b-44b0-936a-f8694b8b96d3'),
 ('223', 'Tunisia', 'TN', '0', '2016-09-07 23:25:41', '2016-09-07 23:25:41', 'f64a32ba-797c-45bb-a5af-f443653dd4cb'),
 ('224', 'Tonga', 'TO', '0', '2016-09-07 23:25:41', '2016-09-07 23:25:41', 'e084134b-43ab-4794-92e2-865fa2ad8dcc'),
 ('225', 'Turkey', 'TR', '0', '2016-09-07 23:25:41', '2016-09-07 23:25:41', '47e640d0-420b-40e5-97d8-c9bc8abea347'),
 ('226', 'Trinidad and Tobago', 'TT', '0', '2016-09-07 23:25:41', '2016-09-07 23:25:41', 'c8259148-d26c-439a-b63f-598ae8c8cccb'),
 ('227', 'Tuvalu', 'TV', '0', '2016-09-07 23:25:41', '2016-09-07 23:25:41', '2c03201f-d6e3-47d9-bf6d-00d95a886483'),
 ('228', 'Taiwan', 'TW', '0', '2016-09-07 23:25:41', '2016-09-07 23:25:41', 'd049ab82-bd94-4902-a771-96ca4162fe29'),
 ('229', 'Tanzania', 'TZ', '0', '2016-09-07 23:25:41', '2016-09-07 23:25:41', '5f4146f7-1d48-48e1-a4ac-976450b5bd56'),
 ('230', 'Ukraine', 'UA', '0', '2016-09-07 23:25:41', '2016-09-07 23:25:41', '70cb183c-3c64-4863-a352-4837a605d19e'),
 ('231', 'Uganda', 'UG', '0', '2016-09-07 23:25:41', '2016-09-07 23:25:41', '784b95ab-b08c-4364-8b82-0556341fcfd2'),
 ('232', 'United States Minor Outlying Islands', 'UM', '0', '2016-09-07 23:25:41', '2016-09-07 23:25:41', 'f9335ac5-f5cd-45d9-92a1-dc6b8b991583'),
 ('233', 'United States', 'US', '0', '2016-09-07 23:25:41', '2016-09-07 23:25:41', 'cb85542c-64df-48a8-89f4-941b133623f9'),
 ('234', 'Uruguay', 'UY', '0', '2016-09-07 23:25:41', '2016-09-07 23:25:41', 'dbd9bf2a-13b8-4e8f-8ee2-e748c920641d'),
 ('235', 'Uzbekistan', 'UZ', '0', '2016-09-07 23:25:41', '2016-09-07 23:25:41', 'fb3638e0-d70b-4c8c-ac35-9e11b062b2c5'),
 ('236', 'Vatican City State (Holy See)', 'VA', '0', '2016-09-07 23:25:41', '2016-09-07 23:25:41', '4dea591f-8986-4848-8433-f616ee5fc708'),
 ('237', 'Saint Vincent and the Grenadines', 'VC', '0', '2016-09-07 23:25:41', '2016-09-07 23:25:41', '4cb8db24-0cf9-43fc-92f2-e2ae84efeb60'),
 ('238', 'Venezuela', 'VE', '0', '2016-09-07 23:25:41', '2016-09-07 23:25:41', 'c2feb752-4ec6-4917-8fd8-62f68b708268'),
 ('239', 'Virgin Islands (British)', 'VG', '0', '2016-09-07 23:25:41', '2016-09-07 23:25:41', '869c1516-b238-4415-9184-89170d1dd1a2'),
 ('240', 'Virgin Islands (U.S.)', 'VI', '0', '2016-09-07 23:25:41', '2016-09-07 23:25:41', '5ffc705e-37a2-48e9-9335-3300026d3df8'),
 ('241', 'Viet Nam', 'VN', '0', '2016-09-07 23:25:41', '2016-09-07 23:25:41', '1237e0ef-80d7-4d41-a0d4-aed6a3fe857a'),
 ('242', 'Vanuatu', 'VU', '0', '2016-09-07 23:25:41', '2016-09-07 23:25:41', '6caa0722-5d86-417d-9ad8-e92c329d0cd5'),
 ('243', 'Wallis and Futuna Islands', 'WF', '0', '2016-09-07 23:25:41', '2016-09-07 23:25:41', 'bd745811-8df0-4b70-af1a-d3c197a2e17a'),
 ('244', 'Samoa', 'WS', '0', '2016-09-07 23:25:41', '2016-09-07 23:25:41', '9eb98c6c-53c0-4b82-a1f0-9a19e984e6cc'),
 ('245', 'Yemen', 'YE', '0', '2016-09-07 23:25:41', '2016-09-07 23:25:41', 'f03d3886-aa10-4fc1-b302-30e6d15e30ac'),
 ('246', 'Mayotte', 'YT', '0', '2016-09-07 23:25:41', '2016-09-07 23:25:41', '8e0869fb-bc0c-408b-9a32-20c3d08a8ebb'),
 ('247', 'South Africa', 'ZA', '0', '2016-09-07 23:25:41', '2016-09-07 23:25:41', '3cbc6fa6-ff7b-4771-8364-6c77e64c0155'),
 ('248', 'Zambia', 'ZM', '0', '2016-09-07 23:25:41', '2016-09-07 23:25:41', 'e7df9090-cd4a-40fe-bc98-ee67b0de54d8'),
 ('249', 'Zimbabwe', 'ZW', '0', '2016-09-07 23:25:41', '2016-09-07 23:25:41', 'ad44354a-57d1-463a-844a-578ff611bdb0');



DROP TABLE IF EXISTS `craft_commerce_customer_discountuses`;


--
-- Schema for table `craft_commerce_customer_discountuses`
--
CREATE TABLE `craft_commerce_customer_discountuses` (
  `id` int(11) NOT NULL AUTO_INCREMENT,
  `discountId` int(10) NOT NULL,
  `customerId` int(10) NOT NULL,
  `uses` int(10) unsigned NOT NULL,
  `dateCreated` datetime NOT NULL,
  `dateUpdated` datetime NOT NULL,
  `uid` char(36) COLLATE utf8_unicode_ci NOT NULL DEFAULT '0',
  PRIMARY KEY (`id`),
  UNIQUE KEY `craft_commerce_customer_discountuses_customerId_discountId_unq_i` (`customerId`,`discountId`),
  KEY `craft_commerce_customer_discountuses_discountId_fk` (`discountId`)
) ENGINE=InnoDB DEFAULT CHARSET=utf8 COLLATE=utf8_unicode_ci;

DROP TABLE IF EXISTS `craft_commerce_customers`;


--
-- Schema for table `craft_commerce_customers`
--
CREATE TABLE `craft_commerce_customers` (
  `id` int(11) NOT NULL AUTO_INCREMENT,
  `userId` int(11) DEFAULT NULL,
  `email` varchar(255) COLLATE utf8_unicode_ci DEFAULT NULL,
  `lastUsedBillingAddressId` int(10) DEFAULT NULL,
  `lastUsedShippingAddressId` int(10) DEFAULT NULL,
  `dateCreated` datetime NOT NULL,
  `dateUpdated` datetime NOT NULL,
  `uid` char(36) COLLATE utf8_unicode_ci NOT NULL DEFAULT '0',
  PRIMARY KEY (`id`),
  KEY `craft_commerce_customers_userId_fk` (`userId`)
) ENGINE=InnoDB AUTO_INCREMENT=4 DEFAULT CHARSET=utf8 COLLATE=utf8_unicode_ci;

--
-- Data for table `craft_commerce_customers`
--

INSERT INTO `craft_commerce_customers` (`id`, `userId`, `email`, `lastUsedBillingAddressId`, `lastUsedShippingAddressId`, `dateCreated`, `dateUpdated`, `uid`) VALUES
 ('1', '1', 'jmdesiderio@gmail.com', NULL, NULL, '2016-09-07 23:30:16', '2016-09-07 23:30:16', 'cfeba0be-ffe9-4b2a-9585-40cf407835f3'),
 ('2', NULL, NULL, NULL, NULL, '2016-09-07 23:31:01', '2016-09-07 23:31:01', '55f31538-d767-4458-bce0-67fe45fa14c7'),
 ('3', NULL, 'peter.hwang@ab-inbev.com', NULL, NULL, '2016-09-08 02:36:44', '2016-09-08 02:36:44', '7e9b692d-ac3b-45d5-87ec-444b8e519176');



DROP TABLE IF EXISTS `craft_commerce_customers_addresses`;


--
-- Schema for table `craft_commerce_customers_addresses`
--
CREATE TABLE `craft_commerce_customers_addresses` (
  `id` int(11) NOT NULL AUTO_INCREMENT,
  `customerId` int(11) NOT NULL,
  `addressId` int(11) NOT NULL,
  `dateCreated` datetime NOT NULL,
  `dateUpdated` datetime NOT NULL,
  `uid` char(36) COLLATE utf8_unicode_ci NOT NULL DEFAULT '0',
  PRIMARY KEY (`id`),
  UNIQUE KEY `craft_commerce_customers_addresses_customerId_addressId_unq_idx` (`customerId`,`addressId`),
  KEY `craft_commerce_customers_addresses_customerId_idx` (`customerId`),
  KEY `craft_commerce_customers_addresses_addressId_idx` (`addressId`)
) ENGINE=InnoDB DEFAULT CHARSET=utf8 COLLATE=utf8_unicode_ci;

DROP TABLE IF EXISTS `craft_commerce_discount_products`;


--
-- Schema for table `craft_commerce_discount_products`
--
CREATE TABLE `craft_commerce_discount_products` (
  `id` int(11) NOT NULL AUTO_INCREMENT,
  `discountId` int(10) NOT NULL,
  `productId` int(10) NOT NULL,
  `dateCreated` datetime NOT NULL,
  `dateUpdated` datetime NOT NULL,
  `uid` char(36) COLLATE utf8_unicode_ci NOT NULL DEFAULT '0',
  PRIMARY KEY (`id`),
  UNIQUE KEY `craft_commerce_discount_products_discountId_productId_unq_idx` (`discountId`,`productId`),
  KEY `craft_commerce_discount_products_productId_fk` (`productId`)
) ENGINE=InnoDB DEFAULT CHARSET=utf8 COLLATE=utf8_unicode_ci;

DROP TABLE IF EXISTS `craft_commerce_discount_producttypes`;


--
-- Schema for table `craft_commerce_discount_producttypes`
--
CREATE TABLE `craft_commerce_discount_producttypes` (
  `id` int(11) NOT NULL AUTO_INCREMENT,
  `discountId` int(10) NOT NULL,
  `productTypeId` int(10) NOT NULL,
  `dateCreated` datetime NOT NULL,
  `dateUpdated` datetime NOT NULL,
  `uid` char(36) COLLATE utf8_unicode_ci NOT NULL DEFAULT '0',
  PRIMARY KEY (`id`),
  UNIQUE KEY `craft_commerc_discoun_producttype_discountI_productTypeI_unq_idx` (`discountId`,`productTypeId`),
  KEY `craft_commerce_discount_producttypes_productTypeId_fk` (`productTypeId`)
) ENGINE=InnoDB DEFAULT CHARSET=utf8 COLLATE=utf8_unicode_ci;

DROP TABLE IF EXISTS `craft_commerce_discount_usergroups`;


--
-- Schema for table `craft_commerce_discount_usergroups`
--
CREATE TABLE `craft_commerce_discount_usergroups` (
  `id` int(11) NOT NULL AUTO_INCREMENT,
  `discountId` int(10) NOT NULL,
  `userGroupId` int(10) NOT NULL,
  `dateCreated` datetime NOT NULL,
  `dateUpdated` datetime NOT NULL,
  `uid` char(36) COLLATE utf8_unicode_ci NOT NULL DEFAULT '0',
  PRIMARY KEY (`id`),
  UNIQUE KEY `craft_commerce_discount_usergroups_discountId_userGroupId_unq_id` (`discountId`,`userGroupId`),
  KEY `craft_commerce_discount_usergroups_userGroupId_fk` (`userGroupId`)
) ENGINE=InnoDB DEFAULT CHARSET=utf8 COLLATE=utf8_unicode_ci;

DROP TABLE IF EXISTS `craft_commerce_discounts`;


--
-- Schema for table `craft_commerce_discounts`
--
CREATE TABLE `craft_commerce_discounts` (
  `id` int(11) NOT NULL AUTO_INCREMENT,
  `name` varchar(255) COLLATE utf8_unicode_ci NOT NULL,
  `description` text COLLATE utf8_unicode_ci,
  `code` varchar(255) COLLATE utf8_unicode_ci DEFAULT NULL,
  `perUserLimit` int(10) unsigned NOT NULL DEFAULT '0',
  `perEmailLimit` int(10) unsigned NOT NULL DEFAULT '0',
  `totalUseLimit` int(10) unsigned NOT NULL DEFAULT '0',
  `totalUses` int(10) unsigned NOT NULL DEFAULT '0',
  `dateFrom` datetime DEFAULT NULL,
  `dateTo` datetime DEFAULT NULL,
  `purchaseTotal` int(10) NOT NULL DEFAULT '0',
  `purchaseQty` int(10) NOT NULL DEFAULT '0',
  `baseDiscount` decimal(14,4) NOT NULL DEFAULT '0.0000',
  `perItemDiscount` decimal(14,4) NOT NULL DEFAULT '0.0000',
  `percentDiscount` decimal(14,4) NOT NULL DEFAULT '0.0000',
  `excludeOnSale` tinyint(1) unsigned NOT NULL DEFAULT '0',
  `freeShipping` tinyint(1) unsigned NOT NULL DEFAULT '0',
  `allGroups` tinyint(1) unsigned NOT NULL DEFAULT '0',
  `allProducts` tinyint(1) unsigned NOT NULL DEFAULT '0',
  `allProductTypes` tinyint(1) unsigned NOT NULL DEFAULT '0',
  `enabled` tinyint(1) unsigned NOT NULL DEFAULT '1',
  `dateCreated` datetime NOT NULL,
  `dateUpdated` datetime NOT NULL,
  `uid` char(36) COLLATE utf8_unicode_ci NOT NULL DEFAULT '0',
  PRIMARY KEY (`id`),
  UNIQUE KEY `craft_commerce_discounts_code_unq_idx` (`code`),
  KEY `craft_commerce_discounts_dateFrom_idx` (`dateFrom`),
  KEY `craft_commerce_discounts_dateTo_idx` (`dateTo`)
) ENGINE=InnoDB DEFAULT CHARSET=utf8 COLLATE=utf8_unicode_ci;

DROP TABLE IF EXISTS `craft_commerce_emails`;


--
-- Schema for table `craft_commerce_emails`
--
CREATE TABLE `craft_commerce_emails` (
  `id` int(11) NOT NULL AUTO_INCREMENT,
  `name` varchar(255) COLLATE utf8_unicode_ci NOT NULL,
  `subject` varchar(255) COLLATE utf8_unicode_ci NOT NULL,
  `to` varchar(255) COLLATE utf8_unicode_ci NOT NULL,
  `bcc` varchar(255) COLLATE utf8_unicode_ci DEFAULT NULL,
  `enabled` tinyint(1) unsigned NOT NULL DEFAULT '0',
  `templatePath` varchar(255) COLLATE utf8_unicode_ci NOT NULL,
  `dateCreated` datetime NOT NULL,
  `dateUpdated` datetime NOT NULL,
  `uid` char(36) COLLATE utf8_unicode_ci NOT NULL DEFAULT '0',
  PRIMARY KEY (`id`)
) ENGINE=InnoDB DEFAULT CHARSET=utf8 COLLATE=utf8_unicode_ci;

DROP TABLE IF EXISTS `craft_commerce_lineitems`;


--
-- Schema for table `craft_commerce_lineitems`
--
CREATE TABLE `craft_commerce_lineitems` (
  `id` int(11) NOT NULL AUTO_INCREMENT,
  `orderId` int(11) NOT NULL,
  `purchasableId` int(11) DEFAULT NULL,
  `options` text COLLATE utf8_unicode_ci,
  `optionsSignature` varchar(255) COLLATE utf8_unicode_ci NOT NULL,
  `price` decimal(14,4) unsigned NOT NULL,
  `saleAmount` decimal(14,4) NOT NULL DEFAULT '0.0000',
  `salePrice` decimal(14,4) NOT NULL DEFAULT '0.0000',
  `tax` decimal(14,4) NOT NULL DEFAULT '0.0000',
  `taxIncluded` decimal(14,4) NOT NULL DEFAULT '0.0000',
  `shippingCost` decimal(14,4) unsigned NOT NULL DEFAULT '0.0000',
  `discount` decimal(14,4) NOT NULL DEFAULT '0.0000',
  `weight` decimal(14,4) unsigned NOT NULL DEFAULT '0.0000',
  `height` decimal(14,4) unsigned NOT NULL DEFAULT '0.0000',
  `length` decimal(14,4) unsigned NOT NULL DEFAULT '0.0000',
  `width` decimal(14,4) unsigned NOT NULL DEFAULT '0.0000',
  `total` decimal(14,4) unsigned NOT NULL DEFAULT '0.0000',
  `qty` int(10) unsigned NOT NULL,
  `note` text COLLATE utf8_unicode_ci,
  `snapshot` text COLLATE utf8_unicode_ci NOT NULL,
  `taxCategoryId` int(10) NOT NULL,
  `dateCreated` datetime NOT NULL,
  `dateUpdated` datetime NOT NULL,
  `uid` char(36) COLLATE utf8_unicode_ci NOT NULL DEFAULT '0',
  PRIMARY KEY (`id`),
  UNIQUE KEY `craf_commerc_lineitem_orderI_purchasableI_optionsSignatu_unq_idx` (`orderId`,`purchasableId`,`optionsSignature`),
  KEY `craft_commerce_lineitems_purchasableId_fk` (`purchasableId`),
  KEY `craft_commerce_lineitems_taxCategoryId_fk` (`taxCategoryId`)
) ENGINE=InnoDB AUTO_INCREMENT=2 DEFAULT CHARSET=utf8 COLLATE=utf8_unicode_ci;

--
-- Data for table `craft_commerce_lineitems`
--

INSERT INTO `craft_commerce_lineitems` (`id`, `orderId`, `purchasableId`, `options`, `optionsSignature`, `price`, `saleAmount`, `salePrice`, `tax`, `taxIncluded`, `shippingCost`, `discount`, `weight`, `height`, `length`, `width`, `total`, `qty`, `note`, `snapshot`, `taxCategoryId`, `dateCreated`, `dateUpdated`, `uid`) VALUES
 ('1', '11', '4', '{\"giftWrapped\":\"no\"}', '3e4afd673bf6ab55b4118b13d600b211', '10.0000', '0.0000', '10.0000', '0.0000', '0.0000', '0.0000', '0.0000', '0.0000', '0.0000', '0.0000', '0.0000', '10.0000', '1', NULL, '{\"id\":\"4\",\"enabled\":\"1\",\"archived\":\"0\",\"locale\":\"en_us\",\"localeEnabled\":\"1\",\"slug\":\"a-new-toga\",\"uri\":null,\"dateCreated\":\"2016-09-07 23:25:40\",\"dateUpdated\":\"2016-09-07 23:25:40\",\"root\":null,\"lft\":null,\"rgt\":null,\"level\":null,\"searchScore\":null,\"productId\":\"3\",\"isDefault\":\"1\",\"sku\":\"A New Toga\",\"price\":\"10.0000\",\"sortOrder\":null,\"width\":\"0.0000\",\"height\":\"0.0000\",\"length\":\"0.0000\",\"weight\":\"0.0000\",\"stock\":\"0\",\"unlimitedStock\":\"1\",\"minQty\":null,\"maxQty\":null,\"onSale\":0,\"cpEditUrl\":\"#\",\"product\":{\"id\":\"3\",\"enabled\":\"1\",\"archived\":\"0\",\"locale\":\"en_us\",\"localeEnabled\":\"1\",\"slug\":\"a-new-toga\",\"uri\":\"commerce\\/products\\/a-new-toga\",\"dateCreated\":\"2016-09-07 23:25:40\",\"dateUpdated\":\"2016-09-07 23:25:40\",\"root\":null,\"lft\":null,\"rgt\":null,\"level\":null,\"searchScore\":null,\"typeId\":\"1\",\"taxCategoryId\":\"1\",\"promotable\":\"1\",\"freeShipping\":\"0\",\"postDate\":\"2016-09-07 23:25:40\",\"expiryDate\":null,\"defaultVariantId\":\"4\",\"defaultSku\":\"A New Toga\",\"defaultPrice\":\"10.0000\",\"defaultHeight\":\"0.0000\",\"defaultLength\":\"0.0000\",\"defaultWidth\":\"0.0000\",\"defaultWeight\":\"0.0000\",\"title\":\"A New Toga\"},\"description\":\"A New Toga\",\"purchasableId\":\"4\",\"options\":{\"giftWrapped\":\"no\"}}', '1', '2016-09-07 23:30:16', '2016-09-07 23:30:16', '79e4e915-13f2-4020-ada9-289249492d29');



DROP TABLE IF EXISTS `craft_commerce_orderadjustments`;


--
-- Schema for table `craft_commerce_orderadjustments`
--
CREATE TABLE `craft_commerce_orderadjustments` (
  `id` int(11) NOT NULL AUTO_INCREMENT,
  `type` varchar(255) COLLATE utf8_unicode_ci NOT NULL,
  `name` varchar(255) COLLATE utf8_unicode_ci DEFAULT NULL,
  `description` varchar(255) COLLATE utf8_unicode_ci DEFAULT NULL,
  `amount` decimal(14,4) NOT NULL,
  `included` tinyint(1) unsigned NOT NULL DEFAULT '0',
  `optionsJson` text COLLATE utf8_unicode_ci NOT NULL,
  `orderId` int(10) NOT NULL,
  `dateCreated` datetime NOT NULL,
  `dateUpdated` datetime NOT NULL,
  `uid` char(36) COLLATE utf8_unicode_ci NOT NULL DEFAULT '0',
  PRIMARY KEY (`id`),
  KEY `craft_commerce_orderadjustments_orderId_idx` (`orderId`)
) ENGINE=InnoDB DEFAULT CHARSET=utf8 COLLATE=utf8_unicode_ci;

DROP TABLE IF EXISTS `craft_commerce_orderhistories`;


--
-- Schema for table `craft_commerce_orderhistories`
--
CREATE TABLE `craft_commerce_orderhistories` (
  `id` int(11) NOT NULL AUTO_INCREMENT,
  `prevStatusId` int(11) DEFAULT NULL,
  `newStatusId` int(11) DEFAULT NULL,
  `orderId` int(10) NOT NULL,
  `customerId` int(10) NOT NULL,
  `message` text COLLATE utf8_unicode_ci,
  `dateCreated` datetime NOT NULL,
  `dateUpdated` datetime NOT NULL,
  `uid` char(36) COLLATE utf8_unicode_ci NOT NULL DEFAULT '0',
  PRIMARY KEY (`id`),
  KEY `craft_commerce_orderhistories_orderId_fk` (`orderId`),
  KEY `craft_commerce_orderhistories_prevStatusId_fk` (`prevStatusId`),
  KEY `craft_commerce_orderhistories_newStatusId_fk` (`newStatusId`),
  KEY `craft_commerce_orderhistories_customerId_fk` (`customerId`)
) ENGINE=InnoDB DEFAULT CHARSET=utf8 COLLATE=utf8_unicode_ci;

DROP TABLE IF EXISTS `craft_commerce_orders`;


--
-- Schema for table `craft_commerce_orders`
--
CREATE TABLE `craft_commerce_orders` (
  `billingAddressId` int(11) DEFAULT NULL,
  `shippingAddressId` int(11) DEFAULT NULL,
  `paymentMethodId` int(11) DEFAULT NULL,
  `customerId` int(11) DEFAULT NULL,
  `id` int(11) NOT NULL,
  `orderStatusId` int(11) DEFAULT NULL,
  `number` varchar(32) COLLATE utf8_unicode_ci DEFAULT NULL,
  `couponCode` varchar(255) COLLATE utf8_unicode_ci DEFAULT NULL,
  `itemTotal` decimal(14,4) DEFAULT '0.0000',
  `baseDiscount` decimal(14,4) DEFAULT '0.0000',
  `baseShippingCost` decimal(14,4) DEFAULT '0.0000',
  `totalPrice` decimal(14,4) DEFAULT '0.0000',
  `totalPaid` decimal(14,4) DEFAULT '0.0000',
  `email` varchar(255) COLLATE utf8_unicode_ci DEFAULT NULL,
  `isCompleted` tinyint(1) unsigned NOT NULL DEFAULT '0',
  `dateOrdered` datetime DEFAULT NULL,
  `datePaid` datetime DEFAULT NULL,
  `currency` varchar(255) COLLATE utf8_unicode_ci DEFAULT NULL,
  `lastIp` varchar(255) COLLATE utf8_unicode_ci DEFAULT NULL,
  `message` varchar(255) COLLATE utf8_unicode_ci DEFAULT NULL,
  `returnUrl` varchar(255) COLLATE utf8_unicode_ci DEFAULT NULL,
  `cancelUrl` varchar(255) COLLATE utf8_unicode_ci DEFAULT NULL,
  `shippingMethod` varchar(255) COLLATE utf8_unicode_ci DEFAULT NULL,
  `dateCreated` datetime NOT NULL,
  `dateUpdated` datetime NOT NULL,
  `uid` char(36) COLLATE utf8_unicode_ci NOT NULL DEFAULT '0',
  PRIMARY KEY (`id`),
  KEY `craft_commerce_orders_number_idx` (`number`),
  KEY `craft_commerce_orders_billingAddressId_fk` (`billingAddressId`),
  KEY `craft_commerce_orders_shippingAddressId_fk` (`shippingAddressId`),
  KEY `craft_commerce_orders_paymentMethodId_fk` (`paymentMethodId`),
  KEY `craft_commerce_orders_customerId_fk` (`customerId`),
  KEY `craft_commerce_orders_orderStatusId_fk` (`orderStatusId`)
) ENGINE=InnoDB DEFAULT CHARSET=utf8 COLLATE=utf8_unicode_ci;

--
-- Data for table `craft_commerce_orders`
--

INSERT INTO `craft_commerce_orders` (`billingAddressId`, `shippingAddressId`, `paymentMethodId`, `customerId`, `id`, `orderStatusId`, `number`, `couponCode`, `itemTotal`, `baseDiscount`, `baseShippingCost`, `totalPrice`, `totalPaid`, `email`, `isCompleted`, `dateOrdered`, `datePaid`, `currency`, `lastIp`, `message`, `returnUrl`, `cancelUrl`, `shippingMethod`, `dateCreated`, `dateUpdated`, `uid`) VALUES
 (NULL, NULL, '1', '1', '11', NULL, '0795f90ed5809102c87099b8789e4d51', NULL, '10.0000', '0.0000', '0.0000', '10.0000', '0.0000', 'jmdesiderio@gmail.com', '0', NULL, NULL, 'USD', NULL, NULL, NULL, NULL, NULL, '2016-09-07 23:30:16', '2016-09-07 23:30:16', '61942d17-0f91-4bce-b00c-168b175fbab0'),
 (NULL, NULL, '1', '1', '12', NULL, '8c91c70ba6e0586956c8a82e166d46f7', NULL, '0.0000', '0.0000', '0.0000', '0.0000', '0.0000', 'jmdesiderio@gmail.com', '0', NULL, NULL, 'USD', NULL, NULL, NULL, NULL, NULL, '2016-09-07 23:30:43', '2016-09-12 23:47:48', 'd614811c-ea34-4cb8-9e88-5a3c116b6a64');



DROP TABLE IF EXISTS `craft_commerce_ordersettings`;


--
-- Schema for table `craft_commerce_ordersettings`
--
CREATE TABLE `craft_commerce_ordersettings` (
  `id` int(11) NOT NULL AUTO_INCREMENT,
  `fieldLayoutId` int(11) DEFAULT NULL,
  `name` varchar(255) COLLATE utf8_unicode_ci NOT NULL,
  `handle` varchar(255) COLLATE utf8_unicode_ci NOT NULL,
  `dateCreated` datetime NOT NULL,
  `dateUpdated` datetime NOT NULL,
  `uid` char(36) COLLATE utf8_unicode_ci NOT NULL DEFAULT '0',
  PRIMARY KEY (`id`),
  UNIQUE KEY `craft_commerce_ordersettings_handle_unq_idx` (`handle`),
  KEY `craft_commerce_ordersettings_fieldLayoutId_fk` (`fieldLayoutId`)
) ENGINE=InnoDB AUTO_INCREMENT=2 DEFAULT CHARSET=utf8 COLLATE=utf8_unicode_ci;

--
-- Data for table `craft_commerce_ordersettings`
--

INSERT INTO `craft_commerce_ordersettings` (`id`, `fieldLayoutId`, `name`, `handle`, `dateCreated`, `dateUpdated`, `uid`) VALUES
 ('1', '4', 'Order', 'order', '2016-09-07 23:25:40', '2016-09-07 23:25:40', '50dc8436-f1bc-4826-826c-163630878a34');



DROP TABLE IF EXISTS `craft_commerce_orderstatus_emails`;


--
-- Schema for table `craft_commerce_orderstatus_emails`
--
CREATE TABLE `craft_commerce_orderstatus_emails` (
  `id` int(11) NOT NULL AUTO_INCREMENT,
  `orderStatusId` int(11) NOT NULL,
  `emailId` int(11) NOT NULL,
  `dateCreated` datetime NOT NULL,
  `dateUpdated` datetime NOT NULL,
  `uid` char(36) COLLATE utf8_unicode_ci NOT NULL DEFAULT '0',
  PRIMARY KEY (`id`),
  KEY `craft_commerce_orderstatus_emails_orderStatusId_fk` (`orderStatusId`),
  KEY `craft_commerce_orderstatus_emails_emailId_fk` (`emailId`)
) ENGINE=InnoDB DEFAULT CHARSET=utf8 COLLATE=utf8_unicode_ci;

DROP TABLE IF EXISTS `craft_commerce_orderstatuses`;


--
-- Schema for table `craft_commerce_orderstatuses`
--
CREATE TABLE `craft_commerce_orderstatuses` (
  `id` int(11) NOT NULL AUTO_INCREMENT,
  `name` varchar(255) COLLATE utf8_unicode_ci NOT NULL,
  `handle` varchar(255) COLLATE utf8_unicode_ci NOT NULL,
  `color` enum('green','orange','red','blue','yellow','pink','purple','turquoise','light','grey','black') COLLATE utf8_unicode_ci NOT NULL DEFAULT 'green',
  `sortOrder` int(10) DEFAULT NULL,
  `default` tinyint(1) unsigned NOT NULL DEFAULT '0',
  `dateCreated` datetime NOT NULL,
  `dateUpdated` datetime NOT NULL,
  `uid` char(36) COLLATE utf8_unicode_ci NOT NULL DEFAULT '0',
  PRIMARY KEY (`id`)
) ENGINE=InnoDB AUTO_INCREMENT=3 DEFAULT CHARSET=utf8 COLLATE=utf8_unicode_ci;

--
-- Data for table `craft_commerce_orderstatuses`
--

INSERT INTO `craft_commerce_orderstatuses` (`id`, `name`, `handle`, `color`, `sortOrder`, `default`, `dateCreated`, `dateUpdated`, `uid`) VALUES
 ('1', 'Processing', 'processing', 'green', '999', '1', '2016-09-07 23:25:40', '2016-09-07 23:25:40', '7682bc14-bc26-4ef2-8227-ac5aa5c50c99'),
 ('2', 'Shipped', 'shipped', 'blue', '999', '0', '2016-09-07 23:25:40', '2016-09-07 23:25:40', 'ca79029b-0b53-49bb-ba5a-3939e6da5972');



DROP TABLE IF EXISTS `craft_commerce_paymentmethods`;


--
-- Schema for table `craft_commerce_paymentmethods`
--
CREATE TABLE `craft_commerce_paymentmethods` (
  `id` int(11) NOT NULL AUTO_INCREMENT,
  `class` varchar(255) COLLATE utf8_unicode_ci NOT NULL,
  `name` varchar(255) COLLATE utf8_unicode_ci NOT NULL,
  `settings` text COLLATE utf8_unicode_ci,
  `paymentType` enum('authorize','purchase') COLLATE utf8_unicode_ci NOT NULL DEFAULT 'purchase',
  `frontendEnabled` tinyint(1) unsigned NOT NULL DEFAULT '0',
  `isArchived` tinyint(1) unsigned NOT NULL DEFAULT '0',
  `dateArchived` datetime DEFAULT NULL,
  `sortOrder` int(10) DEFAULT NULL,
  `dateCreated` datetime NOT NULL,
  `dateUpdated` datetime NOT NULL,
  `uid` char(36) COLLATE utf8_unicode_ci NOT NULL DEFAULT '0',
  PRIMARY KEY (`id`),
  UNIQUE KEY `craft_commerce_paymentmethods_name_unq_idx` (`name`)
) ENGINE=InnoDB AUTO_INCREMENT=2 DEFAULT CHARSET=utf8 COLLATE=utf8_unicode_ci;

--
-- Data for table `craft_commerce_paymentmethods`
--

INSERT INTO `craft_commerce_paymentmethods` (`id`, `class`, `name`, `settings`, `paymentType`, `frontendEnabled`, `isArchived`, `dateArchived`, `sortOrder`, `dateCreated`, `dateUpdated`, `uid`) VALUES
 ('1', 'Dummy', 'Dummy', '[]', 'purchase', '1', '0', NULL, NULL, '2016-09-07 23:25:40', '2016-09-07 23:25:40', '60c1ac9d-bbd4-4e49-a4da-4a8fb000d214');



DROP TABLE IF EXISTS `craft_commerce_products`;


--
-- Schema for table `craft_commerce_products`
--
CREATE TABLE `craft_commerce_products` (
  `id` int(11) NOT NULL,
  `typeId` int(11) DEFAULT NULL,
  `taxCategoryId` int(11) NOT NULL,
  `postDate` datetime DEFAULT NULL,
  `expiryDate` datetime DEFAULT NULL,
  `promotable` tinyint(1) unsigned NOT NULL DEFAULT '0',
  `freeShipping` tinyint(1) unsigned NOT NULL DEFAULT '0',
  `defaultVariantId` int(10) DEFAULT NULL,
  `defaultSku` varchar(255) COLLATE utf8_unicode_ci DEFAULT NULL,
  `defaultPrice` decimal(14,4) DEFAULT NULL,
  `defaultHeight` decimal(14,4) DEFAULT NULL,
  `defaultLength` decimal(14,4) DEFAULT NULL,
  `defaultWidth` decimal(14,4) DEFAULT NULL,
  `defaultWeight` decimal(14,4) DEFAULT NULL,
  `dateCreated` datetime NOT NULL,
  `dateUpdated` datetime NOT NULL,
  `uid` char(36) COLLATE utf8_unicode_ci NOT NULL DEFAULT '0',
  PRIMARY KEY (`id`),
  KEY `craft_commerce_products_typeId_idx` (`typeId`),
  KEY `craft_commerce_products_postDate_idx` (`postDate`),
  KEY `craft_commerce_products_expiryDate_idx` (`expiryDate`),
  KEY `craft_commerce_products_taxCategoryId_fk` (`taxCategoryId`)
) ENGINE=InnoDB DEFAULT CHARSET=utf8 COLLATE=utf8_unicode_ci;

--
-- Data for table `craft_commerce_products`
--

INSERT INTO `craft_commerce_products` (`id`, `typeId`, `taxCategoryId`, `postDate`, `expiryDate`, `promotable`, `freeShipping`, `defaultVariantId`, `defaultSku`, `defaultPrice`, `defaultHeight`, `defaultLength`, `defaultWidth`, `defaultWeight`, `dateCreated`, `dateUpdated`, `uid`) VALUES
 ('3', '1', '1', '2016-09-07 23:25:00', NULL, '1', '0', '4', 'AGMM-B-355-1', '50.5000', '0.0000', '0.0000', '0.0000', '0.0000', '2016-09-07 23:25:40', '2016-09-08 15:37:25', 'e4c6bedb-6bfc-42fc-ad63-126efb850a7d'),
 ('5', '1', '1', '2016-09-07 23:25:00', NULL, '1', '0', '6', 'FRWH-B-500-1', '39.0000', '0.0000', '0.0000', '0.0000', '0.0000', '2016-09-07 23:25:40', '2016-09-08 15:39:29', 'f9b5cdd9-d8b4-4a76-a57f-5562d2fab4e8'),
 ('7', '1', '1', '2016-09-07 23:25:00', NULL, '1', '0', '8', 'BEC-B-275-1', '25.0000', '0.0000', '0.0000', '0.0000', '0.0000', '2016-09-07 23:25:40', '2016-09-08 15:41:03', '7b9728c0-8a2c-46ca-a079-5b3ab43ad25f'),
 ('9', '1', '1', '2016-09-07 23:25:00', NULL, '1', '0', '10', 'LEFBR-B-330-1', '29.5000', '0.0000', '0.0000', '0.0000', '0.0000', '2016-09-07 23:25:40', '2016-09-08 16:07:19', 'e23c2e8d-8fee-4218-9859-3b27558d2156'),
 ('19', '4', '1', '2016-09-08 15:37:12', NULL, '1', '0', '20', 'STE-GW-11-1', '100.0000', '0.0000', '0.0000', '0.0000', '0.0000', '2016-09-08 15:37:12', '2016-09-08 15:37:12', '45c4e63b-3bc8-42df-9670-214e81edd3f0'),
 ('47', '1', '1', '2016-09-08 22:43:02', NULL, '1', '0', '49', 'LEF-B-330-1', '50.0000', '0.0000', '0.0000', '0.0000', '0.0000', '2016-09-08 22:43:02', '2016-09-08 22:43:02', '60cbf08b-03a4-42e2-916f-29a1a134d145'),
 ('55', '4', '1', '2016-09-08 22:44:14', NULL, '1', '0', '56', 'LEF-GW-01-1', '150.0000', '0.0000', '0.0000', '0.0000', '0.0000', '2016-09-08 22:44:14', '2016-09-08 22:44:14', '6584f652-30b4-4ee5-8174-8818e2d78c39'),
 ('58', '2', '1', '2016-09-08 22:45:44', NULL, '1', '0', '61', 'FLM-BP-10', '700.0000', '0.0000', '0.0000', '0.0000', '0.0000', '2016-09-08 22:45:44', '2016-09-08 22:45:44', '5f8bfa66-1ae2-45a1-bd29-70abf2cf1d81');



DROP TABLE IF EXISTS `craft_commerce_producttypes`;


--
-- Schema for table `craft_commerce_producttypes`
--
CREATE TABLE `craft_commerce_producttypes` (
  `id` int(11) NOT NULL AUTO_INCREMENT,
  `fieldLayoutId` int(11) DEFAULT NULL,
  `variantFieldLayoutId` int(11) DEFAULT NULL,
  `name` varchar(255) COLLATE utf8_unicode_ci NOT NULL,
  `handle` varchar(255) COLLATE utf8_unicode_ci NOT NULL,
  `hasUrls` tinyint(1) unsigned NOT NULL DEFAULT '0',
  `hasDimensions` tinyint(1) unsigned NOT NULL DEFAULT '0',
  `hasVariants` tinyint(1) unsigned NOT NULL DEFAULT '0',
  `hasVariantTitleField` tinyint(1) unsigned NOT NULL DEFAULT '1',
  `titleFormat` varchar(255) COLLATE utf8_unicode_ci NOT NULL,
  `skuFormat` varchar(255) COLLATE utf8_unicode_ci DEFAULT NULL,
  `template` varchar(500) COLLATE utf8_unicode_ci DEFAULT NULL,
  `dateCreated` datetime NOT NULL,
  `dateUpdated` datetime NOT NULL,
  `uid` char(36) COLLATE utf8_unicode_ci NOT NULL DEFAULT '0',
  PRIMARY KEY (`id`),
  UNIQUE KEY `craft_commerce_producttypes_handle_unq_idx` (`handle`),
  KEY `craft_commerce_producttypes_fieldLayoutId_fk` (`fieldLayoutId`),
  KEY `craft_commerce_producttypes_variantFieldLayoutId_fk` (`variantFieldLayoutId`)
) ENGINE=InnoDB AUTO_INCREMENT=7 DEFAULT CHARSET=utf8 COLLATE=utf8_unicode_ci;

--
-- Data for table `craft_commerce_producttypes`
--

INSERT INTO `craft_commerce_producttypes` (`id`, `fieldLayoutId`, `variantFieldLayoutId`, `name`, `handle`, `hasUrls`, `hasDimensions`, `hasVariants`, `hasVariantTitleField`, `titleFormat`, `skuFormat`, `template`, `dateCreated`, `dateUpdated`, `uid`) VALUES
 ('1', '109', '110', 'Beer', 'beer', '1', '0', '1', '1', '{product.title}', '', 'commerce/products/_product', '2016-09-07 23:25:40', '2016-09-09 00:31:20', 'd46c2a28-1de8-4837-8e86-e1f80ea425dd'),
 ('2', '78', '79', 'Beer Pack', 'beerPack', '1', '0', '1', '1', '{product.title}', '', '_product', '2016-09-08 15:08:47', '2016-09-08 22:34:24', 'a242cee0-2735-4ef3-b948-0227c9dbcb0c'),
 ('3', '62', '63', 'Spirits', 'spirits', '1', '0', '1', '1', '{product.title}', '', 'commerce/products/_product', '2016-09-08 15:10:21', '2016-09-08 17:22:34', '74c08afe-a766-41c5-b93b-6ce075d4d3d3'),
 ('4', '64', '65', 'Merchandise', 'merchandise', '1', '0', '1', '1', '{product.title}', '', 'commerce/products/_product', '2016-09-08 15:11:02', '2016-09-08 17:22:38', '884d5285-12cf-4d79-91d1-359b6ae48e9d'),
 ('5', '80', '81', 'Beer Kit', 'beerKit', '1', '0', '1', '1', '{product.title}', '', 'commerce/products/_product', '2016-09-08 15:11:19', '2016-09-08 22:35:38', '2d9c700f-33ac-4141-a4b7-9802f01eda37'),
 ('6', '68', '69', 'Subscription', 'subscription', '1', '0', '1', '1', '{product.title}', '', 'commerce/products/_product', '2016-09-08 15:28:28', '2016-09-08 17:22:46', '306b5e65-9c4e-4ee9-b3d5-d6bd542637b6');



DROP TABLE IF EXISTS `craft_commerce_producttypes_i18n`;


--
-- Schema for table `craft_commerce_producttypes_i18n`
--
CREATE TABLE `craft_commerce_producttypes_i18n` (
  `id` int(11) NOT NULL AUTO_INCREMENT,
  `productTypeId` int(11) NOT NULL,
  `locale` char(12) COLLATE utf8_unicode_ci NOT NULL,
  `urlFormat` text COLLATE utf8_unicode_ci,
  `dateCreated` datetime NOT NULL,
  `dateUpdated` datetime NOT NULL,
  `uid` char(36) COLLATE utf8_unicode_ci NOT NULL DEFAULT '0',
  PRIMARY KEY (`id`),
  UNIQUE KEY `craft_commerce_producttypes_i18n_productTypeId_locale_unq_idx` (`productTypeId`,`locale`),
  KEY `craft_commerce_producttypes_i18n_locale_fk` (`locale`)
) ENGINE=InnoDB AUTO_INCREMENT=25 DEFAULT CHARSET=utf8 COLLATE=utf8_unicode_ci;

--
-- Data for table `craft_commerce_producttypes_i18n`
--

INSERT INTO `craft_commerce_producttypes_i18n` (`id`, `productTypeId`, `locale`, `urlFormat`, `dateCreated`, `dateUpdated`, `uid`) VALUES
 ('1', '1', 'en_us', 'commerce/products/{slug}', '2016-09-07 23:25:40', '2016-09-07 23:25:40', '27bcd5b6-f794-45de-8285-a19fe302bcf3'),
 ('2', '1', 'it_it', 'commerce/products/{slug}', '2016-09-08 01:41:03', '2016-09-08 01:41:03', '4ccc4353-3391-4156-9b10-1b9dfe97fea6'),
 ('3', '1', 'es_mx', 'commerce/products/{slug}', '2016-09-08 01:41:10', '2016-09-08 01:41:10', '0dbd558a-a8a1-4148-a26a-b24c2757f6bc'),
 ('4', '1', 'en_gb', 'commerce/products/{slug}', '2016-09-08 01:45:38', '2016-09-08 01:45:38', '6042cfcb-9959-4626-9cf2-aeb97957678a'),
 ('5', '2', 'en_us', 'beer-pack/{slug}', '2016-09-08 15:08:47', '2016-09-08 15:08:47', 'cc8327dc-c288-46e5-adf9-8bde555c3d3e'),
 ('6', '2', 'it_it', 'beer-pack/{slug}', '2016-09-08 15:08:47', '2016-09-08 15:08:47', '8a7ea3bd-3173-4dd7-8567-42111c84908d'),
 ('7', '2', 'es_mx', 'beer-pack/{slug}', '2016-09-08 15:08:47', '2016-09-08 15:08:47', 'ec474a9b-ca25-4e46-bd98-f97b6f4ad6cb'),
 ('8', '2', 'en_gb', 'beer-pack/{slug}', '2016-09-08 15:08:47', '2016-09-08 15:08:47', 'ea13083d-39f1-4986-a91d-add1f209c0fa'),
 ('9', '3', 'en_us', 'spirits/{slug}', '2016-09-08 15:10:21', '2016-09-08 15:10:21', '91018675-c113-46b3-bb06-e6788ebabfc5'),
 ('10', '3', 'it_it', 'spirits/{slug}', '2016-09-08 15:10:21', '2016-09-08 15:10:21', 'e22134ec-76d4-4c45-8451-dc7dde69d789'),
 ('11', '3', 'es_mx', 'spirits/{slug}', '2016-09-08 15:10:21', '2016-09-08 15:10:21', '0f5fd1ab-8348-41ed-9c62-f8673882ce63'),
 ('12', '3', 'en_gb', 'spirits/{slug}', '2016-09-08 15:10:21', '2016-09-08 15:10:21', 'dbae25a0-4326-4ef9-a590-884fe6399764'),
 ('13', '4', 'en_us', 'merchandise/{slug}', '2016-09-08 15:11:02', '2016-09-08 15:11:02', '96e356ee-3b24-4179-93d7-02dfbf061f9e'),
 ('14', '4', 'it_it', 'merchandise/{slug}', '2016-09-08 15:11:02', '2016-09-08 15:11:02', '82850827-3d92-4976-a848-b6bc44131899'),
 ('15', '4', 'es_mx', 'merchandise/{slug}', '2016-09-08 15:11:02', '2016-09-08 15:11:02', '8a716d25-2c38-4d70-98ee-5f6ec7e221a7'),
 ('16', '4', 'en_gb', 'merchandise/{slug}', '2016-09-08 15:11:02', '2016-09-08 15:11:02', 'b6f3a1d5-0a86-4224-a980-b708b1b4fb91'),
 ('17', '5', 'en_us', 'beer-kit/{slug}', '2016-09-08 15:11:19', '2016-09-08 15:11:19', 'a44cb7a6-98ea-442a-a8b8-d1f2c2d202a8'),
 ('18', '5', 'it_it', 'beer-kit/{slug}', '2016-09-08 15:11:19', '2016-09-08 15:11:19', '232c647a-1e55-4e19-a1b2-023b154deca6'),
 ('19', '5', 'es_mx', 'beer-kit/{slug}', '2016-09-08 15:11:19', '2016-09-08 15:11:19', '8ca15602-9b9b-442c-8716-cba5689297aa'),
 ('20', '5', 'en_gb', 'beer-kit/{slug}', '2016-09-08 15:11:19', '2016-09-08 15:11:19', '32845506-9836-40ad-9dfa-29170f958553'),
 ('21', '6', 'en_us', 'subscription/{slug}', '2016-09-08 15:28:28', '2016-09-08 15:28:28', 'f67ac6cc-8257-455b-b8f5-b77042dba0b0'),
 ('22', '6', 'it_it', 'subscription/{slug}', '2016-09-08 15:28:28', '2016-09-08 15:28:28', '04b8b43a-1992-4774-9866-81293409cf6f'),
 ('23', '6', 'es_mx', 'subscription/{slug}', '2016-09-08 15:28:28', '2016-09-08 15:28:28', '21ea0ac1-c752-427e-ad53-93d3c487b3bb'),
 ('24', '6', 'en_gb', 'subscription/{slug}', '2016-09-08 15:28:28', '2016-09-08 15:28:28', 'ba9647fa-0ec9-4c32-bc5d-2043411db4ff');



DROP TABLE IF EXISTS `craft_commerce_purchasables`;


--
-- Schema for table `craft_commerce_purchasables`
--
CREATE TABLE `craft_commerce_purchasables` (
  `id` int(11) NOT NULL,
  `sku` varchar(255) COLLATE utf8_unicode_ci NOT NULL,
  `price` decimal(14,4) NOT NULL,
  `dateCreated` datetime NOT NULL,
  `dateUpdated` datetime NOT NULL,
  `uid` char(36) COLLATE utf8_unicode_ci NOT NULL DEFAULT '0',
  PRIMARY KEY (`id`),
  UNIQUE KEY `craft_commerce_purchasables_sku_unq_idx` (`sku`)
) ENGINE=InnoDB DEFAULT CHARSET=utf8 COLLATE=utf8_unicode_ci;

--
-- Data for table `craft_commerce_purchasables`
--

INSERT INTO `craft_commerce_purchasables` (`id`, `sku`, `price`, `dateCreated`, `dateUpdated`, `uid`) VALUES
 ('4', 'AGMM-B-355-1', '50.5000', '2016-09-07 23:25:40', '2016-09-08 15:37:25', 'e694314a-9a83-4353-98ea-7ebd1899621b'),
 ('6', 'FRWH-B-500-1', '39.0000', '2016-09-07 23:25:40', '2016-09-08 15:39:29', '3ef088f6-a7fe-4c12-958c-64a7e7b36279'),
 ('8', 'BEC-B-275-1', '25.0000', '2016-09-07 23:25:40', '2016-09-08 15:41:03', '688ce335-f373-42eb-9e94-bb0d2aa3e396'),
 ('10', 'LEFBR-B-330-1', '29.5000', '2016-09-07 23:25:40', '2016-09-08 16:07:19', 'a6d3ceae-3d08-4890-bd9c-2b051c860591'),
 ('15', 'AGMM-B-355-6', '400.0000', '2016-09-08 15:34:55', '2016-09-08 15:37:25', '6b113331-18dd-4a85-aa86-badea0828c64'),
 ('16', 'AGMM-B-355-12', '606.0000', '2016-09-08 15:34:55', '2016-09-08 15:37:25', 'b13b5244-3c69-4dca-8c2d-b71dbf49188f'),
 ('17', 'AGMM-B-355-24', '1212.0000', '2016-09-08 15:34:56', '2016-09-08 15:37:25', 'd45dcb68-5cdf-47b5-9f78-6c48469d48f5'),
 ('20', 'STE-GW-11-1', '100.0000', '2016-09-08 15:37:12', '2016-09-08 15:37:12', 'd0e55a0c-77bd-46e7-ba5d-27bcc329550d'),
 ('21', 'STE-GW-11-6', '570.0000', '2016-09-08 15:37:12', '2016-09-08 15:37:12', '3eade807-1adb-492e-a93e-67bd7152034b'),
 ('22', 'STE-GW-11-24', '2208.0000', '2016-09-08 15:37:12', '2016-09-08 15:37:12', '0cc4424e-e4c4-4a02-8d1b-14f2b8f589d0'),
 ('24', 'FRWH-B-500-6', '234.0000', '2016-09-08 15:39:29', '2016-09-08 15:39:29', '7990ca94-0f92-4078-8cb4-cb95f97d9b60'),
 ('25', 'FRWH-B-500-12', '468.0000', '2016-09-08 15:39:29', '2016-09-08 15:39:29', '344acda6-29d7-43e9-88d4-9f6962498d65'),
 ('26', 'FRWH-B-500-24', '936.0000', '2016-09-08 15:39:29', '2016-09-08 15:39:29', 'e0108a50-87f2-4a78-af3a-7d12f05364f2'),
 ('28', 'BEC-B-275-6', '150.0000', '2016-09-08 15:41:03', '2016-09-08 15:41:03', 'e78997f2-8d93-4124-8880-24d4a899740e'),
 ('29', 'BEC-B-275-12', '300.0000', '2016-09-08 15:41:03', '2016-09-08 15:41:03', 'a6fcac1a-4263-4df9-825c-9af317aeb364'),
 ('30', 'BEC-B-275-24', '600.0000', '2016-09-08 15:41:03', '2016-09-08 15:41:03', '505b07cd-af84-4284-8d80-17c21c53bdac'),
 ('32', 'LEFBR-B-330-6', '177.0000', '2016-09-08 15:42:39', '2016-09-08 16:07:19', '53327498-435d-443a-b1f4-9195eab36471'),
 ('33', 'LEFBR-B-330-12', '354.0000', '2016-09-08 15:42:39', '2016-09-08 16:07:19', '2d117173-a95c-423d-b2d3-fabc4bae9729'),
 ('34', 'LEFBR-B-330-24', '708.0000', '2016-09-08 15:42:39', '2016-09-08 16:07:19', 'e8761699-ef46-48b2-bdd5-3734953e44ed'),
 ('49', 'LEF-B-330-1', '50.0000', '2016-09-08 22:43:02', '2016-09-08 22:43:02', 'f7397b95-a065-4d87-a820-6b3469abdc83'),
 ('50', 'LEF-B-330-6', '300.0000', '2016-09-08 22:43:02', '2016-09-08 22:43:02', '70b2506d-ec9b-4ef3-8ab6-f1671038e219'),
 ('51', 'LEF-B-330-12', '600.0000', '2016-09-08 22:43:02', '2016-09-08 22:43:02', '90a671d9-d7a6-4051-aee9-c08c89109a89'),
 ('52', 'LEF-B-330-24', '1200.0000', '2016-09-08 22:43:02', '2016-09-08 22:43:02', 'f41ae093-de38-420c-b851-b0db1286ad08'),
 ('56', 'LEF-GW-01-1', '150.0000', '2016-09-08 22:44:14', '2016-09-08 22:44:14', 'c90af31f-834e-46e1-b17b-aac849c429f6'),
 ('61', 'FLM-BP-10', '700.0000', '2016-09-08 22:45:44', '2016-09-08 22:45:44', '2027fc64-94e3-44f7-aaaf-5ce904de5c3c');



DROP TABLE IF EXISTS `craft_commerce_sale_products`;


--
-- Schema for table `craft_commerce_sale_products`
--
CREATE TABLE `craft_commerce_sale_products` (
  `id` int(11) NOT NULL AUTO_INCREMENT,
  `saleId` int(10) NOT NULL,
  `productId` int(10) NOT NULL,
  `dateCreated` datetime NOT NULL,
  `dateUpdated` datetime NOT NULL,
  `uid` char(36) COLLATE utf8_unicode_ci NOT NULL DEFAULT '0',
  PRIMARY KEY (`id`),
  UNIQUE KEY `craft_commerce_sale_products_saleId_productId_unq_idx` (`saleId`,`productId`),
  KEY `craft_commerce_sale_products_productId_fk` (`productId`)
) ENGINE=InnoDB DEFAULT CHARSET=utf8 COLLATE=utf8_unicode_ci;

DROP TABLE IF EXISTS `craft_commerce_sale_producttypes`;


--
-- Schema for table `craft_commerce_sale_producttypes`
--
CREATE TABLE `craft_commerce_sale_producttypes` (
  `id` int(11) NOT NULL AUTO_INCREMENT,
  `saleId` int(10) NOT NULL,
  `productTypeId` int(10) NOT NULL,
  `dateCreated` datetime NOT NULL,
  `dateUpdated` datetime NOT NULL,
  `uid` char(36) COLLATE utf8_unicode_ci NOT NULL DEFAULT '0',
  PRIMARY KEY (`id`),
  UNIQUE KEY `craft_commerce_sale_producttypes_saleId_productTypeId_unq_idx` (`saleId`,`productTypeId`),
  KEY `craft_commerce_sale_producttypes_productTypeId_fk` (`productTypeId`)
) ENGINE=InnoDB DEFAULT CHARSET=utf8 COLLATE=utf8_unicode_ci;

DROP TABLE IF EXISTS `craft_commerce_sale_usergroups`;


--
-- Schema for table `craft_commerce_sale_usergroups`
--
CREATE TABLE `craft_commerce_sale_usergroups` (
  `id` int(11) NOT NULL AUTO_INCREMENT,
  `saleId` int(10) NOT NULL,
  `userGroupId` int(10) NOT NULL,
  `dateCreated` datetime NOT NULL,
  `dateUpdated` datetime NOT NULL,
  `uid` char(36) COLLATE utf8_unicode_ci NOT NULL DEFAULT '0',
  PRIMARY KEY (`id`),
  UNIQUE KEY `craft_commerce_sale_usergroups_saleId_userGroupId_unq_idx` (`saleId`,`userGroupId`),
  KEY `craft_commerce_sale_usergroups_userGroupId_fk` (`userGroupId`)
) ENGINE=InnoDB DEFAULT CHARSET=utf8 COLLATE=utf8_unicode_ci;

DROP TABLE IF EXISTS `craft_commerce_sales`;


--
-- Schema for table `craft_commerce_sales`
--
CREATE TABLE `craft_commerce_sales` (
  `id` int(11) NOT NULL AUTO_INCREMENT,
  `name` varchar(255) COLLATE utf8_unicode_ci NOT NULL,
  `description` text COLLATE utf8_unicode_ci,
  `dateFrom` datetime DEFAULT NULL,
  `dateTo` datetime DEFAULT NULL,
  `discountType` enum('percent','flat') COLLATE utf8_unicode_ci NOT NULL,
  `discountAmount` decimal(14,4) NOT NULL,
  `allGroups` tinyint(1) unsigned NOT NULL DEFAULT '0',
  `allProducts` tinyint(1) unsigned NOT NULL DEFAULT '0',
  `allProductTypes` tinyint(1) unsigned NOT NULL DEFAULT '0',
  `enabled` tinyint(1) unsigned NOT NULL DEFAULT '1',
  `dateCreated` datetime NOT NULL,
  `dateUpdated` datetime NOT NULL,
  `uid` char(36) COLLATE utf8_unicode_ci NOT NULL DEFAULT '0',
  PRIMARY KEY (`id`)
) ENGINE=InnoDB DEFAULT CHARSET=utf8 COLLATE=utf8_unicode_ci;

DROP TABLE IF EXISTS `craft_commerce_shippingmethods`;


--
-- Schema for table `craft_commerce_shippingmethods`
--
CREATE TABLE `craft_commerce_shippingmethods` (
  `id` int(11) NOT NULL AUTO_INCREMENT,
  `name` varchar(255) COLLATE utf8_unicode_ci NOT NULL,
  `handle` varchar(255) COLLATE utf8_unicode_ci NOT NULL,
  `enabled` tinyint(1) unsigned NOT NULL DEFAULT '1',
  `dateCreated` datetime NOT NULL,
  `dateUpdated` datetime NOT NULL,
  `uid` char(36) COLLATE utf8_unicode_ci NOT NULL DEFAULT '0',
  PRIMARY KEY (`id`),
  UNIQUE KEY `craft_commerce_shippingmethods_name_unq_idx` (`name`)
) ENGINE=InnoDB AUTO_INCREMENT=2 DEFAULT CHARSET=utf8 COLLATE=utf8_unicode_ci;

--
-- Data for table `craft_commerce_shippingmethods`
--

INSERT INTO `craft_commerce_shippingmethods` (`id`, `name`, `handle`, `enabled`, `dateCreated`, `dateUpdated`, `uid`) VALUES
 ('1', 'Free Shipping', 'freeShipping', '1', '2016-09-07 23:25:40', '2016-09-07 23:25:40', 'd6567cc3-2c4b-48cb-a472-2ac88729d81b');



DROP TABLE IF EXISTS `craft_commerce_shippingrules`;


--
-- Schema for table `craft_commerce_shippingrules`
--
CREATE TABLE `craft_commerce_shippingrules` (
  `id` int(11) NOT NULL AUTO_INCREMENT,
  `shippingZoneId` int(11) DEFAULT NULL,
  `name` varchar(255) COLLATE utf8_unicode_ci NOT NULL,
  `description` varchar(255) COLLATE utf8_unicode_ci DEFAULT NULL,
  `methodId` int(10) NOT NULL,
  `priority` int(10) NOT NULL DEFAULT '0',
  `enabled` tinyint(1) unsigned NOT NULL DEFAULT '1',
  `minQty` int(10) NOT NULL DEFAULT '0',
  `maxQty` int(10) NOT NULL DEFAULT '0',
  `minTotal` decimal(14,4) NOT NULL DEFAULT '0.0000',
  `maxTotal` decimal(14,4) NOT NULL DEFAULT '0.0000',
  `minWeight` decimal(14,4) NOT NULL DEFAULT '0.0000',
  `maxWeight` decimal(14,4) NOT NULL DEFAULT '0.0000',
  `baseRate` decimal(14,4) NOT NULL DEFAULT '0.0000',
  `perItemRate` decimal(14,4) NOT NULL DEFAULT '0.0000',
  `weightRate` decimal(14,4) NOT NULL DEFAULT '0.0000',
  `percentageRate` decimal(14,4) NOT NULL DEFAULT '0.0000',
  `minRate` decimal(14,4) NOT NULL DEFAULT '0.0000',
  `maxRate` decimal(14,4) NOT NULL DEFAULT '0.0000',
  `dateCreated` datetime NOT NULL,
  `dateUpdated` datetime NOT NULL,
  `uid` char(36) COLLATE utf8_unicode_ci NOT NULL DEFAULT '0',
  PRIMARY KEY (`id`),
  UNIQUE KEY `craft_commerce_shippingrules_name_unq_idx` (`name`),
  KEY `craft_commerce_shippingrules_methodId_idx` (`methodId`),
  KEY `craft_commerce_shippingrules_shippingZoneId_fk` (`shippingZoneId`)
) ENGINE=InnoDB AUTO_INCREMENT=2 DEFAULT CHARSET=utf8 COLLATE=utf8_unicode_ci;

--
-- Data for table `craft_commerce_shippingrules`
--

INSERT INTO `craft_commerce_shippingrules` (`id`, `shippingZoneId`, `name`, `description`, `methodId`, `priority`, `enabled`, `minQty`, `maxQty`, `minTotal`, `maxTotal`, `minWeight`, `maxWeight`, `baseRate`, `perItemRate`, `weightRate`, `percentageRate`, `minRate`, `maxRate`, `dateCreated`, `dateUpdated`, `uid`) VALUES
 ('1', NULL, 'Free Everywhere ', 'All Countries, free shipping.', '1', '0', '1', '0', '0', '0.0000', '0.0000', '0.0000', '0.0000', '0.0000', '0.0000', '0.0000', '0.0000', '0.0000', '0.0000', '2016-09-07 23:25:40', '2016-09-07 23:25:40', '7f75937d-9097-44dd-97a7-452dab3dcbed');



DROP TABLE IF EXISTS `craft_commerce_shippingzone_countries`;


--
-- Schema for table `craft_commerce_shippingzone_countries`
--
CREATE TABLE `craft_commerce_shippingzone_countries` (
  `id` int(11) NOT NULL AUTO_INCREMENT,
  `shippingZoneId` int(11) NOT NULL,
  `countryId` int(11) NOT NULL,
  `dateCreated` datetime NOT NULL,
  `dateUpdated` datetime NOT NULL,
  `uid` char(36) COLLATE utf8_unicode_ci NOT NULL DEFAULT '0',
  PRIMARY KEY (`id`),
  UNIQUE KEY `craft_commerc_shippingzon_countrie_shippingZoneI_countryI_unq_id` (`shippingZoneId`,`countryId`),
  KEY `craft_commerce_shippingzone_countries_shippingZoneId_idx` (`shippingZoneId`),
  KEY `craft_commerce_shippingzone_countries_countryId_idx` (`countryId`)
) ENGINE=InnoDB DEFAULT CHARSET=utf8 COLLATE=utf8_unicode_ci;

DROP TABLE IF EXISTS `craft_commerce_shippingzone_states`;


--
-- Schema for table `craft_commerce_shippingzone_states`
--
CREATE TABLE `craft_commerce_shippingzone_states` (
  `id` int(11) NOT NULL AUTO_INCREMENT,
  `shippingZoneId` int(11) NOT NULL,
  `stateId` int(11) NOT NULL,
  `dateCreated` datetime NOT NULL,
  `dateUpdated` datetime NOT NULL,
  `uid` char(36) COLLATE utf8_unicode_ci NOT NULL DEFAULT '0',
  PRIMARY KEY (`id`),
  UNIQUE KEY `craft_commerce_shippingzone_states_shippingZoneId_stateId_unq_id` (`shippingZoneId`,`stateId`),
  KEY `craft_commerce_shippingzone_states_shippingZoneId_idx` (`shippingZoneId`),
  KEY `craft_commerce_shippingzone_states_stateId_idx` (`stateId`)
) ENGINE=InnoDB DEFAULT CHARSET=utf8 COLLATE=utf8_unicode_ci;

DROP TABLE IF EXISTS `craft_commerce_shippingzones`;


--
-- Schema for table `craft_commerce_shippingzones`
--
CREATE TABLE `craft_commerce_shippingzones` (
  `id` int(11) NOT NULL AUTO_INCREMENT,
  `name` varchar(255) COLLATE utf8_unicode_ci NOT NULL,
  `description` varchar(255) COLLATE utf8_unicode_ci DEFAULT NULL,
  `countryBased` tinyint(1) unsigned NOT NULL DEFAULT '1',
  `dateCreated` datetime NOT NULL,
  `dateUpdated` datetime NOT NULL,
  `uid` char(36) COLLATE utf8_unicode_ci NOT NULL DEFAULT '0',
  PRIMARY KEY (`id`),
  UNIQUE KEY `craft_commerce_shippingzones_name_unq_idx` (`name`)
) ENGINE=InnoDB DEFAULT CHARSET=utf8 COLLATE=utf8_unicode_ci;

DROP TABLE IF EXISTS `craft_commerce_states`;


--
-- Schema for table `craft_commerce_states`
--
CREATE TABLE `craft_commerce_states` (
  `id` int(11) NOT NULL AUTO_INCREMENT,
  `name` varchar(255) COLLATE utf8_unicode_ci NOT NULL,
  `abbreviation` varchar(255) COLLATE utf8_unicode_ci DEFAULT NULL,
  `countryId` int(10) NOT NULL,
  `dateCreated` datetime NOT NULL,
  `dateUpdated` datetime NOT NULL,
  `uid` char(36) COLLATE utf8_unicode_ci NOT NULL DEFAULT '0',
  PRIMARY KEY (`id`),
  UNIQUE KEY `craft_commerce_states_name_countryId_unq_idx` (`name`,`countryId`),
  KEY `craft_commerce_states_countryId_fk` (`countryId`)
) ENGINE=InnoDB AUTO_INCREMENT=73 DEFAULT CHARSET=utf8 COLLATE=utf8_unicode_ci;

--
-- Data for table `craft_commerce_states`
--

INSERT INTO `craft_commerce_states` (`id`, `name`, `abbreviation`, `countryId`, `dateCreated`, `dateUpdated`, `uid`) VALUES
 ('1', 'Australian Capital Territory', 'ACT', '13', '2016-09-07 23:25:41', '2016-09-07 23:25:41', 'd2e54bdc-269b-404e-99a6-580da096e610'),
 ('2', 'New South Wales', 'NSW', '13', '2016-09-07 23:25:41', '2016-09-07 23:25:41', '1cabad2f-105e-423f-b3e4-c4f8ef25b14b'),
 ('3', 'Northern Territory', 'NT', '13', '2016-09-07 23:25:41', '2016-09-07 23:25:41', '4f122245-2873-4579-b0f2-e5669c84accc'),
 ('4', 'Queensland', 'QLD', '13', '2016-09-07 23:25:41', '2016-09-07 23:25:41', '0272ae80-5159-4028-b223-367bef4d7170'),
 ('5', 'South Australia', 'SA', '13', '2016-09-07 23:25:41', '2016-09-07 23:25:41', 'bca4c1f0-19e0-4230-bcca-8e39cea23207'),
 ('6', 'Tasmania', 'TAS', '13', '2016-09-07 23:25:41', '2016-09-07 23:25:41', '6408085a-df84-4487-8942-68b4e52991d5'),
 ('7', 'Victoria', 'VIC', '13', '2016-09-07 23:25:41', '2016-09-07 23:25:41', 'e4ddc620-c127-47a7-a601-bd468c36fb59'),
 ('8', 'Western Australia', 'WA', '13', '2016-09-07 23:25:41', '2016-09-07 23:25:41', '4e27ec6c-308f-4d2f-9b04-f2f3b2a03dee'),
 ('9', 'Alberta', 'AB', '38', '2016-09-07 23:25:41', '2016-09-07 23:25:41', 'a331b433-06a3-4e4b-8ce6-f3c8d76792c1'),
 ('10', 'British Columbia', 'BC', '38', '2016-09-07 23:25:41', '2016-09-07 23:25:41', '3ca19925-b83d-4d66-b67f-ae5b7bda0e55'),
 ('11', 'Manitoba', 'MB', '38', '2016-09-07 23:25:41', '2016-09-07 23:25:41', '9a9bb5ec-c8bf-45a1-839f-aa1f63b6b7f4'),
 ('12', 'New Brunswick', 'NB', '38', '2016-09-07 23:25:41', '2016-09-07 23:25:41', 'c6842f29-96ed-48f3-afb9-547986caea83'),
 ('13', 'Newfoundland and Labrador', 'NL', '38', '2016-09-07 23:25:41', '2016-09-07 23:25:41', '7ff9043a-8b5a-453b-8e1a-6c1b319b90e3'),
 ('14', 'Northwest Territories', 'NT', '38', '2016-09-07 23:25:41', '2016-09-07 23:25:41', '6b872e99-485b-4ca6-8862-b9453ce0fb6f'),
 ('15', 'Nova Scotia', 'NS', '38', '2016-09-07 23:25:41', '2016-09-07 23:25:41', '5682bdd7-7172-439d-b464-9409b3863720'),
 ('16', 'Nunavut', 'NU', '38', '2016-09-07 23:25:41', '2016-09-07 23:25:41', 'd8428337-956c-4bd5-a291-ae48896f158b'),
 ('17', 'Ontario', 'ON', '38', '2016-09-07 23:25:41', '2016-09-07 23:25:41', '2d88069e-c47d-42db-8b5c-4622099b8e62'),
 ('18', 'Prince Edward Island', 'PE', '38', '2016-09-07 23:25:41', '2016-09-07 23:25:41', 'a9b825fc-ed11-4bbc-bf2e-2a53fd018698'),
 ('19', 'Quebec', 'QC', '38', '2016-09-07 23:25:41', '2016-09-07 23:25:41', '05e78c29-d190-43db-b19a-c260b86884d8'),
 ('20', 'Saskatchewan', 'SK', '38', '2016-09-07 23:25:41', '2016-09-07 23:25:41', 'd07ad322-14df-4275-b054-d8810a1fe6b0'),
 ('21', 'Yukon', 'YT', '38', '2016-09-07 23:25:41', '2016-09-07 23:25:41', 'b879c116-5372-4bf6-97b4-7776e55b3d30'),
 ('22', 'Alabama', 'AL', '233', '2016-09-07 23:25:41', '2016-09-07 23:25:41', 'cf592eee-bdb4-4c1b-8728-c300c8484ac1'),
 ('23', 'Alaska', 'AK', '233', '2016-09-07 23:25:41', '2016-09-07 23:25:41', '50df92b2-2a31-4b98-8b09-2b584d493c10'),
 ('24', 'Arizona', 'AZ', '233', '2016-09-07 23:25:41', '2016-09-07 23:25:41', '8aa52cd6-880a-4813-974b-b6b84e7f68c9'),
 ('25', 'Arkansas', 'AR', '233', '2016-09-07 23:25:41', '2016-09-07 23:25:41', 'c821f43a-2bc6-44ea-909d-334144ca15f4'),
 ('26', 'California', 'CA', '233', '2016-09-07 23:25:41', '2016-09-07 23:25:41', '8d85289d-bf2c-486b-8bb2-f66cc904df94'),
 ('27', 'Colorado', 'CO', '233', '2016-09-07 23:25:41', '2016-09-07 23:25:41', 'e4f8fe29-67f9-4431-9107-0b2261c7bb11'),
 ('28', 'Connecticut', 'CT', '233', '2016-09-07 23:25:41', '2016-09-07 23:25:41', 'f01400b2-d742-48d2-873e-eede4d324897'),
 ('29', 'Delaware', 'DE', '233', '2016-09-07 23:25:41', '2016-09-07 23:25:41', 'e9c9a775-584e-4fd8-af4e-5e95f5be9c09'),
 ('30', 'District of Columbia', 'DC', '233', '2016-09-07 23:25:41', '2016-09-07 23:25:41', '88906c06-5592-4932-af1e-2a90c2e415e1'),
 ('31', 'Florida', 'FL', '233', '2016-09-07 23:25:41', '2016-09-07 23:25:41', 'e441222d-1847-4aa8-819a-9e7b87d2d3e4'),
 ('32', 'Georgia', 'GA', '233', '2016-09-07 23:25:41', '2016-09-07 23:25:41', '00895692-8b9d-478d-b56e-66da547855a8'),
 ('33', 'Hawaii', 'HI', '233', '2016-09-07 23:25:41', '2016-09-07 23:25:41', '360809c0-ed25-4ea5-b4cf-726beadffdfd'),
 ('34', 'Idaho', 'ID', '233', '2016-09-07 23:25:41', '2016-09-07 23:25:41', '1211b403-ddca-4f56-ac69-6ff81af1657f'),
 ('35', 'Illinois', 'IL', '233', '2016-09-07 23:25:41', '2016-09-07 23:25:41', 'b5740f1c-7a0a-4edd-9237-6d477fb4c726'),
 ('36', 'Indiana', 'IN', '233', '2016-09-07 23:25:41', '2016-09-07 23:25:41', '607d2787-a4fe-4953-bd68-3120730532c2'),
 ('37', 'Iowa', 'IA', '233', '2016-09-07 23:25:41', '2016-09-07 23:25:41', '8dfd3fc6-ded3-4aea-ab57-a7bb790824c1'),
 ('38', 'Kansas', 'KS', '233', '2016-09-07 23:25:41', '2016-09-07 23:25:41', 'faf033d3-d6b2-4e5f-8faa-f4f6f7af8d3d'),
 ('39', 'Kentucky', 'KY', '233', '2016-09-07 23:25:41', '2016-09-07 23:25:41', '180c18f9-379f-49ec-bc23-1aee0a316ecc'),
 ('40', 'Louisiana', 'LA', '233', '2016-09-07 23:25:41', '2016-09-07 23:25:41', '216bc658-6a3d-4c69-b9b6-934253d8b6f1'),
 ('41', 'Maine', 'ME', '233', '2016-09-07 23:25:41', '2016-09-07 23:25:41', 'bae8bf89-d4bb-46bb-8e5f-b84a0209ba71'),
 ('42', 'Maryland', 'MD', '233', '2016-09-07 23:25:41', '2016-09-07 23:25:41', '216c4f46-adfe-4e60-9c49-612497422d7c'),
 ('43', 'Massachusetts', 'MA', '233', '2016-09-07 23:25:41', '2016-09-07 23:25:41', '40368713-6924-4ff0-b48d-2b03a3ab439e'),
 ('44', 'Michigan', 'MI', '233', '2016-09-07 23:25:41', '2016-09-07 23:25:41', 'da0efe35-514f-4ab4-94a1-4d34f21eaf21'),
 ('45', 'Minnesota', 'MN', '233', '2016-09-07 23:25:41', '2016-09-07 23:25:41', '3c316b97-8167-4d7a-8340-50628513ea5c'),
 ('46', 'Mississippi', 'MS', '233', '2016-09-07 23:25:41', '2016-09-07 23:25:41', '0a0eb585-6b3a-48b0-b441-356fcde7165c'),
 ('47', 'Missouri', 'MO', '233', '2016-09-07 23:25:41', '2016-09-07 23:25:41', 'a0cffb16-dab1-4fe3-8450-1e78f0633188'),
 ('48', 'Montana', 'MT', '233', '2016-09-07 23:25:41', '2016-09-07 23:25:41', '94889de2-452e-4aea-aaba-f7cc1c1841ee'),
 ('49', 'Nebraska', 'NE', '233', '2016-09-07 23:25:41', '2016-09-07 23:25:41', '564b00df-78e3-4ecf-9b8e-2935580d612c'),
 ('50', 'Nevada', 'NV', '233', '2016-09-07 23:25:41', '2016-09-07 23:25:41', 'f24c1d18-3509-4857-8baf-adea2e98948e'),
 ('51', 'New Hampshire', 'NH', '233', '2016-09-07 23:25:41', '2016-09-07 23:25:41', 'b4392b36-7830-418e-9628-62ddec9aea05'),
 ('52', 'New Jersey', 'NJ', '233', '2016-09-07 23:25:41', '2016-09-07 23:25:41', 'e308b7fe-ae6d-4d10-bcff-95bdbf678b5e'),
 ('53', 'New Mexico', 'NM', '233', '2016-09-07 23:25:41', '2016-09-07 23:25:41', '121dd1da-8517-45f7-84c3-78e8c31f29eb'),
 ('54', 'New York', 'NY', '233', '2016-09-07 23:25:41', '2016-09-07 23:25:41', 'aeeb3a47-ea59-47f8-93e3-72ccc10da0f5'),
 ('55', 'North Carolina', 'NC', '233', '2016-09-07 23:25:41', '2016-09-07 23:25:41', 'e910fbf5-11e8-4fbc-960d-24a176971d79'),
 ('56', 'North Dakota', 'ND', '233', '2016-09-07 23:25:41', '2016-09-07 23:25:41', '0115628f-942f-4f71-826a-229e827d7c2c'),
 ('57', 'Ohio', 'OH', '233', '2016-09-07 23:25:41', '2016-09-07 23:25:41', '59c29882-2438-4cbe-affb-abf02759508f'),
 ('58', 'Oklahoma', 'OK', '233', '2016-09-07 23:25:41', '2016-09-07 23:25:41', 'ab314045-27d4-4f51-b274-0af6c5146cf5'),
 ('59', 'Oregon', 'OR', '233', '2016-09-07 23:25:41', '2016-09-07 23:25:41', '68e3ccdd-3c75-4df1-8c1e-7ffccd157002'),
 ('60', 'Pennsylvania', 'PA', '233', '2016-09-07 23:25:41', '2016-09-07 23:25:41', '950d2223-b514-415f-9956-e41c9fc3c555'),
 ('61', 'Rhode Island', 'RI', '233', '2016-09-07 23:25:41', '2016-09-07 23:25:41', '5807995b-7cf9-4434-acb3-97cff21c5797'),
 ('62', 'South Carolina', 'SC', '233', '2016-09-07 23:25:41', '2016-09-07 23:25:41', '12d20407-8a3a-4987-a62e-8a32212182ce'),
 ('63', 'South Dakota', 'SD', '233', '2016-09-07 23:25:41', '2016-09-07 23:25:41', 'ff0303e7-c9f1-4491-9986-4e137f70b6a4'),
 ('64', 'Tennessee', 'TN', '233', '2016-09-07 23:25:41', '2016-09-07 23:25:41', '228b8c65-4eb1-4cf1-a136-a15e0264c9d5'),
 ('65', 'Texas', 'TX', '233', '2016-09-07 23:25:41', '2016-09-07 23:25:41', 'c4c76aaf-061e-4dcb-b7e4-48c74453b326'),
 ('66', 'Utah', 'UT', '233', '2016-09-07 23:25:41', '2016-09-07 23:25:41', '9cfb5255-7bef-45cc-89ed-7b55ec1c3782'),
 ('67', 'Vermont', 'VT', '233', '2016-09-07 23:25:41', '2016-09-07 23:25:41', '030e6cad-da9b-4fe3-9788-b92063f2c739'),
 ('68', 'Virginia', 'VA', '233', '2016-09-07 23:25:41', '2016-09-07 23:25:41', 'bd6f31ae-56c0-4d62-9460-bbb4996d502d'),
 ('69', 'Washington', 'WA', '233', '2016-09-07 23:25:41', '2016-09-07 23:25:41', 'd7993801-73c8-417d-adc7-c4370b4eca93'),
 ('70', 'West Virginia', 'WV', '233', '2016-09-07 23:25:41', '2016-09-07 23:25:41', '14a6c56b-3c00-4002-ba0d-e1fa38d912c2'),
 ('71', 'Wisconsin', 'WI', '233', '2016-09-07 23:25:41', '2016-09-07 23:25:41', '3361a3be-8c25-4b30-80fa-1066559462ad'),
 ('72', 'Wyoming', 'WY', '233', '2016-09-07 23:25:41', '2016-09-07 23:25:41', 'bfb8c286-9f64-4f5d-bc69-20d56b3d6a75');



DROP TABLE IF EXISTS `craft_commerce_taxcategories`;


--
-- Schema for table `craft_commerce_taxcategories`
--
CREATE TABLE `craft_commerce_taxcategories` (
  `id` int(11) NOT NULL AUTO_INCREMENT,
  `name` varchar(255) COLLATE utf8_unicode_ci NOT NULL,
  `handle` varchar(255) COLLATE utf8_unicode_ci NOT NULL,
  `description` varchar(255) COLLATE utf8_unicode_ci DEFAULT NULL,
  `default` tinyint(1) unsigned NOT NULL DEFAULT '0',
  `dateCreated` datetime NOT NULL,
  `dateUpdated` datetime NOT NULL,
  `uid` char(36) COLLATE utf8_unicode_ci NOT NULL DEFAULT '0',
  PRIMARY KEY (`id`),
  UNIQUE KEY `craft_commerce_taxcategories_handle_unq_idx` (`handle`)
) ENGINE=InnoDB AUTO_INCREMENT=2 DEFAULT CHARSET=utf8 COLLATE=utf8_unicode_ci;

--
-- Data for table `craft_commerce_taxcategories`
--

INSERT INTO `craft_commerce_taxcategories` (`id`, `name`, `handle`, `description`, `default`, `dateCreated`, `dateUpdated`, `uid`) VALUES
 ('1', 'General', 'general', NULL, '1', '2016-09-07 23:25:40', '2016-09-07 23:25:40', '9a9991bf-977f-4591-8a8e-99d2f56f4f23');



DROP TABLE IF EXISTS `craft_commerce_taxrates`;


--
-- Schema for table `craft_commerce_taxrates`
--
CREATE TABLE `craft_commerce_taxrates` (
  `id` int(11) NOT NULL AUTO_INCREMENT,
  `taxZoneId` int(11) NOT NULL,
  `taxCategoryId` int(11) NOT NULL,
  `name` varchar(255) COLLATE utf8_unicode_ci NOT NULL,
  `rate` decimal(14,4) NOT NULL,
  `include` tinyint(1) unsigned NOT NULL DEFAULT '0',
  `showInLabel` tinyint(1) unsigned NOT NULL DEFAULT '0',
  `taxable` enum('price','shipping','price_shipping') COLLATE utf8_unicode_ci NOT NULL,
  `dateCreated` datetime NOT NULL,
  `dateUpdated` datetime NOT NULL,
  `uid` char(36) COLLATE utf8_unicode_ci NOT NULL DEFAULT '0',
  PRIMARY KEY (`id`),
  KEY `craft_commerce_taxrates_taxZoneId_idx` (`taxZoneId`),
  KEY `craft_commerce_taxrates_taxCategoryId_idx` (`taxCategoryId`)
) ENGINE=InnoDB DEFAULT CHARSET=utf8 COLLATE=utf8_unicode_ci;

DROP TABLE IF EXISTS `craft_commerce_taxzone_countries`;


--
-- Schema for table `craft_commerce_taxzone_countries`
--
CREATE TABLE `craft_commerce_taxzone_countries` (
  `id` int(11) NOT NULL AUTO_INCREMENT,
  `taxZoneId` int(11) NOT NULL,
  `countryId` int(11) NOT NULL,
  `dateCreated` datetime NOT NULL,
  `dateUpdated` datetime NOT NULL,
  `uid` char(36) COLLATE utf8_unicode_ci NOT NULL DEFAULT '0',
  PRIMARY KEY (`id`),
  UNIQUE KEY `craft_commerce_taxzone_countries_taxZoneId_countryId_unq_idx` (`taxZoneId`,`countryId`),
  KEY `craft_commerce_taxzone_countries_taxZoneId_idx` (`taxZoneId`),
  KEY `craft_commerce_taxzone_countries_countryId_idx` (`countryId`)
) ENGINE=InnoDB DEFAULT CHARSET=utf8 COLLATE=utf8_unicode_ci;

DROP TABLE IF EXISTS `craft_commerce_taxzone_states`;


--
-- Schema for table `craft_commerce_taxzone_states`
--
CREATE TABLE `craft_commerce_taxzone_states` (
  `id` int(11) NOT NULL AUTO_INCREMENT,
  `taxZoneId` int(11) NOT NULL,
  `stateId` int(11) NOT NULL,
  `dateCreated` datetime NOT NULL,
  `dateUpdated` datetime NOT NULL,
  `uid` char(36) COLLATE utf8_unicode_ci NOT NULL DEFAULT '0',
  PRIMARY KEY (`id`),
  UNIQUE KEY `craft_commerce_taxzone_states_taxZoneId_stateId_unq_idx` (`taxZoneId`,`stateId`),
  KEY `craft_commerce_taxzone_states_taxZoneId_idx` (`taxZoneId`),
  KEY `craft_commerce_taxzone_states_stateId_idx` (`stateId`)
) ENGINE=InnoDB DEFAULT CHARSET=utf8 COLLATE=utf8_unicode_ci;

DROP TABLE IF EXISTS `craft_commerce_taxzones`;


--
-- Schema for table `craft_commerce_taxzones`
--
CREATE TABLE `craft_commerce_taxzones` (
  `id` int(11) NOT NULL AUTO_INCREMENT,
  `name` varchar(255) COLLATE utf8_unicode_ci NOT NULL,
  `description` varchar(255) COLLATE utf8_unicode_ci DEFAULT NULL,
  `countryBased` tinyint(1) unsigned NOT NULL DEFAULT '1',
  `default` tinyint(1) unsigned NOT NULL DEFAULT '0',
  `dateCreated` datetime NOT NULL,
  `dateUpdated` datetime NOT NULL,
  `uid` char(36) COLLATE utf8_unicode_ci NOT NULL DEFAULT '0',
  PRIMARY KEY (`id`),
  UNIQUE KEY `craft_commerce_taxzones_name_unq_idx` (`name`)
) ENGINE=InnoDB DEFAULT CHARSET=utf8 COLLATE=utf8_unicode_ci;

DROP TABLE IF EXISTS `craft_commerce_transactions`;


--
-- Schema for table `craft_commerce_transactions`
--
CREATE TABLE `craft_commerce_transactions` (
  `id` int(11) NOT NULL AUTO_INCREMENT,
  `parentId` int(11) DEFAULT NULL,
  `paymentMethodId` int(11) DEFAULT NULL,
  `userId` int(11) DEFAULT NULL,
  `hash` varchar(32) COLLATE utf8_unicode_ci DEFAULT NULL,
  `type` enum('authorize','capture','purchase','refund') COLLATE utf8_unicode_ci NOT NULL,
  `amount` decimal(17,4) DEFAULT NULL,
  `status` enum('pending','redirect','success','failed') COLLATE utf8_unicode_ci NOT NULL,
  `reference` varchar(255) COLLATE utf8_unicode_ci DEFAULT NULL,
  `message` text COLLATE utf8_unicode_ci,
  `response` text COLLATE utf8_unicode_ci,
  `orderId` int(10) NOT NULL,
  `dateCreated` datetime NOT NULL,
  `dateUpdated` datetime NOT NULL,
  `uid` char(36) COLLATE utf8_unicode_ci NOT NULL DEFAULT '0',
  PRIMARY KEY (`id`),
  KEY `craft_commerce_transactions_parentId_fk` (`parentId`),
  KEY `craft_commerce_transactions_paymentMethodId_fk` (`paymentMethodId`),
  KEY `craft_commerce_transactions_orderId_fk` (`orderId`),
  KEY `craft_commerce_transactions_userId_fk` (`userId`)
) ENGINE=InnoDB DEFAULT CHARSET=utf8 COLLATE=utf8_unicode_ci;

DROP TABLE IF EXISTS `craft_commerce_variants`;


--
-- Schema for table `craft_commerce_variants`
--
CREATE TABLE `craft_commerce_variants` (
  `productId` int(11) DEFAULT NULL,
  `id` int(11) NOT NULL,
  `sku` varchar(255) COLLATE utf8_unicode_ci NOT NULL,
  `isDefault` tinyint(1) unsigned NOT NULL DEFAULT '0',
  `price` decimal(14,4) NOT NULL,
  `sortOrder` int(10) DEFAULT NULL,
  `width` decimal(14,4) DEFAULT NULL,
  `height` decimal(14,4) DEFAULT NULL,
  `length` decimal(14,4) DEFAULT NULL,
  `weight` decimal(14,4) DEFAULT NULL,
  `stock` int(10) NOT NULL DEFAULT '0',
  `unlimitedStock` tinyint(1) unsigned NOT NULL DEFAULT '0',
  `minQty` int(10) DEFAULT NULL,
  `maxQty` int(10) DEFAULT NULL,
  `dateCreated` datetime NOT NULL,
  `dateUpdated` datetime NOT NULL,
  `uid` char(36) COLLATE utf8_unicode_ci NOT NULL DEFAULT '0',
  PRIMARY KEY (`id`),
  UNIQUE KEY `craft_commerce_variants_sku_unq_idx` (`sku`),
  KEY `craft_commerce_variants_productId_fk` (`productId`)
) ENGINE=InnoDB DEFAULT CHARSET=utf8 COLLATE=utf8_unicode_ci;

--
-- Data for table `craft_commerce_variants`
--

INSERT INTO `craft_commerce_variants` (`productId`, `id`, `sku`, `isDefault`, `price`, `sortOrder`, `width`, `height`, `length`, `weight`, `stock`, `unlimitedStock`, `minQty`, `maxQty`, `dateCreated`, `dateUpdated`, `uid`) VALUES
 ('3', '4', 'AGMM-B-355-1', '1', '50.5000', '1', '0.0000', '0.0000', '0.0000', '0.0000', '133', '0', NULL, NULL, '2016-09-07 23:25:40', '2016-09-08 15:37:25', 'cd005c7c-3b81-4af7-b87d-3218276d73f1'),
 ('5', '6', 'FRWH-B-500-1', '1', '39.0000', '1', '0.0000', '0.0000', '0.0000', '0.0000', '217532', '0', NULL, NULL, '2016-09-07 23:25:40', '2016-09-08 15:39:29', '1d9f98bd-9a02-4571-a8f4-347e7cbf6841'),
 ('7', '8', 'BEC-B-275-1', '1', '25.0000', '1', '0.0000', '0.0000', '0.0000', '0.0000', '90110', '0', NULL, NULL, '2016-09-07 23:25:40', '2016-09-08 15:41:03', 'aa347d0c-a137-4612-bd46-f984c4a94d26'),
 ('9', '10', 'LEFBR-B-330-1', '1', '29.5000', '1', '0.0000', '0.0000', '0.0000', '0.0000', '83850', '0', NULL, NULL, '2016-09-07 23:25:40', '2016-09-08 16:07:19', '9f06c3ba-e297-4a6e-a93f-c21c730e72bb'),
 ('3', '15', 'AGMM-B-355-6', '0', '400.0000', '2', '0.0000', '0.0000', '0.0000', '0.0000', '28', '0', NULL, NULL, '2016-09-08 15:34:55', '2016-09-08 15:37:25', 'c2cca9c7-45a0-42ae-9af4-2b8a8a888025'),
 ('3', '16', 'AGMM-B-355-12', '0', '606.0000', '3', '0.0000', '0.0000', '0.0000', '0.0000', '14', '0', NULL, NULL, '2016-09-08 15:34:55', '2016-09-08 15:37:25', 'd8f88e31-5fd7-4aac-8708-0899cd9173c8'),
 ('3', '17', 'AGMM-B-355-24', '0', '1212.0000', '4', '0.0000', '0.0000', '0.0000', '0.0000', '7', '0', NULL, NULL, '2016-09-08 15:34:56', '2016-09-08 15:37:25', '455f2d1b-a596-4fd7-837b-ded9dd9ace31'),
 ('19', '20', 'STE-GW-11-1', '1', '100.0000', '1', '0.0000', '0.0000', '0.0000', '0.0000', '5016', '0', NULL, NULL, '2016-09-08 15:37:12', '2016-09-08 15:37:12', '6743866b-15e6-4096-bbea-78abdbf90bd8'),
 ('19', '21', 'STE-GW-11-6', '0', '570.0000', '2', '0.0000', '0.0000', '0.0000', '0.0000', '836', '0', NULL, NULL, '2016-09-08 15:37:12', '2016-09-08 15:37:12', '073b1bb2-3624-489c-888c-50e025377304'),
 ('19', '22', 'STE-GW-11-24', '0', '2208.0000', '3', '0.0000', '0.0000', '0.0000', '0.0000', '209', '0', NULL, NULL, '2016-09-08 15:37:12', '2016-09-08 15:37:12', '285725a6-ae42-4bc7-ae5b-20bd53a32f3c'),
 ('5', '24', 'FRWH-B-500-6', '0', '234.0000', '2', '0.0000', '0.0000', '0.0000', '0.0000', '999', '0', NULL, NULL, '2016-09-08 15:39:29', '2016-09-08 15:39:29', '5251cc35-a2e8-4673-b976-1cfbf121ba8b'),
 ('5', '25', 'FRWH-B-500-12', '0', '468.0000', '3', '0.0000', '0.0000', '0.0000', '0.0000', '999', '0', NULL, NULL, '2016-09-08 15:39:29', '2016-09-08 15:39:29', '0fc060ee-9d4e-4b20-a505-1dab46ad614f'),
 ('5', '26', 'FRWH-B-500-24', '0', '936.0000', '4', '0.0000', '0.0000', '0.0000', '0.0000', '999', '0', NULL, NULL, '2016-09-08 15:39:29', '2016-09-08 15:39:29', 'c6a3168f-2130-4c7f-9686-dc64356b96d8'),
 ('7', '28', 'BEC-B-275-6', '0', '150.0000', '2', '0.0000', '0.0000', '0.0000', '0.0000', '999', '0', NULL, NULL, '2016-09-08 15:41:03', '2016-09-08 15:41:03', '0e276127-4ec6-4bf1-922c-91053c57e1f9'),
 ('7', '29', 'BEC-B-275-12', '0', '300.0000', '3', '0.0000', '0.0000', '0.0000', '0.0000', '999', '0', NULL, NULL, '2016-09-08 15:41:03', '2016-09-08 15:41:03', '121e5560-b404-48ef-a58d-0dc5ee27f74e'),
 ('7', '30', 'BEC-B-275-24', '0', '600.0000', '4', '0.0000', '0.0000', '0.0000', '0.0000', '999', '0', NULL, NULL, '2016-09-08 15:41:03', '2016-09-08 15:41:03', '0f9ae472-9290-4c66-84e5-ddc615607a0d'),
 ('9', '32', 'LEFBR-B-330-6', '0', '177.0000', '2', '0.0000', '0.0000', '0.0000', '0.0000', '999', '0', NULL, NULL, '2016-09-08 15:42:39', '2016-09-08 16:07:19', '1ff3a897-a1da-4e68-a4b8-4e842cb37161'),
 ('9', '33', 'LEFBR-B-330-12', '0', '354.0000', '3', '0.0000', '0.0000', '0.0000', '0.0000', '999', '0', NULL, NULL, '2016-09-08 15:42:39', '2016-09-08 16:07:19', '087bf65f-e138-474f-b212-eb5085e1b2c5'),
 ('9', '34', 'LEFBR-B-330-24', '0', '708.0000', '4', '0.0000', '0.0000', '0.0000', '0.0000', '999', '0', NULL, NULL, '2016-09-08 15:42:39', '2016-09-08 16:07:19', 'e47ced8f-a54c-411e-aa32-66f44282dde2'),
 ('47', '49', 'LEF-B-330-1', '1', '50.0000', '1', '0.0000', '0.0000', '0.0000', '0.0000', '999', '0', NULL, NULL, '2016-09-08 22:43:02', '2016-09-08 22:43:02', '9bad55cb-e451-4e4b-b0b8-b37e5f1ff2d3'),
 ('47', '50', 'LEF-B-330-6', '0', '300.0000', '2', '0.0000', '0.0000', '0.0000', '0.0000', '633', '0', NULL, NULL, '2016-09-08 22:43:02', '2016-09-08 22:43:02', '3293a7b6-99be-4c17-b723-340c20ea0c98'),
 ('47', '51', 'LEF-B-330-12', '0', '600.0000', '3', '0.0000', '0.0000', '0.0000', '0.0000', '316', '0', NULL, NULL, '2016-09-08 22:43:02', '2016-09-08 22:43:02', '9fc88e3d-c5d3-426c-b90e-22d9923955be'),
 ('47', '52', 'LEF-B-330-24', '0', '1200.0000', '4', '0.0000', '0.0000', '0.0000', '0.0000', '158', '0', NULL, NULL, '2016-09-08 22:43:02', '2016-09-08 22:43:02', '892c7ce4-bea0-41ca-8336-b68388f5e830'),
 ('55', '56', 'LEF-GW-01-1', '1', '150.0000', '1', '0.0000', '0.0000', '0.0000', '0.0000', '999', '0', NULL, NULL, '2016-09-08 22:44:14', '2016-09-08 22:44:14', 'd4a5e6b0-13c6-449b-908a-6be377282546'),
 ('58', '61', 'FLM-BP-10', '1', '700.0000', '1', '0.0000', '0.0000', '0.0000', '0.0000', '475', '0', NULL, NULL, '2016-09-08 22:45:44', '2016-09-08 22:45:44', '0f512318-8c07-4aad-93bd-5080db849136');



DROP TABLE IF EXISTS `craft_content`;


--
-- Schema for table `craft_content`
--
CREATE TABLE `craft_content` (
  `id` int(11) NOT NULL AUTO_INCREMENT,
  `elementId` int(11) NOT NULL,
  `locale` char(12) COLLATE utf8_unicode_ci NOT NULL,
  `title` varchar(255) COLLATE utf8_unicode_ci DEFAULT NULL,
  `field_body` text COLLATE utf8_unicode_ci,
  `field_productAbv` decimal(5,2) unsigned DEFAULT '0.00',
  `field_productVolume` text COLLATE utf8_unicode_ci,
  `field_socialMediaIcons` varchar(255) COLLATE utf8_unicode_ci DEFAULT NULL,
  `field_enable` tinyint(1) unsigned NOT NULL DEFAULT '0',
  `field_text` text COLLATE utf8_unicode_ci,
  `field_linkUrl` text COLLATE utf8_unicode_ci,
  `dateCreated` datetime NOT NULL,
  `dateUpdated` datetime NOT NULL,
  `uid` char(36) COLLATE utf8_unicode_ci NOT NULL DEFAULT '0',
  PRIMARY KEY (`id`),
  UNIQUE KEY `craft_content_elementId_locale_unq_idx` (`elementId`,`locale`),
  KEY `craft_content_title_idx` (`title`),
  KEY `craft_content_locale_fk` (`locale`)
) ENGINE=InnoDB AUTO_INCREMENT=262 DEFAULT CHARSET=utf8 COLLATE=utf8_unicode_ci;

--
-- Data for table `craft_content`
--

INSERT INTO `craft_content` (`id`, `elementId`, `locale`, `title`, `field_body`, `field_productAbv`, `field_productVolume`, `field_socialMediaIcons`, `field_enable`, `field_text`, `field_linkUrl`, `dateCreated`, `dateUpdated`, `uid`) VALUES
 ('1', '1', 'en_us', NULL, NULL, '0.00', NULL, NULL, '0', NULL, NULL, '2016-09-07 22:57:54', '2016-09-08 02:38:26', 'e4148654-f5f3-4ff4-8753-389178a76824'),
 ('2', '2', 'en_us', 'Homepage', '<p>test</p>', '0.00', NULL, NULL, '0', NULL, NULL, '2016-09-07 22:57:55', '2016-09-14 00:59:13', '10f67c68-756d-4bd9-be0c-f9d41f8c416d'),
 ('3', '3', 'en_us', 'Agua Mala Mantis', '<p>Mantis es una cerveza de trigo \"blanca\" tradicional, que entrega todo que se espera de su estilo: ctricos, hierbas, y un sabor refrescante. Agua Mala toma su nombre de una medusa que flota cerca de las costas de Ensenada, en la costa del Pacfico de Mxico, donde se encuentra la cervecera. Cada cerveza lleva el nombre del rea que rodea la cervecera. Qu es una mantis? Es un camarn grande, con pinzas, que es famoso por haber logrado atravesar el cristal de un acuario. La cerveza Mantis no romper un vaso, pero como su tocaya, tiene una cabeza rocosa.</p>', '0.00', NULL, NULL, '0', NULL, NULL, '2016-09-07 23:25:40', '2016-09-08 15:37:25', '6c32bc2d-5bf0-44c1-9e6b-3a80ede63f1b'),
 ('4', '4', 'en_us', 'Single', NULL, '0.00', NULL, NULL, '0', NULL, NULL, '2016-09-07 23:25:40', '2016-09-08 15:37:25', '2699e555-8d2d-4d86-b501-571f7fcd1147'),
 ('5', '5', 'en_us', 'Franziskaner Weizen Hell', '<p>La cerveza frutal brumosa de color mbar, Franziskaner Hefe-Weissbier Hell, es de cuerpo medio, refrescante y fresca, con sabor a pltanos, maracuy, especias, y malta. Fcil y placentera al beberse, esta cerveza de trigo es de fermentacin alta. Esta cerveza es elaborada en Bavaria, donde se sigue la receta producida desde 1363.</p>', '0.00', NULL, NULL, '0', NULL, NULL, '2016-09-07 23:25:40', '2016-09-08 15:39:29', '7ed272fa-19bd-4561-82bf-e5c0bcde7444'),
 ('6', '6', 'en_us', 'Single', NULL, '0.00', NULL, NULL, '0', NULL, NULL, '2016-09-07 23:25:40', '2016-09-08 15:39:29', 'b1b02713-d19f-4825-9f6d-18bc4e348907'),
 ('7', '7', 'en_us', 'Becks 275', '<p>Beck\'s, elaborada en Bremen, Alemania, es la cerveza alemana ms vendida en el mundo - al da de hoy se vende en ms de 90 pases. Tiene mucho sentido que Beck\'s viaje por el mundo, ya que Bremen es una ciudad portuaria y la cervecera se encuentra justo en el ro. Esta cerveza lager dorada tiene un sabor lupulado ligero y un final fresco - es suficientemente verstil como para acompaarla con lo que sea, especialmente con una buena compaa.</p>', '0.00', NULL, NULL, '0', NULL, NULL, '2016-09-07 23:25:40', '2016-09-08 15:41:03', 'afdf1a01-c3b6-4b1b-ae52-56173b4db59e'),
 ('8', '8', 'en_us', 'Single', NULL, '0.00', NULL, NULL, '0', NULL, NULL, '2016-09-07 23:25:40', '2016-09-08 15:41:03', '55ede87e-3e29-4506-ba4e-79aa8afc7894'),
 ('9', '9', 'en_us', 'Leffe Brune', '<p>Leffe Brunne es una autntica cerveza de abada. La malta tostada oscura le otorga a la cerveza su color oscuro y caf, y su sabor ligeramente dulce. Su receta data de los aos 1200, cuando los monjes en Dinant, Blgica (en la Abada Leffe), comenzaron a purificar el agua convirtindola en cerveza, en un intento por evitar las epidemias de enfermedades transmitidas por el agua. El resultado fue una cerveza oscura, de gran cuerpo; y los aldeanos de Dinant y los peregrinos que pasaban por ah fueron muy felices al compartirla.</p>', '0.00', NULL, NULL, '0', NULL, NULL, '2016-09-07 23:25:40', '2016-09-08 16:07:19', 'dda37746-84e5-44f5-84c2-45fd183466aa'),
 ('10', '10', 'en_us', 'Single', NULL, '0.00', NULL, NULL, '0', NULL, NULL, '2016-09-07 23:25:40', '2016-09-08 16:07:19', '73accaa0-1735-48a2-9b59-69974b7ac4d0'),
 ('11', '11', 'en_us', NULL, NULL, '0.00', NULL, NULL, '0', NULL, NULL, '2016-09-07 23:30:16', '2016-09-07 23:30:16', '02a2bfbf-ca0e-4056-ad71-68a0e4dde725'),
 ('12', '12', 'en_us', NULL, NULL, '0.00', NULL, NULL, '0', NULL, NULL, '2016-09-07 23:30:43', '2016-09-12 23:47:48', '7374f806-75c8-4a61-b7d4-383e41475b1c'),
 ('13', '3', 'it_it', 'A New Toga', NULL, '0.00', NULL, NULL, '0', NULL, NULL, '2016-09-08 01:41:03', '2016-09-08 01:41:03', '775ed03f-6c6c-48fe-8f3c-85840d843945'),
 ('14', '5', 'it_it', 'Parka with Stripes on Back', NULL, '0.00', NULL, NULL, '0', NULL, NULL, '2016-09-08 01:41:03', '2016-09-08 01:41:03', 'bbae79d2-87ba-452f-a7fe-3a4685d5fb41'),
 ('15', '7', 'it_it', 'Romper for a Red Eye', NULL, '0.00', NULL, NULL, '0', NULL, NULL, '2016-09-08 01:41:03', '2016-09-08 01:41:03', '7ae0be7c-2f62-4fe2-a427-c2e526481635'),
 ('16', '9', 'it_it', 'The Fleece Awakens', NULL, '0.00', NULL, NULL, '0', NULL, NULL, '2016-09-08 01:41:03', '2016-09-08 01:41:03', '52f16833-3d20-46a0-ae68-eea9028cdf2b'),
 ('17', '4', 'it_it', 'A New Toga', NULL, '0.00', NULL, NULL, '0', NULL, NULL, '2016-09-08 01:41:03', '2016-09-08 01:41:03', '336ce596-f7d5-44c7-bf6b-6ae48e6a2bff'),
 ('18', '6', 'it_it', 'Parka with Stripes on Back', NULL, '0.00', NULL, NULL, '0', NULL, NULL, '2016-09-08 01:41:03', '2016-09-08 01:41:03', '6c687f73-59ca-4635-98d6-b8db61352ecd'),
 ('19', '8', 'it_it', 'Romper for a Red Eye', NULL, '0.00', NULL, NULL, '0', NULL, NULL, '2016-09-08 01:41:03', '2016-09-08 01:41:03', 'df23785e-ef4a-477f-a1be-ad692d1b7fe1'),
 ('20', '10', 'it_it', 'The Fleece Awakens', NULL, '0.00', NULL, NULL, '0', NULL, NULL, '2016-09-08 01:41:03', '2016-09-08 01:41:03', '9ba29428-f46c-493c-b37e-710c8f31b5e8'),
 ('21', '3', 'es_mx', 'A New Toga', NULL, '0.00', NULL, NULL, '0', NULL, NULL, '2016-09-08 01:41:11', '2016-09-08 01:41:11', '6bd83df2-8736-44cd-8027-4ebd086d8691'),
 ('22', '5', 'es_mx', 'Parka with Stripes on Back', NULL, '0.00', NULL, NULL, '0', NULL, NULL, '2016-09-08 01:41:11', '2016-09-08 01:41:11', '623d1fbd-35b7-4291-9098-9608479dcb5e'),
 ('23', '7', 'es_mx', 'Romper for a Red Eye', NULL, '0.00', NULL, NULL, '0', NULL, NULL, '2016-09-08 01:41:11', '2016-09-08 01:41:11', '7a4653e5-f774-4bf2-b97b-e899a94318b0'),
 ('24', '9', 'es_mx', 'The Fleece Awakens', NULL, '0.00', NULL, NULL, '0', NULL, NULL, '2016-09-08 01:41:11', '2016-09-08 01:41:11', '8ad3e313-6bc0-4f48-9f88-a0502448930e'),
 ('25', '4', 'es_mx', 'A New Toga', NULL, '0.00', NULL, NULL, '0', NULL, NULL, '2016-09-08 01:41:11', '2016-09-08 01:41:11', '38de7eaf-2c0f-484b-afa9-2d58627f07dd'),
 ('26', '6', 'es_mx', 'Parka with Stripes on Back', NULL, '0.00', NULL, NULL, '0', NULL, NULL, '2016-09-08 01:41:11', '2016-09-08 01:41:11', '2b784da9-773c-4bc9-b283-d4d065768514'),
 ('27', '8', 'es_mx', 'Romper for a Red Eye', NULL, '0.00', NULL, NULL, '0', NULL, NULL, '2016-09-08 01:41:11', '2016-09-08 01:41:11', 'bfe5bf4f-5d5d-4d6e-8964-07ee0bd85024'),
 ('28', '10', 'es_mx', 'The Fleece Awakens', NULL, '0.00', NULL, NULL, '0', NULL, NULL, '2016-09-08 01:41:11', '2016-09-08 01:41:11', 'ec23016f-f74b-446b-97d7-44a63520ac96'),
 ('29', '3', 'en_gb', 'A New Toga', NULL, '0.00', NULL, NULL, '0', NULL, NULL, '2016-09-08 01:45:39', '2016-09-08 01:45:39', '6643a731-a531-4d84-aee1-1d2ed2499780'),
 ('30', '5', 'en_gb', 'Parka with Stripes on Back', NULL, '0.00', NULL, NULL, '0', NULL, NULL, '2016-09-08 01:45:39', '2016-09-08 01:45:39', 'a7d253bc-acba-4c11-8a1d-95254553935a'),
 ('31', '7', 'en_gb', 'Romper for a Red Eye', NULL, '0.00', NULL, NULL, '0', NULL, NULL, '2016-09-08 01:45:39', '2016-09-08 01:45:39', 'd9562a16-6a9c-4c06-81bf-1d791c41951b'),
 ('32', '9', 'en_gb', 'The Fleece Awakens', NULL, '0.00', NULL, NULL, '0', NULL, NULL, '2016-09-08 01:45:39', '2016-09-08 01:45:39', 'dacc49f7-8acb-45dc-9a93-2d90f9375686'),
 ('33', '4', 'en_gb', 'A New Toga', NULL, '0.00', NULL, NULL, '0', NULL, NULL, '2016-09-08 01:45:39', '2016-09-08 01:45:39', '1a120373-e82c-4233-8398-0a631a0344ca'),
 ('34', '6', 'en_gb', 'Parka with Stripes on Back', NULL, '0.00', NULL, NULL, '0', NULL, NULL, '2016-09-08 01:45:39', '2016-09-08 01:45:39', '979a3c3f-86aa-4120-b430-d087e18d83a1'),
 ('35', '8', 'en_gb', 'Romper for a Red Eye', NULL, '0.00', NULL, NULL, '0', NULL, NULL, '2016-09-08 01:45:39', '2016-09-08 01:45:39', 'fdd87e7e-f940-4401-ab5b-e3d9f3527b7f'),
 ('36', '10', 'en_gb', 'The Fleece Awakens', NULL, '0.00', NULL, NULL, '0', NULL, NULL, '2016-09-08 01:45:39', '2016-09-08 01:45:39', 'e9653887-97a6-4a25-b119-6c562771f84b'),
 ('37', '13', 'en_us', 'Agmm B 355 1 33E32F96 8733 42F6 9Dc0 60B838B6Bde1 Grande', NULL, '0.00', NULL, NULL, '0', NULL, NULL, '2016-09-08 15:16:43', '2016-09-08 15:16:43', '4c580352-c812-492a-80b0-399e52d39079'),
 ('38', '13', 'it_it', 'Agmm B 355 1 33E32F96 8733 42F6 9Dc0 60B838B6Bde1 Grande', NULL, '0.00', NULL, NULL, '0', NULL, NULL, '2016-09-08 15:16:43', '2016-09-08 15:16:43', '05245e6b-a5f7-4525-afe3-add1b1b8730e'),
 ('39', '13', 'es_mx', 'Agmm B 355 1 33E32F96 8733 42F6 9Dc0 60B838B6Bde1 Grande', NULL, '0.00', NULL, NULL, '0', NULL, NULL, '2016-09-08 15:16:43', '2016-09-08 15:16:43', '3efa4b57-0d92-4b14-aea2-849af09b459e'),
 ('40', '13', 'en_gb', 'Agmm B 355 1 33E32F96 8733 42F6 9Dc0 60B838B6Bde1 Grande', NULL, '0.00', NULL, NULL, '0', NULL, NULL, '2016-09-08 15:16:43', '2016-09-08 15:16:43', 'abd9f043-eca4-40e3-a2d8-e4fc768fc931'),
 ('45', '15', 'en_us', '6 Pack', NULL, '0.00', NULL, NULL, '0', NULL, NULL, '2016-09-08 15:34:55', '2016-09-08 15:37:25', '9a1af28f-01bd-4b21-8fbd-3a46eae546b4'),
 ('46', '15', 'it_it', '6 Pack', NULL, '0.00', NULL, NULL, '0', NULL, NULL, '2016-09-08 15:34:55', '2016-09-08 15:34:55', '3e4e353c-fc04-49d7-81fc-98a597ea7228'),
 ('47', '15', 'es_mx', '6 Pack', NULL, '0.00', NULL, NULL, '0', NULL, NULL, '2016-09-08 15:34:55', '2016-09-08 15:34:55', 'fc5f8956-3789-4612-8fc8-4355a55b3eba'),
 ('48', '15', 'en_gb', '6 Pack', NULL, '0.00', NULL, NULL, '0', NULL, NULL, '2016-09-08 15:34:55', '2016-09-08 15:34:55', 'dfe651f8-95ae-4e1d-88a2-3c88f94d4270'),
 ('49', '16', 'en_us', '12 Pack', NULL, '0.00', NULL, NULL, '0', NULL, NULL, '2016-09-08 15:34:55', '2016-09-08 15:37:25', '38ec06d0-3af6-4902-bd05-9e8dc482cf2c'),
 ('50', '16', 'it_it', '12 Pack', NULL, '0.00', NULL, NULL, '0', NULL, NULL, '2016-09-08 15:34:55', '2016-09-08 15:34:55', 'efd42d00-dcc8-44a4-9268-ba46e8f1e2c2'),
 ('51', '16', 'es_mx', '12 Pack', NULL, '0.00', NULL, NULL, '0', NULL, NULL, '2016-09-08 15:34:55', '2016-09-08 15:34:55', 'fcfd2fc0-0bf4-409e-9586-662d66cec0a2'),
 ('52', '16', 'en_gb', '12 Pack', NULL, '0.00', NULL, NULL, '0', NULL, NULL, '2016-09-08 15:34:55', '2016-09-08 15:34:55', '725dac33-7c16-4d45-b71d-cbf7dfed6e2c'),
 ('53', '17', 'en_us', '24 Pack', NULL, '0.00', NULL, NULL, '0', NULL, NULL, '2016-09-08 15:34:55', '2016-09-08 15:37:25', 'e989ef43-2ffb-423a-94db-354da39aa158'),
 ('54', '17', 'it_it', '24 Pack', NULL, '0.00', NULL, NULL, '0', NULL, NULL, '2016-09-08 15:34:56', '2016-09-08 15:34:56', '30446a1b-5e36-4736-9acd-827d9b117718'),
 ('55', '17', 'es_mx', '24 Pack', NULL, '0.00', NULL, NULL, '0', NULL, NULL, '2016-09-08 15:34:56', '2016-09-08 15:34:56', '611a97b6-9826-42c7-8cb8-32d7b9ba8710'),
 ('56', '17', 'en_gb', '24 Pack', NULL, '0.00', NULL, NULL, '0', NULL, NULL, '2016-09-08 15:34:56', '2016-09-08 15:34:56', '8b4b41e4-7488-4aa2-8adc-52535a7dcde6'),
 ('57', '18', 'en_us', 'Ste Gw 11 1 6Ab16772 4730 4D50 Ae2A 3A91D963A0F1 Grande', NULL, '0.00', NULL, NULL, '0', NULL, NULL, '2016-09-08 15:36:14', '2016-09-08 15:36:14', '21117b37-6ef4-48a2-bd28-f2ff613ea4ef'),
 ('58', '18', 'it_it', 'Ste Gw 11 1 6Ab16772 4730 4D50 Ae2A 3A91D963A0F1 Grande', NULL, '0.00', NULL, NULL, '0', NULL, NULL, '2016-09-08 15:36:14', '2016-09-08 15:36:14', 'ae92b9af-f834-4a75-a549-8080c10402d9'),
 ('59', '18', 'es_mx', 'Ste Gw 11 1 6Ab16772 4730 4D50 Ae2A 3A91D963A0F1 Grande', NULL, '0.00', NULL, NULL, '0', NULL, NULL, '2016-09-08 15:36:14', '2016-09-08 15:36:14', '5fd476e5-2073-47a9-8e9c-07cf9e66d70e'),
 ('60', '18', 'en_gb', 'Ste Gw 11 1 6Ab16772 4730 4D50 Ae2A 3A91D963A0F1 Grande', NULL, '0.00', NULL, NULL, '0', NULL, NULL, '2016-09-08 15:36:14', '2016-09-08 15:36:14', 'f8f5b35a-edab-4282-8205-1018c85bfcea'),
 ('61', '19', 'en_us', 'Chalice Stella Artois', '<p>Las elegantes curvas del Cliz de Stella estn diseadas para maximizar la gasificacin y el sabor, mientras que la cabeza cnica concentra el aroma y promueve la espuma. Existe un ritual aunado al proceso de servir una Stella Artois, comenzando con un bao de hielo y terminando con el primer sorbo, y el cliz es una parte escencial.</p>', '0.00', NULL, NULL, '0', NULL, NULL, '2016-09-08 15:37:12', '2016-09-08 15:37:12', '82c042fa-4e5d-40b2-9498-5141077a2cbf'),
 ('62', '19', 'it_it', 'Chalice Stella Artois', '<p>Las elegantes curvas del Cliz de Stella estn diseadas para maximizar la gasificacin y el sabor, mientras que la cabeza cnica concentra el aroma y promueve la espuma. Existe un ritual aunado al proceso de servir una Stella Artois, comenzando con un bao de hielo y terminando con el primer sorbo, y el cliz es una parte escencial.</p>', '0.00', NULL, NULL, '0', NULL, NULL, '2016-09-08 15:37:12', '2016-09-08 15:37:12', '484110b4-28c3-4811-8065-3a2ffe4d396b'),
 ('63', '19', 'es_mx', 'Chalice Stella Artois', '<p>Las elegantes curvas del Cliz de Stella estn diseadas para maximizar la gasificacin y el sabor, mientras que la cabeza cnica concentra el aroma y promueve la espuma. Existe un ritual aunado al proceso de servir una Stella Artois, comenzando con un bao de hielo y terminando con el primer sorbo, y el cliz es una parte escencial.</p>', '0.00', NULL, NULL, '0', NULL, NULL, '2016-09-08 15:37:12', '2016-09-08 15:37:12', '71c4257c-6629-433c-ba29-95552817f0b4'),
 ('64', '19', 'en_gb', 'Chalice Stella Artois', '<p>Las elegantes curvas del Cliz de Stella estn diseadas para maximizar la gasificacin y el sabor, mientras que la cabeza cnica concentra el aroma y promueve la espuma. Existe un ritual aunado al proceso de servir una Stella Artois, comenzando con un bao de hielo y terminando con el primer sorbo, y el cliz es una parte escencial.</p>', '0.00', NULL, NULL, '0', NULL, NULL, '2016-09-08 15:37:12', '2016-09-08 15:37:12', 'cc4793b8-8efc-4588-86ad-5d6ed9d619df'),
 ('65', '20', 'en_us', 'Single', NULL, '0.00', NULL, NULL, '0', NULL, NULL, '2016-09-08 15:37:12', '2016-09-08 15:37:12', 'f9c11f6b-74b2-4eac-9561-cb77f656bf56'),
 ('66', '20', 'it_it', 'Single', NULL, '0.00', NULL, NULL, '0', NULL, NULL, '2016-09-08 15:37:12', '2016-09-08 15:37:12', 'b54f7015-0bbd-4771-933b-90041668ee34'),
 ('67', '20', 'es_mx', 'Single', NULL, '0.00', NULL, NULL, '0', NULL, NULL, '2016-09-08 15:37:12', '2016-09-08 15:37:12', '641715d1-35ff-4b4e-9524-d0265f47b039'),
 ('68', '20', 'en_gb', 'Single', NULL, '0.00', NULL, NULL, '0', NULL, NULL, '2016-09-08 15:37:12', '2016-09-08 15:37:12', '057609a6-bf9e-4f77-89a5-e08d96a6ce53'),
 ('69', '21', 'en_us', '6 Pack', NULL, '0.00', NULL, NULL, '0', NULL, NULL, '2016-09-08 15:37:12', '2016-09-08 15:37:12', '04df5d67-5667-4662-bfc4-08a195c59ccd'),
 ('70', '21', 'it_it', '6 Pack', NULL, '0.00', NULL, NULL, '0', NULL, NULL, '2016-09-08 15:37:12', '2016-09-08 15:37:12', 'abf857fa-d2ef-4081-99a8-9fe900de27e6'),
 ('71', '21', 'es_mx', '6 Pack', NULL, '0.00', NULL, NULL, '0', NULL, NULL, '2016-09-08 15:37:12', '2016-09-08 15:37:12', '82a173bf-d94f-4c4b-b9d6-d39b00dab0c8'),
 ('72', '21', 'en_gb', '6 Pack', NULL, '0.00', NULL, NULL, '0', NULL, NULL, '2016-09-08 15:37:12', '2016-09-08 15:37:12', '28880ea3-e620-43de-9276-36eb95a929a0'),
 ('73', '22', 'en_us', '24 Pack', NULL, '0.00', NULL, NULL, '0', NULL, NULL, '2016-09-08 15:37:12', '2016-09-08 15:37:12', 'e09b438c-c693-49f0-8d8a-65843ef8f6dc'),
 ('74', '22', 'it_it', '24 Pack', NULL, '0.00', NULL, NULL, '0', NULL, NULL, '2016-09-08 15:37:12', '2016-09-08 15:37:12', '8a13572d-e127-4d0b-9dee-8332b54a3c05'),
 ('75', '22', 'es_mx', '24 Pack', NULL, '0.00', NULL, NULL, '0', NULL, NULL, '2016-09-08 15:37:12', '2016-09-08 15:37:12', '8952182c-f3ee-4243-a57e-ee31909ca508'),
 ('76', '22', 'en_gb', '24 Pack', NULL, '0.00', NULL, NULL, '0', NULL, NULL, '2016-09-08 15:37:12', '2016-09-08 15:37:12', '8057f098-7b6e-42b9-94b2-bddeaabdaef3'),
 ('77', '23', 'en_us', 'Frwh B 355 1 Grande', NULL, '0.00', NULL, NULL, '0', NULL, NULL, '2016-09-08 15:38:20', '2016-09-08 15:38:20', 'c61f22c4-7cd9-4844-aceb-a711870b04b1'),
 ('78', '23', 'it_it', 'Frwh B 355 1 Grande', NULL, '0.00', NULL, NULL, '0', NULL, NULL, '2016-09-08 15:38:20', '2016-09-08 15:38:20', '3e004f7c-19fd-4a7f-a1de-00d295884e7b'),
 ('79', '23', 'es_mx', 'Frwh B 355 1 Grande', NULL, '0.00', NULL, NULL, '0', NULL, NULL, '2016-09-08 15:38:20', '2016-09-08 15:38:20', '4f9eb60e-f5a6-4b58-9733-5ec73b2fac84'),
 ('80', '23', 'en_gb', 'Frwh B 355 1 Grande', NULL, '0.00', NULL, NULL, '0', NULL, NULL, '2016-09-08 15:38:20', '2016-09-08 15:38:20', '4b3ffdaf-e6b9-4c81-8068-6fd39623bdf3'),
 ('81', '24', 'en_us', '6 Pack', NULL, '0.00', NULL, NULL, '0', NULL, NULL, '2016-09-08 15:39:29', '2016-09-08 15:39:29', '83e07c9c-89a8-43a8-8e6c-b09037fa76cf'),
 ('82', '24', 'it_it', '6 Pack', NULL, '0.00', NULL, NULL, '0', NULL, NULL, '2016-09-08 15:39:29', '2016-09-08 15:39:29', 'af54bf95-b196-4988-818e-fe6415184730'),
 ('83', '24', 'es_mx', '6 Pack', NULL, '0.00', NULL, NULL, '0', NULL, NULL, '2016-09-08 15:39:29', '2016-09-08 15:39:29', '86cbe316-885f-4228-a13a-690d548cb802'),
 ('84', '24', 'en_gb', '6 Pack', NULL, '0.00', NULL, NULL, '0', NULL, NULL, '2016-09-08 15:39:29', '2016-09-08 15:39:29', '97f2a91b-fe97-4ade-935a-8951d20a6a66'),
 ('85', '25', 'en_us', '12 Pack', NULL, '0.00', NULL, NULL, '0', NULL, NULL, '2016-09-08 15:39:29', '2016-09-08 15:39:29', 'b1f44d3d-682e-4c4f-8a55-d1d35721fe74'),
 ('86', '25', 'it_it', '12 Pack', NULL, '0.00', NULL, NULL, '0', NULL, NULL, '2016-09-08 15:39:29', '2016-09-08 15:39:29', '8d80daba-9b70-43be-acff-c9a6d28b07cb'),
 ('87', '25', 'es_mx', '12 Pack', NULL, '0.00', NULL, NULL, '0', NULL, NULL, '2016-09-08 15:39:29', '2016-09-08 15:39:29', 'ba59ef37-1bf0-4969-847e-d8339334a873'),
 ('88', '25', 'en_gb', '12 Pack', NULL, '0.00', NULL, NULL, '0', NULL, NULL, '2016-09-08 15:39:29', '2016-09-08 15:39:29', '050b3a75-52fa-4739-a9da-14603c3bc88d'),
 ('89', '26', 'en_us', '24 Pack', NULL, '0.00', NULL, NULL, '0', NULL, NULL, '2016-09-08 15:39:29', '2016-09-08 15:39:29', '6e7c3084-d2e9-4753-aebb-fb725c69ed78'),
 ('90', '26', 'it_it', '24 Pack', NULL, '0.00', NULL, NULL, '0', NULL, NULL, '2016-09-08 15:39:29', '2016-09-08 15:39:29', '533bdbbc-7c27-4f42-9fe5-a8c4c0ddc505'),
 ('91', '26', 'es_mx', '24 Pack', NULL, '0.00', NULL, NULL, '0', NULL, NULL, '2016-09-08 15:39:29', '2016-09-08 15:39:29', '52fe23e9-6e2e-42ea-85b8-63a7970bc01d'),
 ('92', '26', 'en_gb', '24 Pack', NULL, '0.00', NULL, NULL, '0', NULL, NULL, '2016-09-08 15:39:29', '2016-09-08 15:39:29', '816efe6b-d645-423a-9557-3fda8338be6d'),
 ('93', '27', 'en_us', 'Bec B 275 1 D9C58D1A 2192 47D7 Bfdc Ff48158C3A2C Grande', NULL, '0.00', NULL, NULL, '0', NULL, NULL, '2016-09-08 15:40:01', '2016-09-08 15:40:01', 'f322151f-f9f1-47e4-9cab-c566b9f24c6f'),
 ('94', '27', 'it_it', 'Bec B 275 1 D9C58D1A 2192 47D7 Bfdc Ff48158C3A2C Grande', NULL, '0.00', NULL, NULL, '0', NULL, NULL, '2016-09-08 15:40:01', '2016-09-08 15:40:01', '1a00a093-494e-490b-a527-14d2feb41858'),
 ('95', '27', 'es_mx', 'Bec B 275 1 D9C58D1A 2192 47D7 Bfdc Ff48158C3A2C Grande', NULL, '0.00', NULL, NULL, '0', NULL, NULL, '2016-09-08 15:40:01', '2016-09-08 15:40:01', '19c99037-c866-4ccd-bd68-bd2570e1df80'),
 ('96', '27', 'en_gb', 'Bec B 275 1 D9C58D1A 2192 47D7 Bfdc Ff48158C3A2C Grande', NULL, '0.00', NULL, NULL, '0', NULL, NULL, '2016-09-08 15:40:01', '2016-09-08 15:40:01', '1acf7a16-b8db-46c3-8930-d0f847ff4b51'),
 ('97', '28', 'en_us', '6 Pack', NULL, '0.00', NULL, NULL, '0', NULL, NULL, '2016-09-08 15:41:03', '2016-09-08 15:41:03', '292113e7-c4b1-43a5-8184-35678e33d577'),
 ('98', '28', 'it_it', '6 Pack', NULL, '0.00', NULL, NULL, '0', NULL, NULL, '2016-09-08 15:41:03', '2016-09-08 15:41:03', '51b08a61-60b3-40c0-92b5-3c80d2ad1ce7'),
 ('99', '28', 'es_mx', '6 Pack', NULL, '0.00', NULL, NULL, '0', NULL, NULL, '2016-09-08 15:41:03', '2016-09-08 15:41:03', '2645a724-8935-4b3d-aa1e-3244f6c07054'),
 ('100', '28', 'en_gb', '6 Pack', NULL, '0.00', NULL, NULL, '0', NULL, NULL, '2016-09-08 15:41:03', '2016-09-08 15:41:03', 'e4d5ea38-5bf9-4624-a3b3-c94e8df2748d'),
 ('101', '29', 'en_us', '12 Pack', NULL, '0.00', NULL, NULL, '0', NULL, NULL, '2016-09-08 15:41:03', '2016-09-08 15:41:03', '0a3e87eb-031d-4e76-9cb3-a78477b82bef'),
 ('102', '29', 'it_it', '12 Pack', NULL, '0.00', NULL, NULL, '0', NULL, NULL, '2016-09-08 15:41:03', '2016-09-08 15:41:03', 'b40ff5b5-0723-4ba4-b43c-c159b096e00e'),
 ('103', '29', 'es_mx', '12 Pack', NULL, '0.00', NULL, NULL, '0', NULL, NULL, '2016-09-08 15:41:03', '2016-09-08 15:41:03', 'fe165ffc-fa5d-4485-b8f2-e02e2a6a9e5f'),
 ('104', '29', 'en_gb', '12 Pack', NULL, '0.00', NULL, NULL, '0', NULL, NULL, '2016-09-08 15:41:03', '2016-09-08 15:41:03', '94613878-b41a-460f-a588-5fed7025d5a8');
INSERT INTO `craft_content` (`id`, `elementId`, `locale`, `title`, `field_body`, `field_productAbv`, `field_productVolume`, `field_socialMediaIcons`, `field_enable`, `field_text`, `field_linkUrl`, `dateCreated`, `dateUpdated`, `uid`) VALUES
 ('105', '30', 'en_us', '24 Pack', NULL, '0.00', NULL, NULL, '0', NULL, NULL, '2016-09-08 15:41:03', '2016-09-08 15:41:03', '525b9b48-95a1-4b94-8a93-44ce24aedd26'),
 ('106', '30', 'it_it', '24 Pack', NULL, '0.00', NULL, NULL, '0', NULL, NULL, '2016-09-08 15:41:03', '2016-09-08 15:41:03', '4ecaea4e-b075-4667-8f67-b27f4d073ff5'),
 ('107', '30', 'es_mx', '24 Pack', NULL, '0.00', NULL, NULL, '0', NULL, NULL, '2016-09-08 15:41:03', '2016-09-08 15:41:03', 'e695edec-767b-44ff-a71f-5e24a38e5825'),
 ('108', '30', 'en_gb', '24 Pack', NULL, '0.00', NULL, NULL, '0', NULL, NULL, '2016-09-08 15:41:03', '2016-09-08 15:41:03', 'c883c25e-ed9e-41b6-a770-8ffe0fcf5ab4'),
 ('109', '31', 'en_us', 'Lefbr B 330 1 Grande', NULL, '0.00', NULL, NULL, '0', NULL, NULL, '2016-09-08 15:41:34', '2016-09-08 15:41:34', 'a83842c0-5b89-4a28-be68-55e3bd53cf7a'),
 ('110', '31', 'it_it', 'Lefbr B 330 1 Grande', NULL, '0.00', NULL, NULL, '0', NULL, NULL, '2016-09-08 15:41:34', '2016-09-08 15:41:34', 'db712717-fb84-4409-a3d0-1089ebca0d1a'),
 ('111', '31', 'es_mx', 'Lefbr B 330 1 Grande', NULL, '0.00', NULL, NULL, '0', NULL, NULL, '2016-09-08 15:41:34', '2016-09-08 15:41:34', '120c2e92-85a2-4d96-badc-fdca2063df05'),
 ('112', '31', 'en_gb', 'Lefbr B 330 1 Grande', NULL, '0.00', NULL, NULL, '0', NULL, NULL, '2016-09-08 15:41:34', '2016-09-08 15:41:34', '2654213a-7b30-42da-b9ef-52eadcf27e1e'),
 ('113', '32', 'en_us', '6 Pack', NULL, '0.00', NULL, NULL, '0', NULL, NULL, '2016-09-08 15:42:39', '2016-09-08 16:07:19', 'fbcb8e9e-3a45-481c-9bbe-880901401398'),
 ('114', '32', 'it_it', '6 Pack', NULL, '0.00', NULL, NULL, '0', NULL, NULL, '2016-09-08 15:42:39', '2016-09-08 15:42:39', 'c4920c85-d08e-4728-aa19-280a25dd6cd1'),
 ('115', '32', 'es_mx', '6 Pack', NULL, '0.00', NULL, NULL, '0', NULL, NULL, '2016-09-08 15:42:39', '2016-09-08 15:42:39', '6084ef77-8f79-4c0c-8980-2908ad1701d1'),
 ('116', '32', 'en_gb', '6 Pack', NULL, '0.00', NULL, NULL, '0', NULL, NULL, '2016-09-08 15:42:39', '2016-09-08 15:42:39', 'bf195ae7-116b-42b5-8369-d6bc2145b079'),
 ('117', '33', 'en_us', '12 Pack', NULL, '0.00', NULL, NULL, '0', NULL, NULL, '2016-09-08 15:42:39', '2016-09-08 16:07:19', '7ff51d60-6ce6-451e-b50a-ea3a0e5a84d9'),
 ('118', '33', 'it_it', '12 Pack', NULL, '0.00', NULL, NULL, '0', NULL, NULL, '2016-09-08 15:42:39', '2016-09-08 15:42:39', '9acbf468-fcc2-4487-be2a-b2edcd78e66e'),
 ('119', '33', 'es_mx', '12 Pack', NULL, '0.00', NULL, NULL, '0', NULL, NULL, '2016-09-08 15:42:39', '2016-09-08 15:42:39', '253ff332-bd26-4908-86d9-586d5d954914'),
 ('120', '33', 'en_gb', '12 Pack', NULL, '0.00', NULL, NULL, '0', NULL, NULL, '2016-09-08 15:42:39', '2016-09-08 15:42:39', 'eab3fbb6-6cd3-486b-b77d-36bd4486c612'),
 ('121', '34', 'en_us', '24 pack', NULL, '0.00', NULL, NULL, '0', NULL, NULL, '2016-09-08 15:42:39', '2016-09-08 16:07:19', '9d8a91c2-a55b-4fd9-8e47-1b827f17cc65'),
 ('122', '34', 'it_it', '24 pack', NULL, '0.00', NULL, NULL, '0', NULL, NULL, '2016-09-08 15:42:39', '2016-09-08 15:42:39', '6f42a085-5f27-40ed-aa74-6ac2a0219fb5'),
 ('123', '34', 'es_mx', '24 pack', NULL, '0.00', NULL, NULL, '0', NULL, NULL, '2016-09-08 15:42:39', '2016-09-08 15:42:39', '5ea88473-aec9-4e85-bc21-0ef8838fec4e'),
 ('124', '34', 'en_gb', '24 pack', NULL, '0.00', NULL, NULL, '0', NULL, NULL, '2016-09-08 15:42:39', '2016-09-08 15:42:39', '70027c70-d093-4c39-83fc-45082cc2c4aa'),
 ('125', '35', 'en_us', 'Ale', NULL, '0.00', NULL, NULL, '0', NULL, NULL, '2016-09-08 15:58:35', '2016-09-08 15:58:40', '69f50f65-fcd3-4381-9cd0-c6261fc54861'),
 ('126', '35', 'it_it', 'Ale', NULL, '0.00', NULL, NULL, '0', NULL, NULL, '2016-09-08 15:58:35', '2016-09-08 15:58:35', '89a76067-9322-440a-9dbe-bb337f3b2517'),
 ('127', '35', 'es_mx', 'Ale', NULL, '0.00', NULL, NULL, '0', NULL, NULL, '2016-09-08 15:58:35', '2016-09-08 15:58:35', '929b20d7-c0bc-4bf4-aa40-c2306592ffa0'),
 ('128', '35', 'en_gb', 'Ale', NULL, '0.00', NULL, NULL, '0', NULL, NULL, '2016-09-08 15:58:35', '2016-09-08 15:58:35', '2301bd84-9f2c-4518-9513-c747b6f72ad3'),
 ('129', '36', 'en_us', 'Lager', NULL, '0.00', NULL, NULL, '0', NULL, NULL, '2016-09-08 15:58:58', '2016-09-08 15:58:58', '7a962a80-c050-477a-ac87-882f3d4e3dfa'),
 ('130', '36', 'it_it', 'Lager', NULL, '0.00', NULL, NULL, '0', NULL, NULL, '2016-09-08 15:58:58', '2016-09-08 15:58:58', '64b64220-58f6-4cb4-9585-862d444fa96f'),
 ('131', '36', 'es_mx', 'Lager', NULL, '0.00', NULL, NULL, '0', NULL, NULL, '2016-09-08 15:58:58', '2016-09-08 15:58:58', '8fc606f9-26ad-449a-92e1-76ac8d4f8a9a'),
 ('132', '36', 'en_gb', 'Lager', NULL, '0.00', NULL, NULL, '0', NULL, NULL, '2016-09-08 15:58:58', '2016-09-08 15:58:58', '8613fc53-dfce-4c6b-b5d9-b126b9a99238'),
 ('137', '38', 'en_us', 'Coffee', NULL, '0.00', NULL, NULL, '0', NULL, NULL, '2016-09-08 16:01:49', '2016-09-08 16:01:49', '527b635e-2e4b-48e0-9878-0517f128fa6d'),
 ('138', '38', 'it_it', 'Coffee', NULL, '0.00', NULL, NULL, '0', NULL, NULL, '2016-09-08 16:01:49', '2016-09-08 16:01:49', '7eb6d713-4f1e-49a1-8b96-5d36a288e7d0'),
 ('139', '38', 'es_mx', 'Caf', NULL, '0.00', NULL, NULL, '0', NULL, NULL, '2016-09-08 16:01:49', '2016-09-08 16:02:26', 'e114f4de-0673-417e-b2f0-a03d43e854da'),
 ('140', '38', 'en_gb', 'Coffee', NULL, '0.00', NULL, NULL, '0', NULL, NULL, '2016-09-08 16:01:49', '2016-09-08 16:01:49', '01e9c068-81a8-4e2c-9fd0-4e91d5af1d36'),
 ('141', '39', 'en_us', 'Toasted', NULL, '0.00', NULL, NULL, '0', NULL, NULL, '2016-09-08 16:02:54', '2016-09-08 16:02:54', '1757c6b5-1e0b-4fbb-9147-aa6f39b0ce24'),
 ('142', '39', 'it_it', 'Toasted', NULL, '0.00', NULL, NULL, '0', NULL, NULL, '2016-09-08 16:02:54', '2016-09-08 16:02:54', 'f00da1c3-a66b-4ff8-a860-a97b1fcb1b63'),
 ('143', '39', 'es_mx', 'Tostado', NULL, '0.00', NULL, NULL, '0', NULL, NULL, '2016-09-08 16:02:54', '2016-09-08 16:03:02', '46d537a8-3ab6-4311-95cd-46050dc2162e'),
 ('144', '39', 'en_gb', 'Toasted', NULL, '0.00', NULL, NULL, '0', NULL, NULL, '2016-09-08 16:02:54', '2016-09-08 16:02:54', 'd164e8b4-a0b1-4944-b5f3-fa135b4fa4a6'),
 ('145', '40', 'en_us', 'Brown', NULL, '0.00', NULL, NULL, '0', NULL, NULL, '2016-09-08 16:03:10', '2016-09-08 16:03:10', 'd90db729-2d09-4e47-8d04-83b2e9c34b2d'),
 ('146', '40', 'it_it', 'Brown', NULL, '0.00', NULL, NULL, '0', NULL, NULL, '2016-09-08 16:03:10', '2016-09-08 16:03:10', '44abe9a4-9506-4b7e-b33f-cd88888d9158'),
 ('147', '40', 'es_mx', 'Caf', NULL, '0.00', NULL, NULL, '0', NULL, NULL, '2016-09-08 16:03:10', '2016-09-08 16:03:23', '2de72e1d-fa90-4ad5-9fef-5c82f545898a'),
 ('148', '40', 'en_gb', 'Brown', NULL, '0.00', NULL, NULL, '0', NULL, NULL, '2016-09-08 16:03:10', '2016-09-08 16:03:10', 'f34c846a-af99-4eca-9e94-d7b33d8bbb02'),
 ('149', '41', 'en_us', 'Blonde', NULL, '0.00', NULL, NULL, '0', NULL, NULL, '2016-09-08 16:03:40', '2016-09-08 16:03:40', 'ad8b2a2e-33af-40c5-87e3-8ad5063e2154'),
 ('150', '41', 'it_it', 'Blonde', NULL, '0.00', NULL, NULL, '0', NULL, NULL, '2016-09-08 16:03:40', '2016-09-08 16:03:40', '65e78b8a-02e8-4eb0-8803-83e371e449c1'),
 ('151', '41', 'es_mx', 'Blonde', NULL, '0.00', NULL, NULL, '0', NULL, NULL, '2016-09-08 16:03:40', '2016-09-08 16:03:40', '453e7475-a9ad-4c87-983e-0b24ecb5dab7'),
 ('152', '41', 'en_gb', 'Blonde', NULL, '0.00', NULL, NULL, '0', NULL, NULL, '2016-09-08 16:03:40', '2016-09-08 16:03:40', '4b6d35ff-3a93-4290-9976-568f3ab7527a'),
 ('153', '42', 'en_us', 'Balanced', NULL, '0.00', NULL, NULL, '0', NULL, NULL, '2016-09-08 16:03:49', '2016-09-08 16:03:49', '6fca19ca-a85d-4903-88f3-4d0a3394ea19'),
 ('154', '42', 'it_it', 'Balanced', NULL, '0.00', NULL, NULL, '0', NULL, NULL, '2016-09-08 16:03:49', '2016-09-08 16:03:49', '6409225a-e6ab-46d5-bfb8-ea8655d321f5'),
 ('155', '42', 'es_mx', 'Equilibrado', NULL, '0.00', NULL, NULL, '0', NULL, NULL, '2016-09-08 16:03:49', '2016-09-08 16:03:59', '959ca421-dbde-4797-85b6-1fe3a61bb7d2'),
 ('156', '42', 'en_gb', 'Balanced', NULL, '0.00', NULL, NULL, '0', NULL, NULL, '2016-09-08 16:03:49', '2016-09-08 16:03:49', '3ce5e565-22e0-499d-b437-3a4dcbb5ecb2'),
 ('157', '43', 'en_us', 'High Alcohol', NULL, '0.00', NULL, NULL, '0', NULL, NULL, '2016-09-08 16:04:08', '2016-09-08 16:04:08', '713aecd1-4a7b-43d9-af7a-c2b75a52c337'),
 ('158', '43', 'it_it', 'High Alcohol', NULL, '0.00', NULL, NULL, '0', NULL, NULL, '2016-09-08 16:04:08', '2016-09-08 16:04:08', '88ee5992-1b44-428e-9eac-6619ddb7a49a'),
 ('159', '43', 'es_mx', 'Alto contenido de alcohol', NULL, '0.00', NULL, NULL, '0', NULL, NULL, '2016-09-08 16:04:08', '2016-09-08 16:04:21', 'e181e826-5756-488a-bc5e-61590589b4c9'),
 ('160', '43', 'en_gb', 'High Alcohol', NULL, '0.00', NULL, NULL, '0', NULL, NULL, '2016-09-08 16:04:08', '2016-09-08 16:04:08', 'a5c72c8e-a280-4687-b3fa-06b59559abe3'),
 ('161', '45', 'en_us', 'Cerveza Leffe Blond Product F613C693 De9F 49B0 82A1 408815D3F6D4 1024X1024', NULL, '0.00', NULL, NULL, '0', NULL, NULL, '2016-09-08 22:38:29', '2016-09-08 22:38:29', '6b6443fc-6e84-4bd3-988f-9fa193da1d1e'),
 ('162', '45', 'it_it', 'Cerveza Leffe Blond Product F613C693 De9F 49B0 82A1 408815D3F6D4 1024X1024', NULL, '0.00', NULL, NULL, '0', NULL, NULL, '2016-09-08 22:38:29', '2016-09-08 22:38:29', '8a10654c-946a-44d6-9c20-b8ad01fb2bad'),
 ('163', '45', 'es_mx', 'Cerveza Leffe Blond Product F613C693 De9F 49B0 82A1 408815D3F6D4 1024X1024', NULL, '0.00', NULL, NULL, '0', NULL, NULL, '2016-09-08 22:38:29', '2016-09-08 22:38:29', 'a527254e-2c33-48a8-81ad-90f34303a039'),
 ('164', '45', 'en_gb', 'Cerveza Leffe Blond Product F613C693 De9F 49B0 82A1 408815D3F6D4 1024X1024', NULL, '0.00', NULL, NULL, '0', NULL, NULL, '2016-09-08 22:38:29', '2016-09-08 22:38:29', '75d8bf15-87e9-40d1-a1ab-12574cc05347'),
 ('165', '46', 'en_us', 'Golden', NULL, '0.00', NULL, NULL, '0', NULL, NULL, '2016-09-08 22:40:58', '2016-09-08 22:40:58', 'd250c7cf-dbfa-4764-9a01-c3934d1b0238'),
 ('166', '46', 'it_it', 'Golden', NULL, '0.00', NULL, NULL, '0', NULL, NULL, '2016-09-08 22:40:58', '2016-09-08 22:40:58', '7a50e150-1564-43dd-8953-8f6a6872d537'),
 ('167', '46', 'es_mx', 'Golden', NULL, '0.00', NULL, NULL, '0', NULL, NULL, '2016-09-08 22:40:58', '2016-09-08 22:40:58', 'daa313cb-2a58-4fc9-8cc9-8b400b3fd358'),
 ('168', '46', 'en_gb', 'Golden', NULL, '0.00', NULL, NULL, '0', NULL, NULL, '2016-09-08 22:40:58', '2016-09-08 22:40:58', 'b3688b55-620b-46a5-aac0-6d321b789a7c'),
 ('169', '47', 'en_us', 'Leffe Blond', '<p>Haciendo de lo extraordinario algo simplemente perfecto, Leffe es una cerveza cuyo historial se remonta al ao 1240. De sabor seco, frutal y ligeramente especiado, esta Belgian Abbey Ale ofrece un perfecto balance de fuerza y sutileza. El amargor es delicado, dejando una agradable sensacin despus de probarla. Especiada con clavo de olor, crea un sabor extico y condimentado.</p>', '0.00', NULL, NULL, '0', NULL, NULL, '2016-09-08 22:43:02', '2016-09-08 22:43:02', '414d1569-b9cc-46d3-a2d6-349f1ae3556f'),
 ('170', '47', 'it_it', 'Leffe Blond', '<p>Haciendo de lo extraordinario algo simplemente perfecto, Leffe es una cerveza cuyo historial se remonta al ao 1240. De sabor seco, frutal y ligeramente especiado, esta Belgian Abbey Ale ofrece un perfecto balance de fuerza y sutileza. El amargor es delicado, dejando una agradable sensacin despus de probarla. Especiada con clavo de olor, crea un sabor extico y condimentado.</p>', '0.00', NULL, NULL, '0', NULL, NULL, '2016-09-08 22:43:02', '2016-09-08 22:43:02', '58d1c8fa-09a1-47b7-a35c-4488a24c18bf'),
 ('171', '47', 'es_mx', 'Leffe Blond', '<p>Haciendo de lo extraordinario algo simplemente perfecto, Leffe es una cerveza cuyo historial se remonta al ao 1240. De sabor seco, frutal y ligeramente especiado, esta Belgian Abbey Ale ofrece un perfecto balance de fuerza y sutileza. El amargor es delicado, dejando una agradable sensacin despus de probarla. Especiada con clavo de olor, crea un sabor extico y condimentado.</p>', '0.00', NULL, NULL, '0', NULL, NULL, '2016-09-08 22:43:02', '2016-09-08 22:43:02', '67383c73-fea7-4d29-a2bc-12bd17873439'),
 ('172', '47', 'en_gb', 'Leffe Blond', '<p>Haciendo de lo extraordinario algo simplemente perfecto, Leffe es una cerveza cuyo historial se remonta al ao 1240. De sabor seco, frutal y ligeramente especiado, esta Belgian Abbey Ale ofrece un perfecto balance de fuerza y sutileza. El amargor es delicado, dejando una agradable sensacin despus de probarla. Especiada con clavo de olor, crea un sabor extico y condimentado.</p>', '0.00', NULL, NULL, '0', NULL, NULL, '2016-09-08 22:43:02', '2016-09-08 22:43:02', '377d4890-e865-4a46-9444-34c184f97746'),
 ('173', '49', 'en_us', 'Single', NULL, '0.00', NULL, NULL, '0', NULL, NULL, '2016-09-08 22:43:02', '2016-09-08 22:43:02', 'cb45c712-0b70-4b16-a8f8-7147e1930fbf'),
 ('174', '49', 'it_it', 'Single', NULL, '0.00', NULL, NULL, '0', NULL, NULL, '2016-09-08 22:43:02', '2016-09-08 22:43:02', '2f3b8ea7-59e1-45b1-b075-b54e71dd0c00'),
 ('175', '49', 'es_mx', 'Single', NULL, '0.00', NULL, NULL, '0', NULL, NULL, '2016-09-08 22:43:02', '2016-09-08 22:43:02', 'a8707f72-1fe4-48ee-beb3-33c5b2baaac5'),
 ('176', '49', 'en_gb', 'Single', NULL, '0.00', NULL, NULL, '0', NULL, NULL, '2016-09-08 22:43:02', '2016-09-08 22:43:02', 'df8f3c09-fb82-44f2-a880-151bb2660787'),
 ('177', '50', 'en_us', '6 Pack', NULL, '0.00', NULL, NULL, '0', NULL, NULL, '2016-09-08 22:43:02', '2016-09-08 22:43:02', 'c5d986f9-7bc7-466d-a2cc-0f07b83c472a'),
 ('178', '50', 'it_it', '6 Pack', NULL, '0.00', NULL, NULL, '0', NULL, NULL, '2016-09-08 22:43:02', '2016-09-08 22:43:02', 'f7ac1676-9461-44a3-83cb-87e38468acc3'),
 ('179', '50', 'es_mx', '6 Pack', NULL, '0.00', NULL, NULL, '0', NULL, NULL, '2016-09-08 22:43:02', '2016-09-08 22:43:02', 'b6508f5d-f095-4848-8422-11443c7a44b4'),
 ('180', '50', 'en_gb', '6 Pack', NULL, '0.00', NULL, NULL, '0', NULL, NULL, '2016-09-08 22:43:02', '2016-09-08 22:43:02', 'ebeff4aa-8d55-4801-83d1-fbedbb302941'),
 ('181', '51', 'en_us', '12 Pack', NULL, '0.00', NULL, NULL, '0', NULL, NULL, '2016-09-08 22:43:02', '2016-09-08 22:43:02', '492072a7-a349-40f6-a139-b5fc0459b95c'),
 ('182', '51', 'it_it', '12 Pack', NULL, '0.00', NULL, NULL, '0', NULL, NULL, '2016-09-08 22:43:02', '2016-09-08 22:43:02', 'dcd4a651-6d24-4e89-9900-81e0b59a4157'),
 ('183', '51', 'es_mx', '12 Pack', NULL, '0.00', NULL, NULL, '0', NULL, NULL, '2016-09-08 22:43:02', '2016-09-08 22:43:02', '7cf8ce1e-f8cc-42ac-8a3f-63af32a4a530'),
 ('184', '51', 'en_gb', '12 Pack', NULL, '0.00', NULL, NULL, '0', NULL, NULL, '2016-09-08 22:43:02', '2016-09-08 22:43:02', 'b7fc093c-e4c2-4ba6-ad8e-c8c1c01213b0'),
 ('185', '52', 'en_us', '24 Pack', NULL, '0.00', NULL, NULL, '0', NULL, NULL, '2016-09-08 22:43:02', '2016-09-08 22:43:02', '01ae04ff-da4a-4900-918e-744f70a505b9'),
 ('186', '52', 'it_it', '24 Pack', NULL, '0.00', NULL, NULL, '0', NULL, NULL, '2016-09-08 22:43:02', '2016-09-08 22:43:02', '750314d5-6637-4136-8daf-521dbc41684e'),
 ('187', '52', 'es_mx', '24 Pack', NULL, '0.00', NULL, NULL, '0', NULL, NULL, '2016-09-08 22:43:02', '2016-09-08 22:43:02', 'e472d83d-599b-464d-baa6-066b86b6d691'),
 ('188', '52', 'en_gb', '24 Pack', NULL, '0.00', NULL, NULL, '0', NULL, NULL, '2016-09-08 22:43:02', '2016-09-08 22:43:02', '9d9bada3-3eed-485f-be18-eb2233b13684'),
 ('189', '53', 'en_us', 'Copas Leffe 1000X2048 Grande', NULL, '0.00', NULL, NULL, '0', NULL, NULL, '2016-09-08 22:43:45', '2016-09-08 22:43:45', 'fd299a54-81be-4bb7-aad9-390927667229'),
 ('190', '53', 'it_it', 'Copas Leffe 1000X2048 Grande', NULL, '0.00', NULL, NULL, '0', NULL, NULL, '2016-09-08 22:43:45', '2016-09-08 22:43:45', '48a266b0-eb01-4a00-99d8-1c8b53dbc756'),
 ('191', '53', 'es_mx', 'Copas Leffe 1000X2048 Grande', NULL, '0.00', NULL, NULL, '0', NULL, NULL, '2016-09-08 22:43:45', '2016-09-08 22:43:45', 'ed5076e3-b698-4b6e-8684-f2c03c89e8af'),
 ('192', '53', 'en_gb', 'Copas Leffe 1000X2048 Grande', NULL, '0.00', NULL, NULL, '0', NULL, NULL, '2016-09-08 22:43:45', '2016-09-08 22:43:45', '51e3f878-7a6b-4d3b-801b-558dd9ad7812'),
 ('193', '54', 'en_us', 'Copas Leffe 1000X2048 Grande', NULL, '0.00', NULL, NULL, '0', NULL, NULL, '2016-09-08 22:43:53', '2016-09-08 22:43:53', '62df9375-74e3-4576-94f4-e17c226b7d0e'),
 ('194', '54', 'it_it', 'Copas Leffe 1000X2048 Grande', NULL, '0.00', NULL, NULL, '0', NULL, NULL, '2016-09-08 22:43:53', '2016-09-08 22:43:53', 'ec6fa3d1-1ab3-4b22-a50a-e9b6dd8012ad'),
 ('195', '54', 'es_mx', 'Copas Leffe 1000X2048 Grande', NULL, '0.00', NULL, NULL, '0', NULL, NULL, '2016-09-08 22:43:53', '2016-09-08 22:43:53', 'aaa76e3a-a55d-4040-bd4e-e609c9577fa6'),
 ('196', '54', 'en_gb', 'Copas Leffe 1000X2048 Grande', NULL, '0.00', NULL, NULL, '0', NULL, NULL, '2016-09-08 22:43:53', '2016-09-08 22:43:53', 'd5196ced-0354-440d-9309-e966b066b2bd'),
 ('197', '55', 'en_us', 'Chalice Leffe', '<p>Si tomar una Leffe es todauna experiencia nica, hacerlo en su copa especialmente diseada lo es an ms. Con un diseo elegante a la altura de la cerveza que contieneyun formato que permite resaltar aromas, el Chalice Leffe es el lugar ideal para servir la famosa cerveza belga.</p>', '0.00', NULL, NULL, '0', NULL, NULL, '2016-09-08 22:44:14', '2016-09-08 22:44:14', 'bd04455f-a594-4461-9a27-cb89f5b755f4'),
 ('198', '55', 'it_it', 'Chalice Leffe', '<p>Si tomar una Leffe es todauna experiencia nica, hacerlo en su copa especialmente diseada lo es an ms. Con un diseo elegante a la altura de la cerveza que contieneyun formato que permite resaltar aromas, el Chalice Leffe es el lugar ideal para servir la famosa cerveza belga.</p>', '0.00', NULL, NULL, '0', NULL, NULL, '2016-09-08 22:44:14', '2016-09-08 22:44:14', '019c5062-ec9b-4461-8150-5403792410e9'),
 ('199', '55', 'es_mx', 'Chalice Leffe', '<p>Si tomar una Leffe es todauna experiencia nica, hacerlo en su copa especialmente diseada lo es an ms. Con un diseo elegante a la altura de la cerveza que contieneyun formato que permite resaltar aromas, el Chalice Leffe es el lugar ideal para servir la famosa cerveza belga.</p>', '0.00', NULL, NULL, '0', NULL, NULL, '2016-09-08 22:44:14', '2016-09-08 22:44:14', 'ef036b02-10dc-4e36-b3cb-579d08a242a4'),
 ('200', '55', 'en_gb', 'Chalice Leffe', '<p>Si tomar una Leffe es todauna experiencia nica, hacerlo en su copa especialmente diseada lo es an ms. Con un diseo elegante a la altura de la cerveza que contieneyun formato que permite resaltar aromas, el Chalice Leffe es el lugar ideal para servir la famosa cerveza belga.</p>', '0.00', NULL, NULL, '0', NULL, NULL, '2016-09-08 22:44:14', '2016-09-08 22:44:14', '208a6441-c1e5-4a5a-8f2e-c9ce8af11e00'),
 ('201', '56', 'en_us', 'Single', NULL, '0.00', NULL, NULL, '0', NULL, NULL, '2016-09-08 22:44:14', '2016-09-08 22:44:14', '2d5a8454-4dcf-4268-a186-bde7e5e78666'),
 ('202', '56', 'it_it', 'Single', NULL, '0.00', NULL, NULL, '0', NULL, NULL, '2016-09-08 22:44:14', '2016-09-08 22:44:14', '6afb8270-c552-4593-bcab-b31d0e904a38'),
 ('203', '56', 'es_mx', 'Single', NULL, '0.00', NULL, NULL, '0', NULL, NULL, '2016-09-08 22:44:14', '2016-09-08 22:44:14', 'a009edc3-a0e6-43c9-8d80-6c6da26f92f0'),
 ('204', '56', 'en_gb', 'Single', NULL, '0.00', NULL, NULL, '0', NULL, NULL, '2016-09-08 22:44:14', '2016-09-08 22:44:14', '9d0ccc85-34c4-43e5-8a09-3d155a44c265'),
 ('205', '57', 'en_us', 'Leffe Grande Grande', NULL, '0.00', NULL, NULL, '0', NULL, NULL, '2016-09-08 22:44:52', '2016-09-08 22:44:52', '3744291e-a0f6-4645-aeda-04ae30d84801'),
 ('206', '57', 'it_it', 'Leffe Grande Grande', NULL, '0.00', NULL, NULL, '0', NULL, NULL, '2016-09-08 22:44:52', '2016-09-08 22:44:52', 'b624e3bb-d42e-43cf-a40d-bcefc26ef746'),
 ('207', '57', 'es_mx', 'Leffe Grande Grande', NULL, '0.00', NULL, NULL, '0', NULL, NULL, '2016-09-08 22:44:52', '2016-09-08 22:44:52', '0862022d-3fa7-4cd8-ad62-7acf5b084865'),
 ('208', '57', 'en_gb', 'Leffe Grande Grande', NULL, '0.00', NULL, NULL, '0', NULL, NULL, '2016-09-08 22:44:52', '2016-09-08 22:44:52', '4784aa01-d154-4b33-bc16-3b419d7c02c5');
INSERT INTO `craft_content` (`id`, `elementId`, `locale`, `title`, `field_body`, `field_productAbv`, `field_productVolume`, `field_socialMediaIcons`, `field_enable`, `field_text`, `field_linkUrl`, `dateCreated`, `dateUpdated`, `uid`) VALUES
 ('209', '58', 'en_us', 'Familia Leffe', '<p>Haciendo de lo extraordinario algo simplemente perfecto, Leffe es una cerveza cuyo historial se remonta al ao 1240. De sabor seco, frutal y ligeramente especiado, esta Belgian Abbey Ale ofrece un perfecto balance de fuerza y sutileza. El amargor es delicado, dejando una agradable sensacin despus de probarla. Especiada con clavo de olor, crea un sabor extico y condimentado. Su Chalice ya es tambin una insignia de esta marca, ycompleta este pack de manera inmejorable.</p>', '0.00', NULL, NULL, '0', NULL, NULL, '2016-09-08 22:45:44', '2016-09-08 22:45:44', '2db34b61-a2b8-4fb9-9081-5e9cda229e63'),
 ('210', '58', 'it_it', 'Familia Leffe', '<p>Haciendo de lo extraordinario algo simplemente perfecto, Leffe es una cerveza cuyo historial se remonta al ao 1240. De sabor seco, frutal y ligeramente especiado, esta Belgian Abbey Ale ofrece un perfecto balance de fuerza y sutileza. El amargor es delicado, dejando una agradable sensacin despus de probarla. Especiada con clavo de olor, crea un sabor extico y condimentado. Su Chalice ya es tambin una insignia de esta marca, ycompleta este pack de manera inmejorable.</p>', '0.00', NULL, NULL, '0', NULL, NULL, '2016-09-08 22:45:44', '2016-09-08 22:45:44', 'aae70f38-9c03-48f2-98bc-bde7fec0c376'),
 ('211', '58', 'es_mx', 'Familia Leffe', '<p>Haciendo de lo extraordinario algo simplemente perfecto, Leffe es una cerveza cuyo historial se remonta al ao 1240. De sabor seco, frutal y ligeramente especiado, esta Belgian Abbey Ale ofrece un perfecto balance de fuerza y sutileza. El amargor es delicado, dejando una agradable sensacin despus de probarla. Especiada con clavo de olor, crea un sabor extico y condimentado. Su Chalice ya es tambin una insignia de esta marca, ycompleta este pack de manera inmejorable.</p>', '0.00', NULL, NULL, '0', NULL, NULL, '2016-09-08 22:45:44', '2016-09-08 22:45:44', '77e7f8fd-0625-4f32-bae2-6729fdb36607'),
 ('212', '58', 'en_gb', 'Familia Leffe', '<p>Haciendo de lo extraordinario algo simplemente perfecto, Leffe es una cerveza cuyo historial se remonta al ao 1240. De sabor seco, frutal y ligeramente especiado, esta Belgian Abbey Ale ofrece un perfecto balance de fuerza y sutileza. El amargor es delicado, dejando una agradable sensacin despus de probarla. Especiada con clavo de olor, crea un sabor extico y condimentado. Su Chalice ya es tambin una insignia de esta marca, ycompleta este pack de manera inmejorable.</p>', '0.00', NULL, NULL, '0', NULL, NULL, '2016-09-08 22:45:44', '2016-09-08 22:45:44', '80094d7c-22b9-4208-8b37-15b48f4f7066'),
 ('213', '61', 'en_us', 'Single', NULL, '0.00', NULL, NULL, '0', NULL, NULL, '2016-09-08 22:45:44', '2016-09-08 22:45:44', '375c83d0-443b-43ca-b1de-be07e64a7d91'),
 ('214', '61', 'it_it', 'Single', NULL, '0.00', NULL, NULL, '0', NULL, NULL, '2016-09-08 22:45:44', '2016-09-08 22:45:44', '92dbff5e-b7c0-41b3-b555-cc2d09c734f7'),
 ('215', '61', 'es_mx', 'Single', NULL, '0.00', NULL, NULL, '0', NULL, NULL, '2016-09-08 22:45:44', '2016-09-08 22:45:44', 'd336a2a7-2f03-4f1d-be5c-d6f67f87be2b'),
 ('216', '61', 'en_gb', 'Single', NULL, '0.00', NULL, NULL, '0', NULL, NULL, '2016-09-08 22:45:44', '2016-09-08 22:45:44', 'c5c23af1-97ea-4ac9-80e4-81af6f56f156'),
 ('221', '66', 'en_us', 'Belgium', NULL, '0.00', NULL, NULL, '0', NULL, NULL, '2016-09-08 23:41:15', '2016-09-08 23:41:15', '42e64a01-b830-4ff8-bb16-229115ec0e2b'),
 ('222', '66', 'it_it', 'Belgium', NULL, '0.00', NULL, NULL, '0', NULL, NULL, '2016-09-08 23:41:15', '2016-09-08 23:41:15', '404ec176-cd05-4ad5-bf58-13a7162dd137'),
 ('223', '66', 'es_mx', 'Belgium', NULL, '0.00', NULL, NULL, '0', NULL, NULL, '2016-09-08 23:41:15', '2016-09-08 23:41:15', '9296e3bb-d6d5-4e57-993f-ceec4d25f7d8'),
 ('224', '66', 'en_gb', 'Belgium', NULL, '0.00', NULL, NULL, '0', NULL, NULL, '2016-09-08 23:41:15', '2016-09-08 23:41:15', '107c6603-03f1-4b9e-b9d1-fa4f1aab8f8a'),
 ('225', '69', 'en_us', 'Welcome Large', NULL, '0.00', NULL, '[]', '0', NULL, NULL, '2016-09-13 00:56:42', '2016-09-13 00:56:42', '6978a0bf-dcee-46ea-9b78-1d7010bb90a9'),
 ('226', '69', 'it_it', 'Welcome Large', NULL, '0.00', NULL, '[]', '0', NULL, NULL, '2016-09-13 00:56:42', '2016-09-13 00:56:42', 'f50cdc3a-c55b-4806-8c44-731f418d5c76'),
 ('227', '69', 'es_mx', 'Welcome Large', NULL, '0.00', NULL, '[]', '0', NULL, NULL, '2016-09-13 00:56:42', '2016-09-13 00:56:42', '4bcb5620-706d-4df9-8db3-c20faf6e82c0'),
 ('228', '69', 'en_gb', 'Welcome Large', NULL, '0.00', NULL, '[]', '0', NULL, NULL, '2016-09-13 00:56:42', '2016-09-13 00:56:42', 'ad004180-7fe0-42a5-a87a-816e9c63c46b'),
 ('229', '2', 'es_mx', 'Homepage', '<p>test</p>', '0.00', NULL, NULL, '0', NULL, NULL, '2016-09-13 00:57:54', '2016-09-13 02:22:42', 'ce7c645c-d7c9-4cdb-8a14-140fb06f22d6'),
 ('230', '70', 'en_us', 'Promo Incentive One', NULL, '0.00', NULL, '[]', '0', NULL, NULL, '2016-09-13 01:36:26', '2016-09-13 01:36:26', '9b07ba59-79ab-4f50-9620-930c429644a9'),
 ('231', '70', 'it_it', 'Promo Incentive One', NULL, '0.00', NULL, '[]', '0', NULL, NULL, '2016-09-13 01:36:26', '2016-09-13 01:36:26', 'f05a4e88-d618-4940-9214-7ea198cf69de'),
 ('232', '70', 'es_mx', 'Promo Incentive One', NULL, '0.00', NULL, '[]', '0', NULL, NULL, '2016-09-13 01:36:26', '2016-09-13 01:36:26', '8151e8dd-09fa-434b-8a06-28c12a646ea9'),
 ('233', '70', 'en_gb', 'Promo Incentive One', NULL, '0.00', NULL, '[]', '0', NULL, NULL, '2016-09-13 01:36:26', '2016-09-13 01:36:26', '0ea7dc16-f821-40bb-91c0-7123af88cb1d'),
 ('234', '71', 'en_us', 'Main Banner', NULL, '0.00', NULL, '[]', '0', NULL, NULL, '2016-09-13 01:36:52', '2016-09-13 01:41:07', '688a8ba3-c390-4b05-ae23-de49988f8c2c'),
 ('235', '71', 'it_it', 'Main Banners', NULL, '0.00', NULL, '[]', '0', NULL, NULL, '2016-09-13 01:36:52', '2016-09-13 01:36:52', '1dab8567-8946-48d8-884f-8bce211d5841'),
 ('236', '71', 'es_mx', 'Main Banners', NULL, '0.00', NULL, '[]', '0', NULL, NULL, '2016-09-13 01:36:52', '2016-09-13 01:36:52', '6d44899b-b990-4db6-816e-f09f08cf637c'),
 ('237', '71', 'en_gb', 'Main Banners', NULL, '0.00', NULL, '[]', '0', NULL, NULL, '2016-09-13 01:36:52', '2016-09-13 01:36:52', 'fec21bde-ed99-423f-96f3-0277fbf43fdd'),
 ('238', '73', 'en_us', 'Promo Incentive Two', NULL, '0.00', NULL, '[]', '0', NULL, NULL, '2016-09-13 01:39:39', '2016-09-13 01:39:39', '7c8f0371-8560-4f28-9582-321b46139ae4'),
 ('239', '73', 'it_it', 'Promo Incentive Two', NULL, '0.00', NULL, '[]', '0', NULL, NULL, '2016-09-13 01:39:39', '2016-09-13 01:39:39', '56a6dfb8-096a-4a0c-be37-ba44592a4ba7'),
 ('240', '73', 'es_mx', 'Promo Incentive Two', NULL, '0.00', NULL, '[]', '0', NULL, NULL, '2016-09-13 01:39:39', '2016-09-13 01:39:39', 'f7d3c50e-6a05-4931-85b3-69911afb9f35'),
 ('241', '73', 'en_gb', 'Promo Incentive Two', NULL, '0.00', NULL, '[]', '0', NULL, NULL, '2016-09-13 01:39:39', '2016-09-13 01:39:39', '630b1089-b1a1-46a2-ab83-76521bfaf158'),
 ('242', '74', 'en_us', 'Promo Incentive Three', NULL, '0.00', NULL, '[]', '0', NULL, NULL, '2016-09-13 01:40:00', '2016-09-13 01:40:00', '83946939-5b69-41b6-bd38-461ffae2085f'),
 ('243', '74', 'it_it', 'Promo Incentive Three', NULL, '0.00', NULL, '[]', '0', NULL, NULL, '2016-09-13 01:40:00', '2016-09-13 01:40:00', '2cb8aef9-bf1e-4e98-9a4b-faeb680839ca'),
 ('244', '74', 'es_mx', 'Promo Incentive Three', NULL, '0.00', NULL, '[]', '0', NULL, NULL, '2016-09-13 01:40:00', '2016-09-13 01:40:00', 'c956da47-4bc0-4921-a969-dbef82362c64'),
 ('245', '74', 'en_gb', 'Promo Incentive Three', NULL, '0.00', NULL, '[]', '0', NULL, NULL, '2016-09-13 01:40:00', '2016-09-13 01:40:00', '1f1732a8-6277-4211-906f-b6ed0fd69ae4'),
 ('246', '75', 'en_us', 'Promo Incentive Four', NULL, '0.00', NULL, '[]', '0', NULL, NULL, '2016-09-13 01:40:15', '2016-09-13 01:40:15', '1b53264e-2334-4cb4-bc96-7c12d52bb2a8'),
 ('247', '75', 'it_it', 'Promo Incentive Four', NULL, '0.00', NULL, '[]', '0', NULL, NULL, '2016-09-13 01:40:15', '2016-09-13 01:40:15', '17de366c-0dde-45af-83c9-47e43823fee5'),
 ('248', '75', 'es_mx', 'Promo Incentive Four', NULL, '0.00', NULL, '[]', '0', NULL, NULL, '2016-09-13 01:40:15', '2016-09-13 01:40:15', '47e0ee10-655a-4b0e-9665-ade921f61482'),
 ('249', '75', 'en_gb', 'Promo Incentive Four', NULL, '0.00', NULL, '[]', '0', NULL, NULL, '2016-09-13 01:40:15', '2016-09-13 01:40:15', 'a9425927-d669-4066-84f4-fdcc3602a5a7'),
 ('250', '83', 'en_us', 'Home Marketing One 1440X', NULL, '0.00', NULL, '[]', '0', NULL, NULL, '2016-09-13 02:28:11', '2016-09-13 02:28:11', '0ddeb33c-3a67-4fe6-98e7-950b21e8ff34'),
 ('251', '83', 'it_it', 'Home Marketing One 1440X', NULL, '0.00', NULL, '[]', '0', NULL, NULL, '2016-09-13 02:28:11', '2016-09-13 02:28:11', 'e3d291a9-2359-4bd6-af48-3cb9279b0090'),
 ('252', '83', 'es_mx', 'Home Marketing One 1440X', NULL, '0.00', NULL, '[]', '0', NULL, NULL, '2016-09-13 02:28:11', '2016-09-13 02:28:11', 'cb01d404-b280-4129-950c-204602bd3656'),
 ('253', '83', 'en_gb', 'Home Marketing One 1440X', NULL, '0.00', NULL, '[]', '0', NULL, NULL, '2016-09-13 02:28:11', '2016-09-13 02:28:11', 'e3194e4d-4c20-4d2c-ad3a-521775b456f4'),
 ('254', '84', 'en_us', 'Leffe', NULL, '0.00', NULL, '[]', '0', NULL, NULL, '2016-09-13 14:00:29', '2016-09-13 14:00:29', '370cf0eb-63db-4afc-902c-4f43bcbd229b'),
 ('255', '84', 'it_it', 'Leffe', NULL, '0.00', NULL, '[]', '0', NULL, NULL, '2016-09-13 14:00:29', '2016-09-13 14:00:29', 'd5246deb-978e-421b-8d0d-b9b577bd0e89'),
 ('256', '84', 'es_mx', 'Leffe', NULL, '0.00', NULL, '[]', '0', NULL, NULL, '2016-09-13 14:00:29', '2016-09-13 14:00:29', '4862bd7f-7183-42f0-9159-9bbd0e108669'),
 ('257', '84', 'en_gb', 'Leffe', NULL, '0.00', NULL, '[]', '0', NULL, NULL, '2016-09-13 14:00:29', '2016-09-13 14:00:29', '887ec69a-cc79-4ddb-b78a-8815b0839242'),
 ('258', '85', 'en_us', NULL, NULL, '0.00', NULL, '[]', '1', 'SHIPPING TO THE WHOLE COUNTRY AND UP TO 12 MONTH NO INTEREST', 'http://www.zxcraft.dev/', '2016-09-14 00:02:58', '2016-09-14 01:42:44', '7bd595b6-5d63-4274-930d-50e56cb4f332'),
 ('259', '85', 'it_it', NULL, NULL, '0.00', NULL, '[]', '1', NULL, 'http://www.zxcraft.dev/', '2016-09-14 00:02:58', '2016-09-14 01:42:44', '6a04d3e6-a202-4bf1-b6fa-55d476daaac7'),
 ('260', '85', 'es_mx', NULL, NULL, '0.00', NULL, '[]', '1', NULL, 'http://www.zxcraft.dev/', '2016-09-14 00:02:58', '2016-09-14 01:42:44', 'd579e311-8218-40af-86e3-47f263b9d329'),
 ('261', '85', 'en_gb', NULL, NULL, '0.00', NULL, '[]', '1', NULL, 'http://www.zxcraft.dev/', '2016-09-14 00:02:58', '2016-09-14 01:42:44', '63154531-a029-4e47-9f3f-bb25958302a1');



DROP TABLE IF EXISTS `craft_deprecationerrors`;


--
-- Schema for table `craft_deprecationerrors`
--
CREATE TABLE `craft_deprecationerrors` (
  `id` int(11) NOT NULL AUTO_INCREMENT,
  `key` varchar(255) COLLATE utf8_unicode_ci NOT NULL,
  `fingerprint` varchar(255) COLLATE utf8_unicode_ci NOT NULL,
  `lastOccurrence` datetime NOT NULL,
  `file` varchar(255) COLLATE utf8_unicode_ci NOT NULL,
  `line` smallint(6) unsigned NOT NULL,
  `class` varchar(255) COLLATE utf8_unicode_ci DEFAULT NULL,
  `method` varchar(255) COLLATE utf8_unicode_ci DEFAULT NULL,
  `template` varchar(255) COLLATE utf8_unicode_ci DEFAULT NULL,
  `templateLine` smallint(6) unsigned DEFAULT NULL,
  `message` varchar(255) COLLATE utf8_unicode_ci DEFAULT NULL,
  `traces` text COLLATE utf8_unicode_ci,
  `dateCreated` datetime NOT NULL,
  `dateUpdated` datetime NOT NULL,
  `uid` char(36) COLLATE utf8_unicode_ci NOT NULL DEFAULT '0',
  PRIMARY KEY (`id`),
  UNIQUE KEY `craft_deprecationerrors_key_fingerprint_unq_idx` (`key`,`fingerprint`)
) ENGINE=InnoDB DEFAULT CHARSET=utf8 COLLATE=utf8_unicode_ci;

DROP TABLE IF EXISTS `craft_elementindexsettings`;


--
-- Schema for table `craft_elementindexsettings`
--
CREATE TABLE `craft_elementindexsettings` (
  `id` int(11) NOT NULL AUTO_INCREMENT,
  `type` varchar(150) COLLATE utf8_unicode_ci NOT NULL,
  `settings` text COLLATE utf8_unicode_ci,
  `dateCreated` datetime NOT NULL,
  `dateUpdated` datetime NOT NULL,
  `uid` char(36) COLLATE utf8_unicode_ci NOT NULL DEFAULT '0',
  PRIMARY KEY (`id`),
  UNIQUE KEY `craft_elementindexsettings_type_unq_idx` (`type`)
) ENGINE=InnoDB AUTO_INCREMENT=3 DEFAULT CHARSET=utf8 COLLATE=utf8_unicode_ci;

--
-- Data for table `craft_elementindexsettings`
--

INSERT INTO `craft_elementindexsettings` (`id`, `type`, `settings`, `dateCreated`, `dateUpdated`, `uid`) VALUES
 ('1', 'Asset', '{\"sourceOrder\":[[\"key\",\"folder:2\"],[\"key\",\"folder:1\"]],\"sources\":{\"folder:2\":{\"tableAttributes\":{\"1\":\"filename\",\"2\":\"size\",\"3\":\"dateModified\"}}}}', '2016-09-08 15:19:02', '2016-09-08 15:19:02', '7bbfb127-6525-4133-aa03-0dd8487f3384'),
 ('2', 'Entry', '{\"sourceOrder\":[[\"key\",\"*\"],[\"heading\",\"Pages\"],[\"key\",\"singles\"],[\"heading\",\"Content Sections\"],[\"key\",\"section:3\"],[\"key\",\"section:5\"]],\"sources\":{\"section:3\":{\"tableAttributes\":{\"1\":\"postDate\",\"2\":\"expiryDate\",\"3\":\"author\",\"4\":\"link\"}},\"singles\":{\"tableAttributes\":{\"1\":\"author\",\"2\":\"link\"}},\"section:5\":{\"tableAttributes\":{\"1\":\"postDate\",\"2\":\"expiryDate\",\"3\":\"author\",\"4\":\"link\"}}}}', '2016-09-09 00:23:30', '2016-09-09 00:50:27', '54204224-4e23-449b-9316-7b3b4d3e4560');



DROP TABLE IF EXISTS `craft_elements`;


--
-- Schema for table `craft_elements`
--
CREATE TABLE `craft_elements` (
  `id` int(11) NOT NULL AUTO_INCREMENT,
  `type` varchar(150) COLLATE utf8_unicode_ci NOT NULL,
  `enabled` tinyint(1) unsigned NOT NULL DEFAULT '1',
  `archived` tinyint(1) unsigned NOT NULL DEFAULT '0',
  `dateCreated` datetime NOT NULL,
  `dateUpdated` datetime NOT NULL,
  `uid` char(36) COLLATE utf8_unicode_ci NOT NULL DEFAULT '0',
  PRIMARY KEY (`id`),
  KEY `craft_elements_type_idx` (`type`),
  KEY `craft_elements_enabled_idx` (`enabled`),
  KEY `craft_elements_archived_dateCreated_idx` (`archived`,`dateCreated`)
) ENGINE=InnoDB AUTO_INCREMENT=86 DEFAULT CHARSET=utf8 COLLATE=utf8_unicode_ci;

--
-- Data for table `craft_elements`
--

INSERT INTO `craft_elements` (`id`, `type`, `enabled`, `archived`, `dateCreated`, `dateUpdated`, `uid`) VALUES
 ('1', 'User', '1', '0', '2016-09-07 22:57:54', '2016-09-08 02:38:26', 'b389c5a8-5e41-4b20-9eff-1652d2ebb768'),
 ('2', 'Entry', '1', '0', '2016-09-07 22:57:55', '2016-09-14 00:59:13', '08e34e8f-ca3b-4a73-91b6-8204804652a8'),
 ('3', 'Commerce_Product', '1', '0', '2016-09-07 23:25:40', '2016-09-08 15:37:25', '67a01eff-65dd-4edd-8338-da3368afe1c8'),
 ('4', 'Commerce_Variant', '1', '0', '2016-09-07 23:25:40', '2016-09-08 15:37:25', '82cfe195-cd7a-48d7-afda-11cae400e0aa'),
 ('5', 'Commerce_Product', '1', '0', '2016-09-07 23:25:40', '2016-09-08 15:39:29', '60e40472-e9a3-4268-b429-915b8d5a967f'),
 ('6', 'Commerce_Variant', '1', '0', '2016-09-07 23:25:40', '2016-09-08 15:39:29', 'b96d7e10-e37c-408f-99aa-72bd6fede471'),
 ('7', 'Commerce_Product', '1', '0', '2016-09-07 23:25:40', '2016-09-08 15:41:03', '607b9f65-cd68-4f4e-b0e4-04f9588749eb'),
 ('8', 'Commerce_Variant', '1', '0', '2016-09-07 23:25:40', '2016-09-08 15:41:03', '60a889e4-e6b9-44ba-835e-d5ab960f2fbb'),
 ('9', 'Commerce_Product', '1', '0', '2016-09-07 23:25:40', '2016-09-08 16:07:19', '7df54bd9-b47e-4965-ad52-dd66dd59a2a6'),
 ('10', 'Commerce_Variant', '1', '0', '2016-09-07 23:25:40', '2016-09-08 16:07:19', '7a434e87-8f34-4036-b1f5-52be445c6486'),
 ('11', 'Commerce_Order', '1', '0', '2016-09-07 23:30:16', '2016-09-07 23:30:16', '1ab84612-8efe-4028-a06b-6f82c71e2152'),
 ('12', 'Commerce_Order', '1', '0', '2016-09-07 23:30:43', '2016-09-12 23:47:48', '8c5a5044-dff8-4859-91a7-68d7bf3b5ee2'),
 ('13', 'Asset', '1', '0', '2016-09-08 15:16:43', '2016-09-08 15:16:43', '1635cabc-4bbe-471a-9f30-a03688e1f37d'),
 ('15', 'Commerce_Variant', '1', '0', '2016-09-08 15:34:55', '2016-09-08 15:37:25', 'ef9f179e-133f-44f9-a6ea-b4c40a495720'),
 ('16', 'Commerce_Variant', '1', '0', '2016-09-08 15:34:55', '2016-09-08 15:37:25', '96dc9fb9-b9dd-43a3-ac83-45042a2417a4'),
 ('17', 'Commerce_Variant', '1', '0', '2016-09-08 15:34:55', '2016-09-08 15:37:25', '36ed5f71-72d4-4d7a-a493-a5aa0e34d24f'),
 ('18', 'Asset', '1', '0', '2016-09-08 15:36:14', '2016-09-08 15:36:14', 'cb2b11b8-8c5c-499d-8dde-88218e04211e'),
 ('19', 'Commerce_Product', '1', '0', '2016-09-08 15:37:12', '2016-09-08 15:37:12', 'c86519d2-fec0-4b53-86a3-7f46bc70702f'),
 ('20', 'Commerce_Variant', '1', '0', '2016-09-08 15:37:12', '2016-09-08 15:37:12', 'd29a8c7d-1b5f-4c46-aa0e-7a8a7afa4da9'),
 ('21', 'Commerce_Variant', '1', '0', '2016-09-08 15:37:12', '2016-09-08 15:37:12', '00464190-2208-4bcc-b6e8-1b21517702e9'),
 ('22', 'Commerce_Variant', '1', '0', '2016-09-08 15:37:12', '2016-09-08 15:37:12', '37645227-2872-49f0-9c65-542e5d1b6177'),
 ('23', 'Asset', '1', '0', '2016-09-08 15:38:20', '2016-09-08 15:38:20', '20f0537c-4a2a-40af-ad6e-b42dec1503a4'),
 ('24', 'Commerce_Variant', '1', '0', '2016-09-08 15:39:29', '2016-09-08 15:39:29', '4d69de60-cde7-4940-87d0-ca00bd70bf3b'),
 ('25', 'Commerce_Variant', '1', '0', '2016-09-08 15:39:29', '2016-09-08 15:39:29', '76a97270-ad91-40b3-a109-d2a2eb281d2c'),
 ('26', 'Commerce_Variant', '1', '0', '2016-09-08 15:39:29', '2016-09-08 15:39:29', 'bff94111-9189-46ec-b396-cd351c879062'),
 ('27', 'Asset', '1', '0', '2016-09-08 15:40:01', '2016-09-08 15:40:01', '91352fc3-83b6-4b8f-85d3-b96776e96cb8'),
 ('28', 'Commerce_Variant', '1', '0', '2016-09-08 15:41:03', '2016-09-08 15:41:03', 'e195c53f-bfb5-4f53-8034-3295a5feafd1'),
 ('29', 'Commerce_Variant', '1', '0', '2016-09-08 15:41:03', '2016-09-08 15:41:03', 'e76dd1f8-3980-4cb0-81b9-69f3a0541676'),
 ('30', 'Commerce_Variant', '1', '0', '2016-09-08 15:41:03', '2016-09-08 15:41:03', 'fc73e4f8-c6f5-493f-a832-8025e82e138b'),
 ('31', 'Asset', '1', '0', '2016-09-08 15:41:34', '2016-09-08 15:41:34', '4ff10b39-36cf-44f4-a7f4-79984297100b'),
 ('32', 'Commerce_Variant', '1', '0', '2016-09-08 15:42:39', '2016-09-08 16:07:19', '870eb82a-c0a6-4abf-9b3e-d3ab047bd971'),
 ('33', 'Commerce_Variant', '1', '0', '2016-09-08 15:42:39', '2016-09-08 16:07:19', 'd6fc5370-81db-439c-8e41-d44f4a62fba1'),
 ('34', 'Commerce_Variant', '1', '0', '2016-09-08 15:42:39', '2016-09-08 16:07:19', 'e924879f-c53b-4a58-b666-7d7d47c65b87'),
 ('35', 'Category', '1', '0', '2016-09-08 15:58:35', '2016-09-08 15:58:40', 'b3d388c3-1d02-4807-9dd8-da8c8e55408f'),
 ('36', 'Category', '1', '0', '2016-09-08 15:58:58', '2016-09-08 15:58:58', 'd2680023-c967-42dc-8f02-4a5a3e0175d8'),
 ('38', 'Category', '1', '0', '2016-09-08 16:01:49', '2016-09-08 16:02:26', 'c4b8b88a-f4de-44c0-b1db-84683abb93fe'),
 ('39', 'Category', '1', '0', '2016-09-08 16:02:54', '2016-09-08 16:03:02', 'f821271d-0ad6-49e2-92ae-d5963537190f'),
 ('40', 'Category', '1', '0', '2016-09-08 16:03:10', '2016-09-08 16:03:23', '83790166-5c6a-42e2-8611-39f453042dc4'),
 ('41', 'Category', '1', '0', '2016-09-08 16:03:40', '2016-09-08 16:03:40', '3813d5b1-8118-4163-8cce-19081d1eff6c'),
 ('42', 'Category', '1', '0', '2016-09-08 16:03:49', '2016-09-08 16:03:59', 'c57ef241-94ce-45dd-a285-8f51ba788db6'),
 ('43', 'Category', '1', '0', '2016-09-08 16:04:08', '2016-09-08 16:04:21', '29c77e95-7c48-4a7c-b0dd-4572a9a8118d'),
 ('45', 'Asset', '1', '0', '2016-09-08 22:38:29', '2016-09-08 22:38:29', 'aa1d0c2c-6ff0-4e45-9c02-9a7aa1200705'),
 ('46', 'Category', '1', '0', '2016-09-08 22:40:58', '2016-09-08 22:40:58', 'be840ae1-53c8-437c-bb5e-6500793203e4'),
 ('47', 'Commerce_Product', '1', '0', '2016-09-08 22:43:02', '2016-09-08 22:43:02', '967e4bfa-ba08-4aa6-8de5-43c13ccc0b7d'),
 ('49', 'Commerce_Variant', '1', '0', '2016-09-08 22:43:02', '2016-09-08 22:43:02', 'a0d29a88-1249-4914-8015-bd7b50297fb1'),
 ('50', 'Commerce_Variant', '1', '0', '2016-09-08 22:43:02', '2016-09-08 22:43:02', '5c565837-aed9-4e5d-9317-9cb559c8561b'),
 ('51', 'Commerce_Variant', '1', '0', '2016-09-08 22:43:02', '2016-09-08 22:43:02', 'e5bc788c-7101-42c2-a107-a6ea1b6bccf8'),
 ('52', 'Commerce_Variant', '1', '0', '2016-09-08 22:43:02', '2016-09-08 22:43:02', '01b18029-d1eb-4de2-88d2-096c0d3e8540'),
 ('53', 'Asset', '1', '0', '2016-09-08 22:43:45', '2016-09-08 22:43:45', 'ee1c1433-a427-4ded-b745-5e60d8189912'),
 ('54', 'Asset', '1', '0', '2016-09-08 22:43:53', '2016-09-08 22:43:53', 'c54032a7-5102-4842-af9b-dba5764cbc6a'),
 ('55', 'Commerce_Product', '1', '0', '2016-09-08 22:44:14', '2016-09-08 22:44:14', '734cf842-b773-437e-9090-6c8b66f7a4b1'),
 ('56', 'Commerce_Variant', '1', '0', '2016-09-08 22:44:14', '2016-09-08 22:44:14', 'bdffe9df-8715-4374-a8d0-4fd3f0ff55ee'),
 ('57', 'Asset', '1', '0', '2016-09-08 22:44:52', '2016-09-08 22:44:52', '86fb5598-4c4a-4fa0-bca6-42c98aaefbfa'),
 ('58', 'Commerce_Product', '1', '0', '2016-09-08 22:45:44', '2016-09-08 22:45:44', 'd99478ab-931d-4cb2-bd4a-8ec699401975'),
 ('59', 'MatrixBlock', '1', '0', '2016-09-08 22:45:44', '2016-09-08 22:45:44', '92f3cd62-521f-475d-9802-96545e9d7f90'),
 ('60', 'MatrixBlock', '1', '0', '2016-09-08 22:45:44', '2016-09-08 22:45:44', '2593c15c-3af9-45fc-8378-a9864c3b0836'),
 ('61', 'Commerce_Variant', '1', '0', '2016-09-08 22:45:44', '2016-09-08 22:45:44', 'a35b0d82-f1f7-4751-89d4-f4d6da41ee2f'),
 ('66', 'Category', '1', '0', '2016-09-08 23:41:15', '2016-09-08 23:41:15', 'ee4952ef-3e0a-4045-b492-d9d2992b0979'),
 ('68', 'MatrixBlock', '1', '0', '2016-09-13 00:56:01', '2016-09-13 02:44:28', '100eb32f-ebef-4a25-8a43-4f01a71178dd'),
 ('69', 'Asset', '1', '0', '2016-09-13 00:56:42', '2016-09-13 00:56:42', 'aa6aac35-2d99-439e-b4e8-341c6123fcba'),
 ('70', 'Asset', '1', '0', '2016-09-13 01:36:26', '2016-09-13 01:36:26', 'a05b075d-42cd-4d7d-9a87-5b2987806f1e'),
 ('71', 'Entry', '1', '0', '2016-09-13 01:36:52', '2016-09-13 01:41:07', 'f4eb4e6b-fda4-451a-810d-f1483e65f4a9'),
 ('72', 'MatrixBlock', '1', '0', '2016-09-13 01:36:52', '2016-09-13 01:41:07', 'd88b2f88-6fd3-4721-a1e5-7339631ae3cf'),
 ('73', 'Asset', '1', '0', '2016-09-13 01:39:39', '2016-09-13 01:39:39', '0655ed43-7175-40e7-ad9c-1ef5b8444ee8'),
 ('74', 'Asset', '1', '0', '2016-09-13 01:40:00', '2016-09-13 01:40:00', '4b18e128-427d-4a10-9019-34ced91f81e8'),
 ('75', 'Asset', '1', '0', '2016-09-13 01:40:15', '2016-09-13 01:40:15', '6cabed1d-52c6-44d1-aeb1-ec8121dcd44c'),
 ('76', 'MatrixBlock', '1', '0', '2016-09-13 01:40:20', '2016-09-13 01:41:07', 'a418c0e3-e57f-479c-88a4-39d0cda708be'),
 ('77', 'MatrixBlock', '1', '0', '2016-09-13 01:40:20', '2016-09-13 01:41:07', 'f5b756c4-0f94-498c-bd2c-95eb81437d44'),
 ('78', 'MatrixBlock', '1', '0', '2016-09-13 01:40:20', '2016-09-13 01:41:07', 'c38b2e90-d268-4bfe-8397-2bcac577975f'),
 ('79', 'MatrixBlock', '1', '0', '2016-09-13 01:40:58', '2016-09-13 02:44:28', '70abe1e5-78dc-45ab-a217-266773fbe551'),
 ('80', 'MatrixBlock', '1', '0', '2016-09-13 01:55:14', '2016-09-13 02:44:28', '8dddbc65-5a9e-4d1e-b53e-3c9cb5875ed5'),
 ('81', 'MatrixBlock', '1', '0', '2016-09-13 02:22:15', '2016-09-13 02:44:28', '66981109-5c9e-4ee5-89f6-73b4be5bd900'),
 ('82', 'MatrixBlock', '1', '0', '2016-09-13 02:26:36', '2016-09-13 02:44:28', 'bdcc9a0b-007a-4fbd-89b9-a9d98db9ad48'),
 ('83', 'Asset', '1', '0', '2016-09-13 02:28:11', '2016-09-13 02:28:11', 'b102cfa4-0838-4d77-9a78-23951a9a2b25'),
 ('84', 'Category', '1', '0', '2016-09-13 14:00:29', '2016-09-13 14:00:29', '41359233-e4cc-4fe2-a984-b80e2ae23b04'),
 ('85', 'GlobalSet', '1', '0', '2016-09-14 00:02:58', '2016-09-14 01:42:44', '1a050591-68db-4162-b2d5-3dee3a0cdf91');



DROP TABLE IF EXISTS `craft_elements_i18n`;


--
-- Schema for table `craft_elements_i18n`
--
CREATE TABLE `craft_elements_i18n` (
  `id` int(11) NOT NULL AUTO_INCREMENT,
  `elementId` int(11) NOT NULL,
  `locale` char(12) COLLATE utf8_unicode_ci NOT NULL,
  `slug` varchar(255) COLLATE utf8_unicode_ci DEFAULT NULL,
  `uri` varchar(255) COLLATE utf8_unicode_ci DEFAULT NULL,
  `enabled` tinyint(1) unsigned NOT NULL DEFAULT '1',
  `dateCreated` datetime NOT NULL,
  `dateUpdated` datetime NOT NULL,
  `uid` char(36) COLLATE utf8_unicode_ci NOT NULL DEFAULT '0',
  PRIMARY KEY (`id`),
  UNIQUE KEY `craft_elements_i18n_elementId_locale_unq_idx` (`elementId`,`locale`),
  UNIQUE KEY `craft_elements_i18n_uri_locale_unq_idx` (`uri`,`locale`),
  KEY `craft_elements_i18n_slug_locale_idx` (`slug`,`locale`),
  KEY `craft_elements_i18n_enabled_idx` (`enabled`),
  KEY `craft_elements_i18n_locale_fk` (`locale`)
) ENGINE=InnoDB AUTO_INCREMENT=308 DEFAULT CHARSET=utf8 COLLATE=utf8_unicode_ci;

--
-- Data for table `craft_elements_i18n`
--

INSERT INTO `craft_elements_i18n` (`id`, `elementId`, `locale`, `slug`, `uri`, `enabled`, `dateCreated`, `dateUpdated`, `uid`) VALUES
 ('1', '1', 'en_us', '', NULL, '1', '2016-09-07 22:57:54', '2016-09-08 02:38:26', '1a072fde-c7c0-4aff-8e49-508c995e9eeb'),
 ('2', '2', 'en_us', 'homepage', '__home__', '1', '2016-09-07 22:57:55', '2016-09-14 00:59:13', 'c18ecf90-d555-46a3-930f-b8821f80f3ef'),
 ('3', '3', 'en_us', 'agua-mala-mantis', 'commerce/products/agua-mala-mantis', '1', '2016-09-07 23:25:40', '2016-09-08 15:37:25', '1d16e731-018c-4f53-a3bd-8e0f2a6578fc'),
 ('4', '4', 'en_us', 'a-new-toga', NULL, '1', '2016-09-07 23:25:40', '2016-09-08 15:37:25', '068a22f2-5041-422d-ab48-81371c7fc6f4'),
 ('5', '5', 'en_us', 'parka-with-stripes-on-back', 'commerce/products/parka-with-stripes-on-back', '1', '2016-09-07 23:25:40', '2016-09-08 15:39:29', 'd589b9a1-0c86-4089-a531-0dc02aad1080'),
 ('6', '6', 'en_us', 'parka-with-stripes-on-back', NULL, '1', '2016-09-07 23:25:40', '2016-09-08 15:39:29', 'faf413d9-c3ab-4414-8f3c-539bb10ba890'),
 ('7', '7', 'en_us', 'romper-for-a-red-eye', 'commerce/products/romper-for-a-red-eye', '1', '2016-09-07 23:25:40', '2016-09-08 15:41:03', '02a059e5-a65b-44ef-b8bf-cd42708f6ee6'),
 ('8', '8', 'en_us', 'romper-for-a-red-eye', NULL, '1', '2016-09-07 23:25:40', '2016-09-08 15:41:03', '762056c4-ab10-456f-ba98-d0f5aca98ecd'),
 ('9', '9', 'en_us', 'the-fleece-awakens', 'commerce/products/the-fleece-awakens', '1', '2016-09-07 23:25:40', '2016-09-08 16:07:19', 'd8e956f0-0862-4094-b82d-daaa4e5aad3f'),
 ('10', '10', 'en_us', 'the-fleece-awakens', NULL, '1', '2016-09-07 23:25:40', '2016-09-08 16:07:19', '181f7cc6-7d27-4328-8edd-252328ac271f'),
 ('11', '11', 'en_us', '', NULL, '1', '2016-09-07 23:30:16', '2016-09-07 23:30:16', '0a89d98e-44e0-413f-b855-0033feafc86a'),
 ('12', '12', 'en_us', '', NULL, '1', '2016-09-07 23:30:43', '2016-09-12 23:47:48', '2048487d-71a2-483b-abb3-78d76fed5e6f'),
 ('13', '3', 'it_it', 'a-new-toga', 'commerce/products/a-new-toga', '1', '2016-09-08 01:41:03', '2016-09-08 15:37:25', 'd816a2bd-4f7b-43b6-9649-6cf7801c7fd6'),
 ('14', '5', 'it_it', 'parka-with-stripes-on-back', 'commerce/products/parka-with-stripes-on-back', '1', '2016-09-08 01:41:03', '2016-09-08 15:39:29', '98ee8627-3798-4d1d-af1a-edd2d044b91b'),
 ('15', '7', 'it_it', 'romper-for-a-red-eye', 'commerce/products/romper-for-a-red-eye', '1', '2016-09-08 01:41:03', '2016-09-08 15:41:03', '461ad66c-93a9-4391-aa4d-4b35cb67b974'),
 ('16', '9', 'it_it', 'the-fleece-awakens', 'commerce/products/the-fleece-awakens', '1', '2016-09-08 01:41:03', '2016-09-08 16:07:19', '248ea5f9-d2ca-4593-a45b-15cc6f195bf9'),
 ('17', '4', 'it_it', 'a-new-toga', NULL, '1', '2016-09-08 01:41:03', '2016-09-08 15:37:25', 'a88cec8a-ddd1-457b-8866-a8203825d5ea'),
 ('18', '6', 'it_it', 'parka-with-stripes-on-back', NULL, '1', '2016-09-08 01:41:03', '2016-09-08 15:39:29', 'cf783ade-c27b-4328-b685-bf6a32250ba8'),
 ('19', '8', 'it_it', 'romper-for-a-red-eye', NULL, '1', '2016-09-08 01:41:03', '2016-09-08 15:41:03', '616d1e54-8336-48bf-bc3e-78cd5fcdd124'),
 ('20', '10', 'it_it', 'the-fleece-awakens', NULL, '1', '2016-09-08 01:41:03', '2016-09-08 16:07:19', '40b8964e-a04b-49ee-8a0f-e536e8d68198'),
 ('21', '3', 'es_mx', 'a-new-toga', 'commerce/products/a-new-toga', '1', '2016-09-08 01:41:11', '2016-09-08 15:37:25', '5273acc4-9ab5-4bb2-af4a-84aed96b486f'),
 ('22', '5', 'es_mx', 'parka-with-stripes-on-back', 'commerce/products/parka-with-stripes-on-back', '1', '2016-09-08 01:41:11', '2016-09-08 15:39:29', '42114bd4-c4f8-4eb4-bd50-3c5844d102b5'),
 ('23', '7', 'es_mx', 'romper-for-a-red-eye', 'commerce/products/romper-for-a-red-eye', '1', '2016-09-08 01:41:11', '2016-09-08 15:41:03', 'c3589bfe-a621-418e-95ba-3331ad05429d'),
 ('24', '9', 'es_mx', 'the-fleece-awakens', 'commerce/products/the-fleece-awakens', '1', '2016-09-08 01:41:11', '2016-09-08 16:07:19', '5aaf51ea-6a51-492c-ac81-05a70a41d047'),
 ('25', '4', 'es_mx', 'a-new-toga', NULL, '1', '2016-09-08 01:41:11', '2016-09-08 15:37:25', '1d6f8a79-5d79-4d0f-8cc1-e294680df36d'),
 ('26', '6', 'es_mx', 'parka-with-stripes-on-back', NULL, '1', '2016-09-08 01:41:11', '2016-09-08 15:39:29', 'b07ff2d8-ac32-4cd4-8b1f-350073cc0ccf'),
 ('27', '8', 'es_mx', 'romper-for-a-red-eye', NULL, '1', '2016-09-08 01:41:11', '2016-09-08 15:41:03', '8626b23f-c499-4691-8fc0-4bece04e7e54'),
 ('28', '10', 'es_mx', 'the-fleece-awakens', NULL, '1', '2016-09-08 01:41:11', '2016-09-08 16:07:19', 'ce55cdcd-01c1-44fd-aede-d9070b55dc72'),
 ('29', '3', 'en_gb', 'a-new-toga', 'commerce/products/a-new-toga', '1', '2016-09-08 01:45:39', '2016-09-08 15:37:25', '8af3ac72-e353-430c-bdf2-1c78faad4d31'),
 ('30', '5', 'en_gb', 'parka-with-stripes-on-back', 'commerce/products/parka-with-stripes-on-back', '1', '2016-09-08 01:45:39', '2016-09-08 15:39:29', '72be4641-2073-40ff-845b-7c205c1d0e91'),
 ('31', '7', 'en_gb', 'romper-for-a-red-eye', 'commerce/products/romper-for-a-red-eye', '1', '2016-09-08 01:45:39', '2016-09-08 15:41:03', 'd6441b50-42ef-4b05-9c8d-56eba8ae92f6'),
 ('32', '9', 'en_gb', 'the-fleece-awakens', 'commerce/products/the-fleece-awakens', '1', '2016-09-08 01:45:39', '2016-09-08 16:07:19', '91dd51f4-c84c-4f90-8495-37dd3bf077d5'),
 ('33', '4', 'en_gb', 'a-new-toga', NULL, '1', '2016-09-08 01:45:39', '2016-09-08 15:37:25', '740b860e-4b9e-4a60-8066-c1c5a3da4729'),
 ('34', '6', 'en_gb', 'parka-with-stripes-on-back', NULL, '1', '2016-09-08 01:45:39', '2016-09-08 15:39:29', 'a189811a-449a-4f76-91d3-843651bb106b'),
 ('35', '8', 'en_gb', 'romper-for-a-red-eye', NULL, '1', '2016-09-08 01:45:39', '2016-09-08 15:41:03', '9cc6c8c7-238f-4461-9930-4a9d272aa256'),
 ('36', '10', 'en_gb', 'the-fleece-awakens', NULL, '1', '2016-09-08 01:45:39', '2016-09-08 16:07:19', 'e7eca775-1cec-475b-9610-7cc8cab08282'),
 ('37', '13', 'en_us', 'agmm-b-355-1-33e32f96-8733-42f6-9dc0-60b838b6bde1-grande', NULL, '1', '2016-09-08 15:16:43', '2016-09-08 15:16:43', '510f44d0-de3e-4e2c-8cd8-5491fc390b2a'),
 ('38', '13', 'it_it', 'agmm-b-355-1-33e32f96-8733-42f6-9dc0-60b838b6bde1-grande', NULL, '1', '2016-09-08 15:16:43', '2016-09-08 15:16:43', 'a59a05ba-9747-448a-b6fe-d51b4b4ba613'),
 ('39', '13', 'es_mx', 'agmm-b-355-1-33e32f96-8733-42f6-9dc0-60b838b6bde1-grande', NULL, '1', '2016-09-08 15:16:43', '2016-09-08 15:16:43', 'b5c260c6-80a9-4ec7-89da-4190143dcd7c'),
 ('40', '13', 'en_gb', 'agmm-b-355-1-33e32f96-8733-42f6-9dc0-60b838b6bde1-grande', NULL, '1', '2016-09-08 15:16:43', '2016-09-08 15:16:43', '260d1831-4c3f-460e-8b08-e889ed8944d9'),
 ('45', '15', 'en_us', '6-pack', NULL, '1', '2016-09-08 15:34:55', '2016-09-08 15:37:25', 'ad7a6dbb-761b-4364-a8e9-08986c0e0b5f'),
 ('46', '15', 'it_it', '6-pack', NULL, '1', '2016-09-08 15:34:55', '2016-09-08 15:37:25', 'beaa977a-80bf-4419-a761-b97aec571060'),
 ('47', '15', 'es_mx', '6-pack', NULL, '1', '2016-09-08 15:34:55', '2016-09-08 15:37:25', '75a3fa3f-bf3f-496c-90b4-bc00b6b23b4b'),
 ('48', '15', 'en_gb', '6-pack', NULL, '1', '2016-09-08 15:34:55', '2016-09-08 15:37:25', 'cd50978b-ce1e-48c7-a325-7cc0c5ebfb99'),
 ('49', '16', 'en_us', '12-pack', NULL, '1', '2016-09-08 15:34:55', '2016-09-08 15:37:25', '1a3c721c-922d-489e-9aa9-bb4318a49197'),
 ('50', '16', 'it_it', '12-pack', NULL, '1', '2016-09-08 15:34:55', '2016-09-08 15:37:25', 'da658067-63f2-438b-abf6-a69a02e361e9'),
 ('51', '16', 'es_mx', '12-pack', NULL, '1', '2016-09-08 15:34:55', '2016-09-08 15:37:25', '220e9126-d0d5-4ae2-92e1-1b219ffc0d74'),
 ('52', '16', 'en_gb', '12-pack', NULL, '1', '2016-09-08 15:34:55', '2016-09-08 15:37:25', 'd38c751a-50b1-48f2-88a1-8d9348fb6998'),
 ('53', '17', 'en_us', '24-pack', NULL, '1', '2016-09-08 15:34:56', '2016-09-08 15:37:25', 'd3e509d5-28e2-4287-9aa5-0b9a0733090e'),
 ('54', '17', 'it_it', '24-pack', NULL, '1', '2016-09-08 15:34:56', '2016-09-08 15:37:25', '97cc9364-3ebe-4286-9eac-9bcbf0f6a535'),
 ('55', '17', 'es_mx', '24-pack', NULL, '1', '2016-09-08 15:34:56', '2016-09-08 15:37:25', '4a2dab50-87e7-42c0-9537-b96b60353c46'),
 ('56', '17', 'en_gb', '24-pack', NULL, '1', '2016-09-08 15:34:56', '2016-09-08 15:37:25', '421ab791-b421-4dfc-8873-cdcaa41cc902'),
 ('57', '18', 'en_us', 'ste-gw-11-1-6ab16772-4730-4d50-ae2a-3a91d963a0f1-grande', NULL, '1', '2016-09-08 15:36:14', '2016-09-08 15:36:14', 'dcc4edaf-1d2b-4ac9-b83e-c486e0a8fce4'),
 ('58', '18', 'it_it', 'ste-gw-11-1-6ab16772-4730-4d50-ae2a-3a91d963a0f1-grande', NULL, '1', '2016-09-08 15:36:14', '2016-09-08 15:36:14', '13a1167d-852c-4998-a30a-0c5bde8f94ff'),
 ('59', '18', 'es_mx', 'ste-gw-11-1-6ab16772-4730-4d50-ae2a-3a91d963a0f1-grande', NULL, '1', '2016-09-08 15:36:14', '2016-09-08 15:36:14', 'b8cfe602-208a-45cd-b7b6-51ff513faea3'),
 ('60', '18', 'en_gb', 'ste-gw-11-1-6ab16772-4730-4d50-ae2a-3a91d963a0f1-grande', NULL, '1', '2016-09-08 15:36:14', '2016-09-08 15:36:14', '196fccbe-9c60-42b1-8075-313fdb777d55'),
 ('61', '19', 'en_us', 'chalice-stella-artois', 'merchandise/chalice-stella-artois', '1', '2016-09-08 15:37:12', '2016-09-08 15:37:12', 'e6f3b6ea-2da6-4b1a-9c12-5619181d525c'),
 ('62', '19', 'it_it', 'chalice-stella-artois', 'merchandise/chalice-stella-artois', '1', '2016-09-08 15:37:12', '2016-09-08 15:37:12', 'f502cb19-5560-43f3-94e4-5bbe3ffc98fc'),
 ('63', '19', 'es_mx', 'chalice-stella-artois', 'merchandise/chalice-stella-artois', '1', '2016-09-08 15:37:12', '2016-09-08 15:37:12', '51298c40-4a86-479f-adbc-78f8e97c4300'),
 ('64', '19', 'en_gb', 'chalice-stella-artois', 'merchandise/chalice-stella-artois', '1', '2016-09-08 15:37:12', '2016-09-08 15:37:12', 'f9195c8d-14a8-4e4e-b1e4-b91c13710f8d'),
 ('65', '20', 'en_us', 'single', NULL, '1', '2016-09-08 15:37:12', '2016-09-08 15:37:12', 'b8da44b8-de4d-4446-8e4d-6c0a416fb8bd'),
 ('66', '20', 'it_it', 'single', NULL, '1', '2016-09-08 15:37:12', '2016-09-08 15:37:12', 'bb81eca4-96c1-4767-8a38-28ec5711107a'),
 ('67', '20', 'es_mx', 'single', NULL, '1', '2016-09-08 15:37:12', '2016-09-08 15:37:12', '01394531-6601-4517-81fa-9138267d2457'),
 ('68', '20', 'en_gb', 'single', NULL, '1', '2016-09-08 15:37:12', '2016-09-08 15:37:12', '7e261be7-2d44-4fa6-9d29-1a21355c1c13'),
 ('69', '21', 'en_us', '6-pack', NULL, '1', '2016-09-08 15:37:12', '2016-09-08 15:37:12', 'a8757c1a-9fa3-4493-9e8d-5450cba44609'),
 ('70', '21', 'it_it', '6-pack', NULL, '1', '2016-09-08 15:37:12', '2016-09-08 15:37:12', '15edf242-9350-4e6b-9c59-178831f8ee52'),
 ('71', '21', 'es_mx', '6-pack', NULL, '1', '2016-09-08 15:37:12', '2016-09-08 15:37:12', '27930646-d767-4909-942d-028bc2fa88e6'),
 ('72', '21', 'en_gb', '6-pack', NULL, '1', '2016-09-08 15:37:12', '2016-09-08 15:37:12', '59d15454-1024-4044-8ab8-9fa73f81ab27'),
 ('73', '22', 'en_us', '24-pack', NULL, '1', '2016-09-08 15:37:12', '2016-09-08 15:37:12', 'cb75b9ab-88f0-49b6-adf6-08601176a3a0'),
 ('74', '22', 'it_it', '24-pack', NULL, '1', '2016-09-08 15:37:12', '2016-09-08 15:37:12', '58574dd4-8ed8-425c-af07-a0105a469799'),
 ('75', '22', 'es_mx', '24-pack', NULL, '1', '2016-09-08 15:37:12', '2016-09-08 15:37:12', '154bf506-843a-42ea-b587-a686430ea7e9'),
 ('76', '22', 'en_gb', '24-pack', NULL, '1', '2016-09-08 15:37:12', '2016-09-08 15:37:12', '54bd3178-ccd9-4f65-bd07-c4096c38092f'),
 ('77', '23', 'en_us', 'frwh-b-355-1-grande', NULL, '1', '2016-09-08 15:38:20', '2016-09-08 15:38:20', 'e8ee259a-96b2-440f-862d-6038d5c39363'),
 ('78', '23', 'it_it', 'frwh-b-355-1-grande', NULL, '1', '2016-09-08 15:38:20', '2016-09-08 15:38:20', '60c07d1b-f97a-484c-96a6-2f9502497c8c'),
 ('79', '23', 'es_mx', 'frwh-b-355-1-grande', NULL, '1', '2016-09-08 15:38:20', '2016-09-08 15:38:20', 'f7c8ada8-710e-4d2e-bee6-0b8e00811ce0'),
 ('80', '23', 'en_gb', 'frwh-b-355-1-grande', NULL, '1', '2016-09-08 15:38:20', '2016-09-08 15:38:20', '99843774-881e-4cc9-a670-9018073b72ea'),
 ('81', '24', 'en_us', '6-pack', NULL, '1', '2016-09-08 15:39:29', '2016-09-08 15:39:29', 'edde3949-c203-449b-8c05-dcd86e45a7f3'),
 ('82', '24', 'it_it', '6-pack', NULL, '1', '2016-09-08 15:39:29', '2016-09-08 15:39:29', '0324f854-3a0c-4729-a328-bfbecf242626'),
 ('83', '24', 'es_mx', '6-pack', NULL, '1', '2016-09-08 15:39:29', '2016-09-08 15:39:29', 'ea833a78-59e6-4966-a29c-94ddffa2b110'),
 ('84', '24', 'en_gb', '6-pack', NULL, '1', '2016-09-08 15:39:29', '2016-09-08 15:39:29', '5e562af0-8993-4d3d-9ba1-f7e58280a79b'),
 ('85', '25', 'en_us', '12-pack', NULL, '1', '2016-09-08 15:39:29', '2016-09-08 15:39:29', 'b108d1fa-b6e8-44b8-bba7-5813351ae5d8'),
 ('86', '25', 'it_it', '12-pack', NULL, '1', '2016-09-08 15:39:29', '2016-09-08 15:39:29', '9c86c973-801e-49a7-a7d6-c344b0af34d9'),
 ('87', '25', 'es_mx', '12-pack', NULL, '1', '2016-09-08 15:39:29', '2016-09-08 15:39:29', '298d6d50-7ed5-4874-b132-9d57f77c0c8d'),
 ('88', '25', 'en_gb', '12-pack', NULL, '1', '2016-09-08 15:39:29', '2016-09-08 15:39:29', '3ceec67c-417b-4d44-adc8-3d01f0f0affd'),
 ('89', '26', 'en_us', '24-pack', NULL, '1', '2016-09-08 15:39:29', '2016-09-08 15:39:29', 'd12322a3-3325-4578-b490-196fec0d77d6'),
 ('90', '26', 'it_it', '24-pack', NULL, '1', '2016-09-08 15:39:29', '2016-09-08 15:39:29', '508b1679-15cb-4525-be24-66f6a13f90f9'),
 ('91', '26', 'es_mx', '24-pack', NULL, '1', '2016-09-08 15:39:29', '2016-09-08 15:39:29', 'd0ac3bf5-1663-40d7-9734-61ea398b26ae'),
 ('92', '26', 'en_gb', '24-pack', NULL, '1', '2016-09-08 15:39:29', '2016-09-08 15:39:29', '0ecfffda-170e-43d9-8642-690032009b56'),
 ('93', '27', 'en_us', 'bec-b-275-1-d9c58d1a-2192-47d7-bfdc-ff48158c3a2c-grande', NULL, '1', '2016-09-08 15:40:01', '2016-09-08 15:40:01', 'aedc3ca3-8eab-4f9c-9207-d873205f7287'),
 ('94', '27', 'it_it', 'bec-b-275-1-d9c58d1a-2192-47d7-bfdc-ff48158c3a2c-grande', NULL, '1', '2016-09-08 15:40:01', '2016-09-08 15:40:01', '2b8a49c8-447b-464a-973c-2d1182bb0311'),
 ('95', '27', 'es_mx', 'bec-b-275-1-d9c58d1a-2192-47d7-bfdc-ff48158c3a2c-grande', NULL, '1', '2016-09-08 15:40:01', '2016-09-08 15:40:01', 'a6d40425-d954-4016-8a7e-30129134b61b'),
 ('96', '27', 'en_gb', 'bec-b-275-1-d9c58d1a-2192-47d7-bfdc-ff48158c3a2c-grande', NULL, '1', '2016-09-08 15:40:01', '2016-09-08 15:40:01', '53287c61-47aa-4ff9-ba3a-9d50159e2984'),
 ('97', '28', 'en_us', '6-pack', NULL, '1', '2016-09-08 15:41:03', '2016-09-08 15:41:03', '3c553218-5fb4-4c27-8033-42d8db0d4b49'),
 ('98', '28', 'it_it', '6-pack', NULL, '1', '2016-09-08 15:41:03', '2016-09-08 15:41:03', '7d34ea98-e00f-47da-bac2-a3082fec36bb'),
 ('99', '28', 'es_mx', '6-pack', NULL, '1', '2016-09-08 15:41:03', '2016-09-08 15:41:03', '16db6cb7-fd4d-4c16-909d-19b472bd0325'),
 ('100', '28', 'en_gb', '6-pack', NULL, '1', '2016-09-08 15:41:03', '2016-09-08 15:41:03', '54ac610c-ebcd-40c6-b4d0-56d96995af7e'),
 ('101', '29', 'en_us', '12-pack', NULL, '1', '2016-09-08 15:41:03', '2016-09-08 15:41:03', '9555cb86-2983-44b2-be22-904792d94ec7'),
 ('102', '29', 'it_it', '12-pack', NULL, '1', '2016-09-08 15:41:03', '2016-09-08 15:41:03', '4bbfbb76-7ad4-43ab-b3f7-16a97d4acc2f'),
 ('103', '29', 'es_mx', '12-pack', NULL, '1', '2016-09-08 15:41:03', '2016-09-08 15:41:03', '41e3495e-28a6-4829-89ff-7aec671dfc4f'),
 ('104', '29', 'en_gb', '12-pack', NULL, '1', '2016-09-08 15:41:03', '2016-09-08 15:41:03', 'c366c24b-5fb2-496e-8954-0d5c37493c76');
INSERT INTO `craft_elements_i18n` (`id`, `elementId`, `locale`, `slug`, `uri`, `enabled`, `dateCreated`, `dateUpdated`, `uid`) VALUES
 ('105', '30', 'en_us', '24-pack', NULL, '1', '2016-09-08 15:41:03', '2016-09-08 15:41:03', '4b9a5f61-8ea0-43df-9fee-ddbdefc01457'),
 ('106', '30', 'it_it', '24-pack', NULL, '1', '2016-09-08 15:41:03', '2016-09-08 15:41:03', '6a425965-edce-4e5b-a1b8-db77962985c9'),
 ('107', '30', 'es_mx', '24-pack', NULL, '1', '2016-09-08 15:41:03', '2016-09-08 15:41:03', '6b71733b-c282-4307-9fa4-0de5bdc27279'),
 ('108', '30', 'en_gb', '24-pack', NULL, '1', '2016-09-08 15:41:03', '2016-09-08 15:41:03', 'b5dddc4c-82e7-4d19-b43f-c30ac36b9dea'),
 ('109', '31', 'en_us', 'lefbr-b-330-1-grande', NULL, '1', '2016-09-08 15:41:34', '2016-09-08 15:41:34', '51cace61-e9d2-4701-a68e-0a4ad1673849'),
 ('110', '31', 'it_it', 'lefbr-b-330-1-grande', NULL, '1', '2016-09-08 15:41:34', '2016-09-08 15:41:34', '0deb1f5c-4c8f-4801-ac85-95f4d035e9af'),
 ('111', '31', 'es_mx', 'lefbr-b-330-1-grande', NULL, '1', '2016-09-08 15:41:34', '2016-09-08 15:41:34', 'd60dbd07-d7b4-45df-9984-e81a243163c0'),
 ('112', '31', 'en_gb', 'lefbr-b-330-1-grande', NULL, '1', '2016-09-08 15:41:34', '2016-09-08 15:41:34', 'f69a4468-89ab-47b7-9a02-38355af69a2a'),
 ('113', '32', 'en_us', '6-pack', NULL, '1', '2016-09-08 15:42:39', '2016-09-08 16:07:19', '17590e97-a0f6-4b67-8b7e-0456768b64e8'),
 ('114', '32', 'it_it', '6-pack', NULL, '1', '2016-09-08 15:42:39', '2016-09-08 16:07:19', '60e6b445-cc44-43a5-9492-f794d3ea3dc8'),
 ('115', '32', 'es_mx', '6-pack', NULL, '1', '2016-09-08 15:42:39', '2016-09-08 16:07:19', '93456f28-2709-4887-91b9-5edca5e3b5ce'),
 ('116', '32', 'en_gb', '6-pack', NULL, '1', '2016-09-08 15:42:39', '2016-09-08 16:07:19', '25e3ab4a-f674-47d3-809e-68138c17ef39'),
 ('117', '33', 'en_us', '12-pack', NULL, '1', '2016-09-08 15:42:39', '2016-09-08 16:07:19', 'b4d994c8-ae1a-455c-9def-ff2ca870a9a0'),
 ('118', '33', 'it_it', '12-pack', NULL, '1', '2016-09-08 15:42:39', '2016-09-08 16:07:19', '9a904a89-c2d2-4f36-820a-96d1bc569571'),
 ('119', '33', 'es_mx', '12-pack', NULL, '1', '2016-09-08 15:42:39', '2016-09-08 16:07:19', '3c1fdf16-66f1-408a-b666-285b20f4d6ce'),
 ('120', '33', 'en_gb', '12-pack', NULL, '1', '2016-09-08 15:42:39', '2016-09-08 16:07:19', '56944cfe-759e-4062-bf30-3bc8aff15510'),
 ('121', '34', 'en_us', '24-pack', NULL, '1', '2016-09-08 15:42:39', '2016-09-08 16:07:19', 'c47e17e9-45d5-4b35-8980-2830a4c1c7c7'),
 ('122', '34', 'it_it', '24-pack', NULL, '1', '2016-09-08 15:42:39', '2016-09-08 16:07:19', '046f0d55-7e88-4179-accc-7ca3b7c6e613'),
 ('123', '34', 'es_mx', '24-pack', NULL, '1', '2016-09-08 15:42:39', '2016-09-08 16:07:19', '8bdec37e-3c62-4ebb-bf31-93680b7d0c20'),
 ('124', '34', 'en_gb', '24-pack', NULL, '1', '2016-09-08 15:42:39', '2016-09-08 16:07:19', 'ac48965d-89da-40c1-beb6-57309e6c45d7'),
 ('125', '35', 'en_us', 'ale', 'style/ale', '1', '2016-09-08 15:58:35', '2016-09-13 14:12:35', '85bfc93a-4b2f-40a6-8719-61f5589f3660'),
 ('126', '35', 'it_it', 'ale', 'style/ale', '1', '2016-09-08 15:58:35', '2016-09-13 14:12:35', 'ad0486ec-9395-4994-9524-801fb98faad0'),
 ('127', '35', 'es_mx', 'ale', 'style/ale', '1', '2016-09-08 15:58:35', '2016-09-13 14:12:35', '3ec4f106-c0d8-42ec-8d48-8d273e02b8f1'),
 ('128', '35', 'en_gb', 'ale', 'style/ale', '1', '2016-09-08 15:58:35', '2016-09-13 14:12:35', '80a828f1-db7b-4f51-b99a-ed93698646e4'),
 ('129', '36', 'en_us', 'lager', 'style/lager', '1', '2016-09-08 15:58:58', '2016-09-13 14:12:35', '82c380ce-cd5f-4056-8ffa-9ecb4eb962f7'),
 ('130', '36', 'it_it', 'lager', 'style/lager', '1', '2016-09-08 15:58:58', '2016-09-13 14:12:35', '8e9d5236-1921-4218-ad76-dc8229670421'),
 ('131', '36', 'es_mx', 'lager', 'style/lager', '1', '2016-09-08 15:58:58', '2016-09-13 14:12:35', '8c5fc207-d6ca-4afc-8565-74cff3e3c000'),
 ('132', '36', 'en_gb', 'lager', 'style/lager', '1', '2016-09-08 15:58:58', '2016-09-13 14:12:35', 'f3a6788d-594d-44b5-9c33-0bf2c9e1cc21'),
 ('137', '38', 'en_us', 'coffee', 'flavor/coffee', '1', '2016-09-08 16:01:49', '2016-09-13 14:12:08', 'fdbac6f5-a19b-41f6-b0da-940917139928'),
 ('138', '38', 'it_it', 'coffee', 'flavor/coffee', '1', '2016-09-08 16:01:49', '2016-09-13 14:12:08', '4a9dad80-1080-46dc-9400-e608eb620378'),
 ('139', '38', 'es_mx', 'coffee', 'flavor/coffee', '1', '2016-09-08 16:01:49', '2016-09-13 14:12:08', 'f07c3a68-8777-46eb-af01-1cde3cfd3429'),
 ('140', '38', 'en_gb', 'coffee', 'flavor/coffee', '1', '2016-09-08 16:01:49', '2016-09-13 14:12:08', '36802690-9123-49f9-9b69-80f39eaa450e'),
 ('141', '39', 'en_us', 'toasted', 'flavor/toasted', '1', '2016-09-08 16:02:54', '2016-09-13 14:12:08', '688e216a-74b6-4b31-b845-3fd8771c85fe'),
 ('142', '39', 'it_it', 'toasted', 'flavor/toasted', '1', '2016-09-08 16:02:54', '2016-09-13 14:12:08', 'df8f8b3e-3ba4-4991-a2da-3a5bee4dc4c3'),
 ('143', '39', 'es_mx', 'toasted', 'flavor/toasted', '1', '2016-09-08 16:02:54', '2016-09-13 14:12:08', '2ddcbff7-146d-48fb-b05a-5500961aaf26'),
 ('144', '39', 'en_gb', 'toasted', 'flavor/toasted', '1', '2016-09-08 16:02:54', '2016-09-13 14:12:08', '133f6a7c-10ec-47b8-b995-f0743aa34bda'),
 ('145', '40', 'en_us', 'brown', 'color/brown', '1', '2016-09-08 16:03:10', '2016-09-13 14:10:39', '90762eaf-8faf-47a1-bb60-8cddd23b59c7'),
 ('146', '40', 'it_it', 'brown', 'color/brown', '1', '2016-09-08 16:03:10', '2016-09-13 14:10:39', 'c75130b8-9272-4485-bbd0-1143c762c34f'),
 ('147', '40', 'es_mx', 'brown', 'color/brown', '1', '2016-09-08 16:03:10', '2016-09-13 14:10:39', '24b6101c-7588-4bb3-b022-82d0c62d2581'),
 ('148', '40', 'en_gb', 'brown', 'color/brown', '1', '2016-09-08 16:03:10', '2016-09-13 14:10:39', 'dcbd35f8-004e-4fd4-bdbc-7cf9c229fbdf'),
 ('149', '41', 'en_us', 'blonde', 'color/blonde', '1', '2016-09-08 16:03:40', '2016-09-13 14:10:39', '08608957-cb63-4605-97e6-eaed8724e401'),
 ('150', '41', 'it_it', 'blonde', 'color/blonde', '1', '2016-09-08 16:03:40', '2016-09-13 14:10:39', '1f0992a9-89f2-4d5b-a76c-9db496bc0b7a'),
 ('151', '41', 'es_mx', 'blonde', 'color/blonde', '1', '2016-09-08 16:03:40', '2016-09-13 14:10:39', 'd33da159-6c7e-4b4f-a64c-8e387009845d'),
 ('152', '41', 'en_gb', 'blonde', 'color/blonde', '1', '2016-09-08 16:03:40', '2016-09-13 14:10:39', '6e965049-1674-4d18-91dc-dc38d28ff1a0'),
 ('153', '42', 'en_us', 'balanced', 'balance/balanced', '1', '2016-09-08 16:03:49', '2016-09-13 14:10:02', 'afdae684-e470-4f54-8d86-7f7e11468d74'),
 ('154', '42', 'it_it', 'balanced', 'balance/balanced', '1', '2016-09-08 16:03:49', '2016-09-13 14:10:02', '20c7066a-a4e1-4ad1-87ff-073a40a2fcf5'),
 ('155', '42', 'es_mx', 'balanced', 'balance/balanced', '1', '2016-09-08 16:03:49', '2016-09-13 14:10:02', 'bf6bb9ce-3981-42e1-901f-caaff6def1e1'),
 ('156', '42', 'en_gb', 'balanced', 'balance/balanced', '1', '2016-09-08 16:03:49', '2016-09-13 14:10:02', '629fd5c7-0efb-4929-99cc-846674d71957'),
 ('157', '43', 'en_us', 'high-alcohol', 'alcohol/high-alcohol', '1', '2016-09-08 16:04:08', '2016-09-13 14:09:01', '6a5c579a-1136-45ae-94d5-fd06356885e6'),
 ('158', '43', 'it_it', 'high-alcohol', 'alcohol/high-alcohol', '1', '2016-09-08 16:04:08', '2016-09-13 14:09:01', 'bf108cb6-8109-4e96-bc51-b63188707edd'),
 ('159', '43', 'es_mx', 'high-alcohol', 'alcohol/high-alcohol', '1', '2016-09-08 16:04:08', '2016-09-13 14:09:01', '02a2ca94-f02f-44df-bb1e-b035c01abff6'),
 ('160', '43', 'en_gb', 'high-alcohol', 'alcohol/high-alcohol', '1', '2016-09-08 16:04:08', '2016-09-13 14:09:01', '119e6787-54aa-4d31-985f-8e1589fb869e'),
 ('165', '45', 'en_us', 'cerveza-leffe-blond-product-f613c693-de9f-49b0-82a1-408815d3f6d4-1024x1024', NULL, '1', '2016-09-08 22:38:29', '2016-09-08 22:38:29', 'cff84c7c-9bfc-4e87-98b7-7b93a8ce22d4'),
 ('166', '45', 'it_it', 'cerveza-leffe-blond-product-f613c693-de9f-49b0-82a1-408815d3f6d4-1024x1024', NULL, '1', '2016-09-08 22:38:29', '2016-09-08 22:38:29', '3b83e8f8-08ba-4b0f-b7c1-f4f20a08fcfd'),
 ('167', '45', 'es_mx', 'cerveza-leffe-blond-product-f613c693-de9f-49b0-82a1-408815d3f6d4-1024x1024', NULL, '1', '2016-09-08 22:38:29', '2016-09-08 22:38:29', '06be4623-fad3-48b9-9a64-89b782df9c88'),
 ('168', '45', 'en_gb', 'cerveza-leffe-blond-product-f613c693-de9f-49b0-82a1-408815d3f6d4-1024x1024', NULL, '1', '2016-09-08 22:38:29', '2016-09-08 22:38:29', 'ab2347fd-ac35-4511-bddf-a73335abce14'),
 ('169', '46', 'en_us', 'golden', 'color/golden', '1', '2016-09-08 22:40:58', '2016-09-13 14:10:39', 'b1712bfc-33fe-44e0-b2f8-fec1c369af1a'),
 ('170', '46', 'it_it', 'golden', 'color/golden', '1', '2016-09-08 22:40:58', '2016-09-13 14:10:39', '800beaf5-1e66-4ad8-8b19-6d2623e32c6c'),
 ('171', '46', 'es_mx', 'golden', 'color/golden', '1', '2016-09-08 22:40:58', '2016-09-13 14:10:39', '3c677c45-fc1c-4218-a355-35590830425f'),
 ('172', '46', 'en_gb', 'golden', 'color/golden', '1', '2016-09-08 22:40:58', '2016-09-13 14:10:39', '280ef7c0-3c7b-4f20-bc77-bd0dfe691549'),
 ('173', '47', 'en_us', 'leffe-blond', 'commerce/products/leffe-blond', '1', '2016-09-08 22:43:02', '2016-09-08 22:43:02', '99f74fef-d773-4f59-b087-b949463beacf'),
 ('174', '47', 'it_it', 'leffe-blond', 'commerce/products/leffe-blond', '1', '2016-09-08 22:43:02', '2016-09-08 22:43:02', '4ddff01c-ee75-4d47-ba1d-af7557ca6780'),
 ('175', '47', 'es_mx', 'leffe-blond', 'commerce/products/leffe-blond', '1', '2016-09-08 22:43:02', '2016-09-08 22:43:02', '4303c3f9-f5b5-4b41-85c2-e57ca8f447cd'),
 ('176', '47', 'en_gb', 'leffe-blond', 'commerce/products/leffe-blond', '1', '2016-09-08 22:43:02', '2016-09-08 22:43:02', '27d84d53-fc04-4660-b6fd-7730cb4c705f'),
 ('181', '49', 'en_us', 'single', NULL, '1', '2016-09-08 22:43:02', '2016-09-08 22:43:02', 'a71a50f0-11c1-4f9e-a1dd-de890167955a'),
 ('182', '49', 'it_it', 'single', NULL, '1', '2016-09-08 22:43:02', '2016-09-08 22:43:02', '29ec1382-ab44-4093-bb2d-539ad66b5d16'),
 ('183', '49', 'es_mx', 'single', NULL, '1', '2016-09-08 22:43:02', '2016-09-08 22:43:02', 'e38cf260-6ee4-4ae2-87cc-48f97bf77f7e'),
 ('184', '49', 'en_gb', 'single', NULL, '1', '2016-09-08 22:43:02', '2016-09-08 22:43:02', '65db34f6-4b59-4635-ab7c-4f5133dc7581'),
 ('185', '50', 'en_us', '6-pack', NULL, '1', '2016-09-08 22:43:02', '2016-09-08 22:43:02', 'bb1ad0e8-41de-4265-b7bb-271ae5ecddcc'),
 ('186', '50', 'it_it', '6-pack', NULL, '1', '2016-09-08 22:43:02', '2016-09-08 22:43:02', 'a4296cb2-0f85-4abf-bbf8-24edb117d1ab'),
 ('187', '50', 'es_mx', '6-pack', NULL, '1', '2016-09-08 22:43:02', '2016-09-08 22:43:02', 'f73bc1d5-b7d4-4f75-a952-9e775de35898'),
 ('188', '50', 'en_gb', '6-pack', NULL, '1', '2016-09-08 22:43:02', '2016-09-08 22:43:02', '88e229d1-774d-4dca-8df9-e70b9d97c1ad'),
 ('189', '51', 'en_us', '12-pack', NULL, '1', '2016-09-08 22:43:02', '2016-09-08 22:43:02', '4d388f6f-6d05-4fcc-af4f-4f1e6fb8e8b3'),
 ('190', '51', 'it_it', '12-pack', NULL, '1', '2016-09-08 22:43:02', '2016-09-08 22:43:02', '4e161118-f5a2-4ac3-88ea-8f0ce4afe14d'),
 ('191', '51', 'es_mx', '12-pack', NULL, '1', '2016-09-08 22:43:02', '2016-09-08 22:43:02', 'a8c3c427-173a-497b-93b4-e306d24fe4c1'),
 ('192', '51', 'en_gb', '12-pack', NULL, '1', '2016-09-08 22:43:02', '2016-09-08 22:43:02', '3ef580c9-dbfd-4394-aeb9-844496494a30'),
 ('193', '52', 'en_us', '24-pack', NULL, '1', '2016-09-08 22:43:02', '2016-09-08 22:43:02', 'b6c4cb64-dee4-47c0-8568-c4ff66dfa709'),
 ('194', '52', 'it_it', '24-pack', NULL, '1', '2016-09-08 22:43:02', '2016-09-08 22:43:02', '961d4ada-21f5-4617-97ad-33cac9d8c98d'),
 ('195', '52', 'es_mx', '24-pack', NULL, '1', '2016-09-08 22:43:02', '2016-09-08 22:43:02', 'f02c4e40-60fe-41a7-8a0e-98189548605c'),
 ('196', '52', 'en_gb', '24-pack', NULL, '1', '2016-09-08 22:43:02', '2016-09-08 22:43:02', '26e13d90-d7f4-4c1e-8b72-c96881c773b5'),
 ('197', '53', 'en_us', 'copas-leffe-1000x2048-grande', NULL, '1', '2016-09-08 22:43:45', '2016-09-08 22:43:45', '8b3ff335-90ee-4ffc-bb1d-e72e1caf07bd'),
 ('198', '53', 'it_it', 'copas-leffe-1000x2048-grande', NULL, '1', '2016-09-08 22:43:45', '2016-09-08 22:43:45', 'a1b026e5-6753-484f-b602-f1cf9c9f6a72'),
 ('199', '53', 'es_mx', 'copas-leffe-1000x2048-grande', NULL, '1', '2016-09-08 22:43:45', '2016-09-08 22:43:45', '4b2f83fd-44e7-420c-9975-992bf52f4354'),
 ('200', '53', 'en_gb', 'copas-leffe-1000x2048-grande', NULL, '1', '2016-09-08 22:43:45', '2016-09-08 22:43:45', 'eb16edbc-51f3-4627-a5fa-61681a76d341'),
 ('201', '54', 'en_us', 'copas-leffe-1000x2048-grande', NULL, '1', '2016-09-08 22:43:53', '2016-09-08 22:43:53', '6aea3300-32ee-4a1b-8197-fc769a655a04'),
 ('202', '54', 'it_it', 'copas-leffe-1000x2048-grande', NULL, '1', '2016-09-08 22:43:53', '2016-09-08 22:43:53', 'cb8d9552-23f7-4bda-85b3-99b127e1ddb7'),
 ('203', '54', 'es_mx', 'copas-leffe-1000x2048-grande', NULL, '1', '2016-09-08 22:43:53', '2016-09-08 22:43:53', '6692dd6e-df45-474e-a24b-b93d7fdaecb2'),
 ('204', '54', 'en_gb', 'copas-leffe-1000x2048-grande', NULL, '1', '2016-09-08 22:43:53', '2016-09-08 22:43:53', 'aac1722c-69f0-4cde-8549-4ed86d0099e5'),
 ('205', '55', 'en_us', 'chalice-leffe', 'merchandise/chalice-leffe', '1', '2016-09-08 22:44:14', '2016-09-08 22:44:14', 'dff8b6c1-41d7-42dd-befd-c7d70e1eea18'),
 ('206', '55', 'it_it', 'chalice-leffe', 'merchandise/chalice-leffe', '1', '2016-09-08 22:44:14', '2016-09-08 22:44:14', '30cc832b-1e49-44a7-a58b-a3a5fcdb8c6b'),
 ('207', '55', 'es_mx', 'chalice-leffe', 'merchandise/chalice-leffe', '1', '2016-09-08 22:44:14', '2016-09-08 22:44:14', '003bc7d7-90b9-4432-87af-1ce1f71491cb'),
 ('208', '55', 'en_gb', 'chalice-leffe', 'merchandise/chalice-leffe', '1', '2016-09-08 22:44:14', '2016-09-08 22:44:14', '31a44331-6ee9-42f7-a877-5f776336ad9d'),
 ('209', '56', 'en_us', 'single', NULL, '1', '2016-09-08 22:44:14', '2016-09-08 22:44:14', '92cc4b22-70ab-47df-a167-908586081ce9'),
 ('210', '56', 'it_it', 'single', NULL, '1', '2016-09-08 22:44:14', '2016-09-08 22:44:14', 'a1f9e2af-7509-4fdb-b397-e86e82b57cee'),
 ('211', '56', 'es_mx', 'single', NULL, '1', '2016-09-08 22:44:14', '2016-09-08 22:44:14', 'b02c5a0d-0644-41be-b154-c15e756776bd'),
 ('212', '56', 'en_gb', 'single', NULL, '1', '2016-09-08 22:44:14', '2016-09-08 22:44:14', '514b9522-a363-4a95-a2bf-00daee9e51a9'),
 ('213', '57', 'en_us', 'leffe-grande-grande', NULL, '1', '2016-09-08 22:44:52', '2016-09-08 22:44:52', 'f44d6960-d84b-4708-9165-5c98ba9d0280'),
 ('214', '57', 'it_it', 'leffe-grande-grande', NULL, '1', '2016-09-08 22:44:52', '2016-09-08 22:44:52', '4d57a083-8323-4ef9-88d0-c974296c97bb'),
 ('215', '57', 'es_mx', 'leffe-grande-grande', NULL, '1', '2016-09-08 22:44:52', '2016-09-08 22:44:52', 'f936b600-b4bb-4ed1-85f6-f255351756c0'),
 ('216', '57', 'en_gb', 'leffe-grande-grande', NULL, '1', '2016-09-08 22:44:52', '2016-09-08 22:44:52', 'fc8b62ae-dd2d-45d4-b0eb-59574fe12ab8');
INSERT INTO `craft_elements_i18n` (`id`, `elementId`, `locale`, `slug`, `uri`, `enabled`, `dateCreated`, `dateUpdated`, `uid`) VALUES
 ('217', '58', 'en_us', 'familia-leffe', 'beer-pack/familia-leffe', '1', '2016-09-08 22:45:44', '2016-09-08 22:45:44', '32b1d578-1f62-43b2-a016-0f30ec48d5d3'),
 ('218', '58', 'it_it', 'familia-leffe', 'beer-pack/familia-leffe', '1', '2016-09-08 22:45:44', '2016-09-08 22:45:44', '2698d68b-2637-4a3e-819f-ed929d150e95'),
 ('219', '58', 'es_mx', 'familia-leffe', 'beer-pack/familia-leffe', '1', '2016-09-08 22:45:44', '2016-09-08 22:45:44', 'a9e7b682-7563-4d08-8afe-5f1c1b929186'),
 ('220', '58', 'en_gb', 'familia-leffe', 'beer-pack/familia-leffe', '1', '2016-09-08 22:45:44', '2016-09-08 22:45:44', '69f13dd7-e596-4303-aa46-5101c9b1348f'),
 ('221', '59', 'en_us', '', NULL, '1', '2016-09-08 22:45:44', '2016-09-08 22:45:44', 'a90de116-58e3-4a52-b890-01af3c74df31'),
 ('222', '59', 'it_it', '', NULL, '1', '2016-09-08 22:45:44', '2016-09-08 22:45:44', '21320140-190f-4efe-8aab-ab5ce024ea21'),
 ('223', '59', 'es_mx', '', NULL, '1', '2016-09-08 22:45:44', '2016-09-08 22:45:44', '9d4ca200-548c-4d1f-b0f7-86879f668dcc'),
 ('224', '59', 'en_gb', '', NULL, '1', '2016-09-08 22:45:44', '2016-09-08 22:45:44', 'fb4a56cf-a1b5-47a8-a832-eb278a5ee87f'),
 ('225', '60', 'en_us', '', NULL, '1', '2016-09-08 22:45:44', '2016-09-08 22:45:44', '94045cd9-6b06-4c6a-8e42-8812a14fe193'),
 ('226', '60', 'it_it', '', NULL, '1', '2016-09-08 22:45:44', '2016-09-08 22:45:44', 'af732cd7-d658-45b7-b04a-bc706dc4fdc4'),
 ('227', '60', 'es_mx', '', NULL, '1', '2016-09-08 22:45:44', '2016-09-08 22:45:44', 'af808deb-772a-4130-b4a3-3e1b04d54345'),
 ('228', '60', 'en_gb', '', NULL, '1', '2016-09-08 22:45:44', '2016-09-08 22:45:44', '10310778-ace3-4563-b061-489e4fa6fd82'),
 ('229', '61', 'en_us', 'single', NULL, '1', '2016-09-08 22:45:44', '2016-09-08 22:45:44', '06d9ff92-f9f6-4d87-aef0-ae9656cdc691'),
 ('230', '61', 'it_it', 'single', NULL, '1', '2016-09-08 22:45:44', '2016-09-08 22:45:44', '690e2a8e-9434-4cdd-84fd-182654c2ca32'),
 ('231', '61', 'es_mx', 'single', NULL, '1', '2016-09-08 22:45:44', '2016-09-08 22:45:44', '5ea07926-4b65-4a3f-a1d7-017af4fc61ff'),
 ('232', '61', 'en_gb', 'single', NULL, '1', '2016-09-08 22:45:44', '2016-09-08 22:45:44', 'd274e50f-aca0-4fb0-b824-8bb58449319e'),
 ('240', '66', 'en_us', 'belgium', 'country/belgium', '1', '2016-09-08 23:41:15', '2016-09-13 14:11:58', 'f007c311-496f-4fc5-8b8f-393cbf417aac'),
 ('241', '66', 'it_it', 'belgium', 'country/belgium', '1', '2016-09-08 23:41:15', '2016-09-13 14:11:58', '380ebabe-d9b9-4201-ba18-86e7e12606cc'),
 ('242', '66', 'es_mx', 'belgium', 'country/belgium', '1', '2016-09-08 23:41:15', '2016-09-13 14:11:58', '3873d254-18ea-48d7-b35a-e5a134670168'),
 ('243', '66', 'en_gb', 'belgium', 'country/belgium', '1', '2016-09-08 23:41:15', '2016-09-13 14:11:58', '9ff83dac-dc9e-4836-923d-4382ba3b01e2'),
 ('245', '68', 'en_us', '', NULL, '1', '2016-09-13 00:56:01', '2016-09-13 02:44:28', 'db6c8523-d861-48f9-97a5-6aac7b6bd184'),
 ('246', '69', 'en_us', 'welcome-large', NULL, '1', '2016-09-13 00:56:42', '2016-09-13 00:56:42', 'bcb789c0-9834-454a-ada8-73846de54f93'),
 ('247', '69', 'it_it', 'welcome-large', NULL, '1', '2016-09-13 00:56:42', '2016-09-13 00:56:42', '26e0b947-c70c-4d7a-8e8d-b04585c80473'),
 ('248', '69', 'es_mx', 'welcome-large', NULL, '1', '2016-09-13 00:56:42', '2016-09-13 00:56:42', 'd63b707e-099d-4d65-a3f0-6d453b43ec56'),
 ('249', '69', 'en_gb', 'welcome-large', NULL, '1', '2016-09-13 00:56:42', '2016-09-13 00:56:42', '47ca0db1-0cc1-403b-a87b-e7060faf83ec'),
 ('250', '2', 'es_mx', 'homepage', '__home__', '1', '2016-09-13 00:57:54', '2016-09-14 00:59:13', '3b40e537-bc4a-418d-b577-c4c949bf7214'),
 ('251', '68', 'es_mx', '', NULL, '1', '2016-09-13 01:00:24', '2016-09-13 02:44:28', '46258136-78fe-477e-9e56-983a2aed4f99'),
 ('252', '70', 'en_us', 'promo-incentive-one', NULL, '1', '2016-09-13 01:36:26', '2016-09-13 01:36:26', 'dbb41efb-1a98-47b9-a24f-d399b7cc2566'),
 ('253', '70', 'it_it', 'promo-incentive-one', NULL, '1', '2016-09-13 01:36:26', '2016-09-13 01:36:26', '76e69594-f23b-4ac1-bff1-48fb0fb86310'),
 ('254', '70', 'es_mx', 'promo-incentive-one', NULL, '1', '2016-09-13 01:36:26', '2016-09-13 01:36:26', '78400372-af4d-47e9-a69c-0c79dd6eb4f8'),
 ('255', '70', 'en_gb', 'promo-incentive-one', NULL, '1', '2016-09-13 01:36:26', '2016-09-13 01:36:26', '8403f089-0ffc-4710-8561-27afabf8c3ec'),
 ('256', '71', 'en_us', 'main-banner', NULL, '1', '2016-09-13 01:36:52', '2016-09-13 01:41:07', '272dccc8-0a5f-401d-8fc9-7819a1cf4997'),
 ('257', '71', 'it_it', 'main-banners', NULL, '1', '2016-09-13 01:36:52', '2016-09-13 01:41:07', 'e9101d2e-8214-4240-9dcb-5525e7a5f9ac'),
 ('258', '71', 'es_mx', 'main-banners', NULL, '1', '2016-09-13 01:36:52', '2016-09-13 01:41:07', '6b77a931-1f8c-4b31-aa5a-514e9a8309ab'),
 ('259', '71', 'en_gb', 'main-banners', NULL, '1', '2016-09-13 01:36:52', '2016-09-13 01:41:07', 'ba7c9538-29ea-4252-8256-8906d5ff1b1b'),
 ('260', '72', 'en_us', '', NULL, '1', '2016-09-13 01:36:52', '2016-09-13 01:41:07', '5e4228f5-aaea-442d-b144-cc5eb89d27ae'),
 ('261', '72', 'it_it', '', NULL, '1', '2016-09-13 01:36:52', '2016-09-13 01:41:07', '6a9a889b-b612-4bd7-8162-f3e318ddadbe'),
 ('262', '72', 'es_mx', '', NULL, '1', '2016-09-13 01:36:52', '2016-09-13 01:41:07', '1a53a28c-f63c-4cc0-bc76-d4b901d0a59c'),
 ('263', '72', 'en_gb', '', NULL, '1', '2016-09-13 01:36:52', '2016-09-13 01:41:07', 'b325946b-6daf-4a6f-b17c-6f7c47d28aec'),
 ('264', '73', 'en_us', 'promo-incentive-two', NULL, '1', '2016-09-13 01:39:39', '2016-09-13 01:39:39', 'c96e7aad-593d-474a-a285-cb45ce1c17b8'),
 ('265', '73', 'it_it', 'promo-incentive-two', NULL, '1', '2016-09-13 01:39:39', '2016-09-13 01:39:39', '210cc39b-21d0-4cb8-9994-7cbd44de917a'),
 ('266', '73', 'es_mx', 'promo-incentive-two', NULL, '1', '2016-09-13 01:39:39', '2016-09-13 01:39:39', '21c0a92f-f7f4-46a2-95b9-3222d998ddb6'),
 ('267', '73', 'en_gb', 'promo-incentive-two', NULL, '1', '2016-09-13 01:39:39', '2016-09-13 01:39:39', 'df12e15f-4a38-4e3f-a3b5-40fa791b7997'),
 ('268', '74', 'en_us', 'promo-incentive-three', NULL, '1', '2016-09-13 01:40:00', '2016-09-13 01:40:00', '05242941-7154-4122-a355-8cd6f2ea8997'),
 ('269', '74', 'it_it', 'promo-incentive-three', NULL, '1', '2016-09-13 01:40:00', '2016-09-13 01:40:00', 'f1605d12-2e4f-43a7-aa27-228a8c9b6507'),
 ('270', '74', 'es_mx', 'promo-incentive-three', NULL, '1', '2016-09-13 01:40:00', '2016-09-13 01:40:00', '45bc8197-8b6e-4a35-a37a-91b7f043f4f7'),
 ('271', '74', 'en_gb', 'promo-incentive-three', NULL, '1', '2016-09-13 01:40:00', '2016-09-13 01:40:00', '920ade04-b537-4740-a26e-adfd50873266'),
 ('272', '75', 'en_us', 'promo-incentive-four', NULL, '1', '2016-09-13 01:40:15', '2016-09-13 01:40:15', '3d834cec-9257-4267-ba9a-83a3236d689a'),
 ('273', '75', 'it_it', 'promo-incentive-four', NULL, '1', '2016-09-13 01:40:15', '2016-09-13 01:40:15', 'af75f92b-9688-435b-94ac-989f4efea73b'),
 ('274', '75', 'es_mx', 'promo-incentive-four', NULL, '1', '2016-09-13 01:40:15', '2016-09-13 01:40:15', '7e5dc77c-306c-4d5b-a86c-737e550990a6'),
 ('275', '75', 'en_gb', 'promo-incentive-four', NULL, '1', '2016-09-13 01:40:15', '2016-09-13 01:40:15', 'ce80de44-e4b4-4eef-88c7-71779b9e05c9'),
 ('276', '76', 'en_us', '', NULL, '1', '2016-09-13 01:40:20', '2016-09-13 01:41:07', '265ea8d7-9cbf-4119-bd4b-0cafdcce53e3'),
 ('277', '76', 'it_it', '', NULL, '1', '2016-09-13 01:40:20', '2016-09-13 01:41:07', 'f12eda72-b8ed-4aab-9278-44690f4d73a8'),
 ('278', '76', 'es_mx', '', NULL, '1', '2016-09-13 01:40:20', '2016-09-13 01:41:07', '3d6d4cad-f5f3-4e54-81c2-e1087a145349'),
 ('279', '76', 'en_gb', '', NULL, '1', '2016-09-13 01:40:20', '2016-09-13 01:41:07', '8dbab680-a020-4b5f-963b-3630a1bd0928'),
 ('280', '77', 'en_us', '', NULL, '1', '2016-09-13 01:40:20', '2016-09-13 01:41:07', 'acc6dbff-bbbe-4545-baca-765a635bfe71'),
 ('281', '77', 'it_it', '', NULL, '1', '2016-09-13 01:40:20', '2016-09-13 01:41:07', '1e4de87f-8a77-4a2c-9b24-691bec00c79c'),
 ('282', '77', 'es_mx', '', NULL, '1', '2016-09-13 01:40:20', '2016-09-13 01:41:07', '1050d064-317e-4094-bfd2-9329ed6eed8f'),
 ('283', '77', 'en_gb', '', NULL, '1', '2016-09-13 01:40:20', '2016-09-13 01:41:07', 'd7eed3bd-3a3d-4e4b-9f6a-5cc92b58854b'),
 ('284', '78', 'en_us', '', NULL, '1', '2016-09-13 01:40:20', '2016-09-13 01:41:07', '281bc627-d74d-4068-a567-ed1c98f51820'),
 ('285', '78', 'it_it', '', NULL, '1', '2016-09-13 01:40:20', '2016-09-13 01:41:07', 'c37afadc-053e-4653-b00f-70029df9e7fb'),
 ('286', '78', 'es_mx', '', NULL, '1', '2016-09-13 01:40:20', '2016-09-13 01:41:07', '01e4f890-c95c-4d79-a2fe-5c8064ff2ea7'),
 ('287', '78', 'en_gb', '', NULL, '1', '2016-09-13 01:40:20', '2016-09-13 01:41:07', '3e0c98ab-e10c-41d3-9106-82fa4c4fd994'),
 ('288', '79', 'en_us', '', NULL, '1', '2016-09-13 01:40:58', '2016-09-13 02:44:28', 'b1494304-e2e2-4a7b-8c5d-a7f4e14cc5c2'),
 ('289', '79', 'es_mx', '', NULL, '1', '2016-09-13 01:40:58', '2016-09-13 02:44:28', '165fb24d-3094-4a82-8e3b-5bd39c77aa2b'),
 ('290', '80', 'en_us', '', NULL, '1', '2016-09-13 01:55:14', '2016-09-13 02:44:28', 'de1851d9-f9b6-46e0-bc19-a3b00969c2e9'),
 ('291', '80', 'es_mx', '', NULL, '1', '2016-09-13 01:55:14', '2016-09-13 02:44:28', '94f18b95-1a34-4ab9-aa31-9538c7f45e62'),
 ('292', '81', 'en_us', '', NULL, '1', '2016-09-13 02:22:15', '2016-09-13 02:44:28', 'a916c4db-89a5-4024-80e0-fea0f84f0598'),
 ('293', '81', 'es_mx', '', NULL, '1', '2016-09-13 02:22:15', '2016-09-13 02:44:28', '80d8e6c9-fbf4-4243-a4d4-038e250e3f87'),
 ('294', '82', 'en_us', '', NULL, '1', '2016-09-13 02:26:36', '2016-09-13 02:44:28', '435a9458-82e0-457c-b069-d081affe405f'),
 ('295', '82', 'es_mx', '', NULL, '1', '2016-09-13 02:26:36', '2016-09-13 02:44:28', '55715b2f-93da-4ec7-b81a-31eed23e5e49'),
 ('296', '83', 'en_us', 'home-marketing-one-1440x', NULL, '1', '2016-09-13 02:28:11', '2016-09-13 02:28:11', '1487cc90-0342-48ef-8c6f-a7b50335a1ff'),
 ('297', '83', 'it_it', 'home-marketing-one-1440x', NULL, '1', '2016-09-13 02:28:11', '2016-09-13 02:28:11', 'fdfe3cfa-b400-4e76-a46e-76c201513fd9'),
 ('298', '83', 'es_mx', 'home-marketing-one-1440x', NULL, '1', '2016-09-13 02:28:11', '2016-09-13 02:28:11', '9d9f73ef-2f1e-49b6-a252-1e9da24e4a7e'),
 ('299', '83', 'en_gb', 'home-marketing-one-1440x', NULL, '1', '2016-09-13 02:28:11', '2016-09-13 02:28:11', '2362f2f2-23ce-4513-b21d-82ccb6263f4e'),
 ('300', '84', 'en_us', 'leffe', 'vendor/leffe', '1', '2016-09-13 14:00:29', '2016-09-13 14:07:59', 'a5e9e2de-cc63-43d8-835a-7b56f395004b'),
 ('301', '84', 'it_it', 'leffe', 'vendor/leffe', '1', '2016-09-13 14:00:29', '2016-09-13 14:07:59', '66ca4879-d6aa-4bd6-a348-ec7c1445402d'),
 ('302', '84', 'es_mx', 'leffe', 'vendor/leffe', '1', '2016-09-13 14:00:29', '2016-09-13 14:07:59', '46c3191a-3689-4608-ae6e-0531a68c60e9'),
 ('303', '84', 'en_gb', 'leffe', 'vendor/leffe', '1', '2016-09-13 14:00:29', '2016-09-13 14:07:59', 'b630c080-44cc-40a4-9f23-25a62bb2c0dc'),
 ('304', '85', 'en_us', '', NULL, '1', '2016-09-14 00:02:58', '2016-09-14 01:42:44', 'cf2a969c-6b6b-45a6-b9f0-5a648b116ef6'),
 ('305', '85', 'it_it', '', NULL, '1', '2016-09-14 00:02:58', '2016-09-14 01:42:44', '14d5f947-8f8f-4928-aad6-3ddd8c840c57'),
 ('306', '85', 'es_mx', '', NULL, '1', '2016-09-14 00:02:58', '2016-09-14 01:42:44', '5b070be4-e1df-4ae7-a8f1-a9e7878c27a3'),
 ('307', '85', 'en_gb', '', NULL, '1', '2016-09-14 00:02:58', '2016-09-14 01:42:44', '6e86410b-84eb-486e-86ed-cb0897856a4a');



DROP TABLE IF EXISTS `craft_emailmessages`;


--
-- Schema for table `craft_emailmessages`
--
CREATE TABLE `craft_emailmessages` (
  `id` int(11) NOT NULL AUTO_INCREMENT,
  `key` char(150) COLLATE utf8_unicode_ci NOT NULL,
  `locale` char(12) COLLATE utf8_unicode_ci NOT NULL,
  `subject` varchar(1000) COLLATE utf8_unicode_ci NOT NULL,
  `body` text COLLATE utf8_unicode_ci NOT NULL,
  `dateCreated` datetime NOT NULL,
  `dateUpdated` datetime NOT NULL,
  `uid` char(36) COLLATE utf8_unicode_ci NOT NULL DEFAULT '0',
  PRIMARY KEY (`id`),
  UNIQUE KEY `craft_emailmessages_key_locale_unq_idx` (`key`,`locale`),
  KEY `craft_emailmessages_locale_fk` (`locale`)
) ENGINE=InnoDB DEFAULT CHARSET=utf8 COLLATE=utf8_unicode_ci;

DROP TABLE IF EXISTS `craft_entries`;


--
-- Schema for table `craft_entries`
--
CREATE TABLE `craft_entries` (
  `id` int(11) NOT NULL,
  `sectionId` int(11) NOT NULL,
  `typeId` int(11) DEFAULT NULL,
  `authorId` int(11) DEFAULT NULL,
  `postDate` datetime DEFAULT NULL,
  `expiryDate` datetime DEFAULT NULL,
  `dateCreated` datetime NOT NULL,
  `dateUpdated` datetime NOT NULL,
  `uid` char(36) COLLATE utf8_unicode_ci NOT NULL DEFAULT '0',
  PRIMARY KEY (`id`),
  KEY `craft_entries_sectionId_idx` (`sectionId`),
  KEY `craft_entries_typeId_idx` (`typeId`),
  KEY `craft_entries_postDate_idx` (`postDate`),
  KEY `craft_entries_expiryDate_idx` (`expiryDate`),
  KEY `craft_entries_authorId_fk` (`authorId`)
) ENGINE=InnoDB DEFAULT CHARSET=utf8 COLLATE=utf8_unicode_ci;

--
-- Data for table `craft_entries`
--

INSERT INTO `craft_entries` (`id`, `sectionId`, `typeId`, `authorId`, `postDate`, `expiryDate`, `dateCreated`, `dateUpdated`, `uid`) VALUES
 ('2', '1', '1', NULL, '2016-09-14 00:59:12', NULL, '2016-09-07 22:57:55', '2016-09-14 00:59:12', '1378cf00-f533-4c41-b677-e7966e2baf6d'),
 ('71', '3', '3', '1', '2016-09-13 01:36:00', NULL, '2016-09-13 01:36:52', '2016-09-13 01:41:07', 'c8926be3-ae32-4edc-8e97-9c88aa09901d');



DROP TABLE IF EXISTS `craft_entrydrafts`;


--
-- Schema for table `craft_entrydrafts`
--
CREATE TABLE `craft_entrydrafts` (
  `id` int(11) NOT NULL AUTO_INCREMENT,
  `entryId` int(11) NOT NULL,
  `sectionId` int(11) NOT NULL,
  `creatorId` int(11) NOT NULL,
  `locale` char(12) COLLATE utf8_unicode_ci NOT NULL,
  `name` varchar(255) COLLATE utf8_unicode_ci NOT NULL,
  `notes` tinytext COLLATE utf8_unicode_ci,
  `data` mediumtext COLLATE utf8_unicode_ci NOT NULL,
  `dateCreated` datetime NOT NULL,
  `dateUpdated` datetime NOT NULL,
  `uid` char(36) COLLATE utf8_unicode_ci NOT NULL DEFAULT '0',
  PRIMARY KEY (`id`),
  KEY `craft_entrydrafts_entryId_locale_idx` (`entryId`,`locale`),
  KEY `craft_entrydrafts_sectionId_fk` (`sectionId`),
  KEY `craft_entrydrafts_creatorId_fk` (`creatorId`),
  KEY `craft_entrydrafts_locale_fk` (`locale`)
) ENGINE=InnoDB DEFAULT CHARSET=utf8 COLLATE=utf8_unicode_ci;

DROP TABLE IF EXISTS `craft_entrytypes`;


--
-- Schema for table `craft_entrytypes`
--
CREATE TABLE `craft_entrytypes` (
  `id` int(11) NOT NULL AUTO_INCREMENT,
  `sectionId` int(11) NOT NULL,
  `fieldLayoutId` int(11) DEFAULT NULL,
  `name` varchar(255) COLLATE utf8_unicode_ci NOT NULL,
  `handle` varchar(255) COLLATE utf8_unicode_ci NOT NULL,
  `hasTitleField` tinyint(1) unsigned NOT NULL DEFAULT '1',
  `titleLabel` varchar(255) COLLATE utf8_unicode_ci DEFAULT 'Title',
  `titleFormat` varchar(255) COLLATE utf8_unicode_ci DEFAULT NULL,
  `sortOrder` smallint(6) unsigned DEFAULT NULL,
  `dateCreated` datetime NOT NULL,
  `dateUpdated` datetime NOT NULL,
  `uid` char(36) COLLATE utf8_unicode_ci NOT NULL DEFAULT '0',
  PRIMARY KEY (`id`),
  UNIQUE KEY `craft_entrytypes_name_sectionId_unq_idx` (`name`,`sectionId`),
  UNIQUE KEY `craft_entrytypes_handle_sectionId_unq_idx` (`handle`,`sectionId`),
  KEY `craft_entrytypes_sectionId_fk` (`sectionId`),
  KEY `craft_entrytypes_fieldLayoutId_fk` (`fieldLayoutId`)
) ENGINE=InnoDB AUTO_INCREMENT=7 DEFAULT CHARSET=utf8 COLLATE=utf8_unicode_ci;

--
-- Data for table `craft_entrytypes`
--

INSERT INTO `craft_entrytypes` (`id`, `sectionId`, `fieldLayoutId`, `name`, `handle`, `hasTitleField`, `titleLabel`, `titleFormat`, `sortOrder`, `dateCreated`, `dateUpdated`, `uid`) VALUES
 ('1', '1', '94', 'Homepage', 'homepage', '1', 'Title', NULL, '1', '2016-09-07 22:57:55', '2016-09-08 23:07:45', '5a1c4a52-fcd4-482d-9ee2-71c2c850580a'),
 ('3', '3', '114', 'Banner', 'banner', '1', 'Title', NULL, '1', '2016-09-09 00:20:14', '2016-09-09 00:45:46', 'dea7f1c9-df63-423e-8476-e07ea4cc2c37'),
 ('6', '5', '116', 'Info Blocks', 'infoBlocks', '1', 'Title', NULL, '1', '2016-09-09 00:22:50', '2016-09-09 00:49:33', 'b204e6e1-8b9c-4e44-8975-c03a96f07e5f');



DROP TABLE IF EXISTS `craft_entryversions`;


--
-- Schema for table `craft_entryversions`
--
CREATE TABLE `craft_entryversions` (
  `id` int(11) NOT NULL AUTO_INCREMENT,
  `entryId` int(11) NOT NULL,
  `sectionId` int(11) NOT NULL,
  `creatorId` int(11) DEFAULT NULL,
  `locale` char(12) COLLATE utf8_unicode_ci NOT NULL,
  `num` smallint(6) unsigned NOT NULL,
  `notes` tinytext COLLATE utf8_unicode_ci,
  `data` mediumtext COLLATE utf8_unicode_ci NOT NULL,
  `dateCreated` datetime NOT NULL,
  `dateUpdated` datetime NOT NULL,
  `uid` char(36) COLLATE utf8_unicode_ci NOT NULL DEFAULT '0',
  PRIMARY KEY (`id`),
  KEY `craft_entryversions_entryId_locale_idx` (`entryId`,`locale`),
  KEY `craft_entryversions_sectionId_fk` (`sectionId`),
  KEY `craft_entryversions_creatorId_fk` (`creatorId`),
  KEY `craft_entryversions_locale_fk` (`locale`)
) ENGINE=InnoDB AUTO_INCREMENT=46 DEFAULT CHARSET=utf8 COLLATE=utf8_unicode_ci;

--
-- Data for table `craft_entryversions`
--

INSERT INTO `craft_entryversions` (`id`, `entryId`, `sectionId`, `creatorId`, `locale`, `num`, `notes`, `data`, `dateCreated`, `dateUpdated`, `uid`) VALUES
 ('1', '2', '1', '1', 'en_us', '1', NULL, '{\"typeId\":\"1\",\"authorId\":null,\"title\":\"Homepage\",\"slug\":\"homepage\",\"postDate\":1473289075,\"expiryDate\":null,\"enabled\":1,\"parentId\":null,\"fields\":[]}', '2016-09-07 22:57:55', '2016-09-07 22:57:55', 'c8a05168-0816-4627-a07d-ec962a9f0fec'),
 ('2', '2', '1', '1', 'en_us', '2', '', '{\"typeId\":null,\"authorId\":null,\"title\":\"Homepage\",\"slug\":\"homepage\",\"postDate\":1473289075,\"expiryDate\":null,\"enabled\":1,\"parentId\":null,\"fields\":{\"1\":\"<p>test<\\/p>\"}}', '2016-09-08 01:50:26', '2016-09-08 01:50:26', '934d76c1-8a5e-4cca-8388-bb974183ad6c'),
 ('3', '2', '1', '1', 'en_us', '3', '', '{\"typeId\":null,\"authorId\":null,\"title\":\"Homepage\",\"slug\":\"homepage\",\"postDate\":1473289075,\"expiryDate\":null,\"enabled\":1,\"parentId\":null,\"fields\":{\"19\":{\"new1\":{\"type\":\"hero\",\"enabled\":\"1\",\"fields\":{\"backgroundImage\":\"\",\"heading\":\"\",\"body\":\"\",\"buttonText\":\"\",\"buttonUrl\":\"\",\"search\":\"\"}}}}}', '2016-09-08 23:07:56', '2016-09-08 23:07:56', '338d0689-51e9-4d2a-aff6-2d113b1d8d8b'),
 ('4', '2', '1', '1', 'en_us', '4', '', '{\"typeId\":null,\"authorId\":null,\"title\":\"Homepage\",\"slug\":\"homepage\",\"postDate\":1473289075,\"expiryDate\":null,\"enabled\":1,\"parentId\":null,\"fields\":{\"19\":{\"63\":{\"type\":\"hero\",\"enabled\":\"1\",\"fields\":{\"backgroundImage\":\"\",\"heading\":\"\",\"body\":\"\",\"buttonText\":\"\",\"buttonUrl\":\"\",\"search\":\"\"}},\"new1\":{\"type\":\"productsCarousel\",\"enabled\":\"1\",\"fields\":{\"heading\":\"\",\"products\":\"\",\"linkText\":\"\",\"linkUrl\":\"\"}}}}}', '2016-09-08 23:07:59', '2016-09-08 23:07:59', '2ce35ea9-2311-4bb6-aa70-8bd26f41e163'),
 ('5', '2', '1', '1', 'en_us', '5', '', '{\"typeId\":null,\"authorId\":null,\"title\":\"Homepage\",\"slug\":\"homepage\",\"postDate\":1473289075,\"expiryDate\":null,\"enabled\":1,\"parentId\":null,\"fields\":{\"19\":{\"63\":{\"type\":\"hero\",\"enabled\":\"1\",\"fields\":{\"backgroundImage\":\"\",\"heading\":\"\",\"body\":\"\",\"buttonText\":\"\",\"buttonUrl\":\"\",\"search\":\"\"}},\"64\":{\"type\":\"productsCarousel\",\"enabled\":\"1\",\"fields\":{\"heading\":\"\",\"products\":\"\",\"linkText\":\"\",\"linkUrl\":\"\"}},\"new1\":{\"type\":\"productsFeatured\",\"enabled\":\"1\",\"fields\":{\"heading\":\"\",\"products\":\"\"}}}}}', '2016-09-08 23:08:03', '2016-09-08 23:08:03', '7694d044-c962-4485-b828-07d1cd94e466'),
 ('6', '2', '1', '1', 'en_us', '6', '', '{\"typeId\":null,\"authorId\":null,\"title\":\"Homepage\",\"slug\":\"homepage\",\"postDate\":1473289075,\"expiryDate\":null,\"enabled\":1,\"parentId\":null,\"fields\":{\"19\":\"\"}}', '2016-09-08 23:08:18', '2016-09-08 23:08:18', '0fe4fc7f-82a4-47b3-8643-049fd6bf36ce'),
 ('7', '2', '1', '1', 'en_us', '7', '', '{\"typeId\":null,\"authorId\":null,\"title\":\"Homepage\",\"slug\":\"homepage\",\"postDate\":1473289075,\"expiryDate\":null,\"enabled\":1,\"parentId\":null,\"fields\":{\"19\":{\"new1\":{\"type\":\"hero\",\"enabled\":\"1\",\"fields\":{\"backgroundImage\":\"\",\"heading\":\"\",\"body\":\"\",\"buttonText\":\"\",\"buttonUrl\":\"\",\"search\":\"\"}}}}}', '2016-09-12 17:00:24', '2016-09-12 17:00:24', '552d78c7-743d-46d5-9f7b-9f826759c3e8'),
 ('8', '2', '1', '1', 'en_us', '8', '', '{\"typeId\":null,\"authorId\":null,\"title\":\"Homepage\",\"slug\":\"homepage\",\"postDate\":1473289075,\"expiryDate\":null,\"enabled\":1,\"parentId\":null,\"fields\":{\"19\":\"\"}}', '2016-09-12 17:01:17', '2016-09-12 17:01:17', 'c868b75b-4d41-4626-baa6-648ed6d4d48d'),
 ('9', '2', '1', '1', 'en_us', '9', '', '{\"typeId\":null,\"authorId\":null,\"title\":\"Homepage\",\"slug\":\"homepage\",\"postDate\":1473289075,\"expiryDate\":null,\"enabled\":1,\"parentId\":null,\"fields\":{\"19\":{\"new1\":{\"type\":\"hero\",\"enabled\":\"1\",\"fields\":{\"backgroundImage\":\"\",\"heading\":\"\",\"body\":\"\",\"buttonText\":\"\",\"buttonUrl\":\"\",\"search\":\"\"}}}}}', '2016-09-13 00:56:01', '2016-09-13 00:56:01', '7cd4c1b7-91e1-4751-8885-3ca9be0649fb'),
 ('10', '2', '1', '1', 'en_us', '10', '', '{\"typeId\":null,\"authorId\":null,\"title\":\"Homepage\",\"slug\":\"homepage\",\"postDate\":1473289075,\"expiryDate\":null,\"enabled\":1,\"parentId\":null,\"fields\":{\"19\":{\"68\":{\"type\":\"hero\",\"enabled\":\"1\",\"fields\":{\"backgroundImage\":[\"69\"],\"heading\":\"Welcome to BevyBar\",\"body\":\"<p>The best drinks direct to your home<\\/p>\",\"buttonText\":\"Buy Now\",\"buttonUrl\":\"\",\"search\":\"\"}}}}}', '2016-09-13 00:57:45', '2016-09-13 00:57:45', '07a5e85a-39cd-4b8b-b6c2-6726cd8edb36'),
 ('11', '2', '1', '1', 'en_us', '11', '', '{\"typeId\":\"1\",\"authorId\":null,\"title\":\"Homepage\",\"slug\":\"homepage\",\"postDate\":1473728274,\"expiryDate\":null,\"enabled\":1,\"parentId\":null,\"fields\":{\"19\":{\"68\":{\"type\":\"hero\",\"enabled\":\"1\",\"fields\":{\"backgroundImage\":[\"69\"],\"heading\":\"Welcome to BevyBar\",\"body\":\"<p>The best drinks direct to your home<\\/p>\",\"buttonText\":\"Buy Now\",\"buttonUrl\":\"\",\"search\":\"\"}}}}}', '2016-09-13 01:00:24', '2016-09-13 01:00:24', 'f2e75658-d71e-4286-9768-6d37d7deb36b'),
 ('12', '2', '1', '1', 'es_mx', '1', '', '{\"typeId\":\"1\",\"authorId\":null,\"title\":\"Homepage\",\"slug\":\"homepage\",\"postDate\":1473728274,\"expiryDate\":null,\"enabled\":1,\"parentId\":null,\"fields\":{\"19\":{\"68\":{\"type\":\"hero\",\"enabled\":\"1\",\"fields\":{\"backgroundImage\":[\"69\"],\"heading\":\"Bienvenido a BevyBar\",\"body\":\"<p>Las mejores bebidas del mundo directo a tu casa<\\/p>\",\"buttonText\":\"Compr\\u00e1 Ya\",\"buttonUrl\":\"\",\"search\":\"\"}}}}}', '2016-09-13 01:01:12', '2016-09-13 01:01:12', '25ad8e0f-dcfb-4706-8717-007acb1d3286'),
 ('13', '2', '1', '1', 'en_us', '12', '', '{\"typeId\":\"1\",\"authorId\":null,\"title\":\"Homepage\",\"slug\":\"homepage\",\"postDate\":1473728274,\"expiryDate\":null,\"enabled\":1,\"parentId\":null,\"fields\":{\"19\":{\"68\":{\"type\":\"hero\",\"enabled\":\"1\",\"fields\":{\"backgroundImage\":[\"69\"],\"heading\":\"Welcome to BevyBar\",\"body\":\"<p>The best drinks direct to your home<\\/p>\",\"buttonText\":\"Buy Now\",\"buttonUrl\":[\"58\"],\"search\":\"\"}}}}}', '2016-09-13 01:21:02', '2016-09-13 01:21:02', '9c53bb95-bf23-4f55-a55b-453502971828'),
 ('14', '2', '1', '1', 'en_us', '13', '', '{\"typeId\":\"1\",\"authorId\":null,\"title\":\"Homepage\",\"slug\":\"homepage\",\"postDate\":1473728274,\"expiryDate\":null,\"enabled\":1,\"parentId\":null,\"fields\":{\"19\":{\"68\":{\"type\":\"hero\",\"enabled\":\"1\",\"fields\":{\"backgroundImage\":[\"69\"],\"heading\":\"Welcome to BevyBar\",\"body\":\"<p>The best drinks direct to your home<\\/p>\",\"buttonText\":\"Buy Now\",\"buttonLink\":[\"58\"],\"search\":\"\"}}}}}', '2016-09-13 01:24:46', '2016-09-13 01:24:46', '94c515e9-e194-41c4-9638-a2c986fa2cf7'),
 ('15', '71', '3', '1', 'en_us', '1', '', '{\"typeId\":null,\"authorId\":\"1\",\"title\":\"Main Banners\",\"slug\":\"main-banners\",\"postDate\":1473730560,\"expiryDate\":null,\"enabled\":1,\"parentId\":null,\"fields\":{\"47\":{\"new1\":{\"type\":\"banner\",\"enabled\":\"1\",\"fields\":{\"icon\":[\"70\"],\"body\":\"<p>some promo text<\\/p>\"}}}}}', '2016-09-13 01:36:52', '2016-09-13 01:36:52', '53ecc634-0f68-441d-bd59-56d2ba933fc2'),
 ('16', '71', '3', '1', 'en_us', '2', '', '{\"typeId\":\"3\",\"authorId\":\"1\",\"title\":\"Main Banners\",\"slug\":\"main-banners\",\"postDate\":1473730560,\"expiryDate\":null,\"enabled\":1,\"parentId\":null,\"fields\":{\"47\":{\"72\":{\"type\":\"banner\",\"enabled\":\"1\",\"fields\":{\"icon\":[\"70\"],\"body\":\"<p>some promo text<\\/p>\"}},\"new1\":{\"type\":\"banner\",\"enabled\":\"1\",\"fields\":{\"icon\":[\"73\"],\"body\":\"<p>and more<\\/p>\"}},\"new2\":{\"type\":\"banner\",\"enabled\":\"1\",\"fields\":{\"icon\":[\"74\"],\"body\":\"<p>and more and more<\\/p>\"}},\"new3\":{\"type\":\"banner\",\"enabled\":\"1\",\"fields\":{\"icon\":[\"75\"],\"body\":\"<p>a happy parcel<\\/p>\"}}}}}', '2016-09-13 01:40:20', '2016-09-13 01:40:20', '141c07f3-3b0e-4bbc-b599-a43199a16f1e'),
 ('17', '71', '3', '1', 'en_us', '3', '', '{\"typeId\":\"3\",\"authorId\":\"1\",\"title\":\"Main Banners\",\"slug\":\"main-banners\",\"postDate\":1473730560,\"expiryDate\":null,\"enabled\":1,\"parentId\":null,\"fields\":{\"47\":{\"72\":{\"type\":\"banner\",\"enabled\":\"1\",\"fields\":{\"icon\":[\"70\"],\"body\":\"<p>some promo text<\\/p>\"}},\"76\":{\"type\":\"banner\",\"enabled\":\"1\",\"fields\":{\"icon\":[\"73\"],\"body\":\"<p>and more<\\/p>\"}},\"77\":{\"type\":\"banner\",\"enabled\":\"1\",\"fields\":{\"icon\":[\"74\"],\"body\":\"<p>and more and more<\\/p>\"}},\"78\":{\"type\":\"banner\",\"enabled\":\"1\",\"fields\":{\"icon\":[\"75\"],\"body\":\"<p>a happy parcel<\\/p>\"}}}}}', '2016-09-13 01:40:30', '2016-09-13 01:40:30', 'fb47fd2f-5d6c-45d2-bf35-cb6a51526bc9'),
 ('18', '71', '3', '1', 'en_us', '4', '', '{\"typeId\":\"3\",\"authorId\":\"1\",\"title\":\"Main Banners\",\"slug\":\"main-banners\",\"postDate\":1473730560,\"expiryDate\":null,\"enabled\":1,\"parentId\":null,\"fields\":{\"47\":{\"72\":{\"type\":\"banner\",\"enabled\":\"1\",\"fields\":{\"icon\":[\"70\"],\"body\":\"<p>some promo text<\\/p>\"}},\"76\":{\"type\":\"banner\",\"enabled\":\"1\",\"fields\":{\"icon\":[\"73\"],\"body\":\"<p>and more<\\/p>\"}},\"77\":{\"type\":\"banner\",\"enabled\":\"1\",\"fields\":{\"icon\":[\"74\"],\"body\":\"<p>and more and more<\\/p>\"}},\"78\":{\"type\":\"banner\",\"enabled\":\"1\",\"fields\":{\"icon\":[\"75\"],\"body\":\"<p>a happy parcel<\\/p>\"}}}}}', '2016-09-13 01:40:33', '2016-09-13 01:40:33', '09752b9f-6c7f-4852-8037-bfd40870bef0'),
 ('19', '2', '1', '1', 'en_us', '14', '', '{\"typeId\":\"1\",\"authorId\":null,\"title\":\"Homepage\",\"slug\":\"homepage\",\"postDate\":1473728274,\"expiryDate\":null,\"enabled\":1,\"parentId\":null,\"fields\":{\"19\":{\"68\":{\"type\":\"hero\",\"enabled\":\"1\",\"fields\":{\"backgroundImage\":[\"69\"],\"heading\":\"Welcome to BevyBar\",\"body\":\"<p>The best drinks direct to your home<\\/p>\",\"buttonText\":\"Buy Now\",\"buttonLink\":[\"58\"],\"search\":\"\"}},\"new1\":{\"type\":\"banner\",\"enabled\":\"1\",\"fields\":{\"banner\":[\"71\"]}}}}}', '2016-09-13 01:40:58', '2016-09-13 01:40:58', 'c021bed6-6c18-48f2-8547-51a973b3fccd'),
 ('20', '71', '3', '1', 'en_us', '5', '', '{\"typeId\":\"3\",\"authorId\":\"1\",\"title\":\"Main Banner\",\"slug\":\"main-banner\",\"postDate\":1473730560,\"expiryDate\":null,\"enabled\":1,\"parentId\":null,\"fields\":{\"47\":{\"72\":{\"type\":\"banner\",\"enabled\":\"1\",\"fields\":{\"icon\":[\"70\"],\"body\":\"<p>some promo text<\\/p>\"}},\"76\":{\"type\":\"banner\",\"enabled\":\"1\",\"fields\":{\"icon\":[\"73\"],\"body\":\"<p>and more<\\/p>\"}},\"77\":{\"type\":\"banner\",\"enabled\":\"1\",\"fields\":{\"icon\":[\"74\"],\"body\":\"<p>and more and more<\\/p>\"}},\"78\":{\"type\":\"banner\",\"enabled\":\"1\",\"fields\":{\"icon\":[\"75\"],\"body\":\"<p>a happy parcel<\\/p>\"}}}}}', '2016-09-13 01:41:07', '2016-09-13 01:41:07', 'fe1e0320-ec79-4442-b587-daea1aa08090'),
 ('21', '2', '1', '1', 'en_us', '15', '', '{\"typeId\":\"1\",\"authorId\":null,\"title\":\"Homepage\",\"slug\":\"homepage\",\"postDate\":1473728274,\"expiryDate\":null,\"enabled\":1,\"parentId\":null,\"fields\":{\"19\":{\"68\":{\"type\":\"hero\",\"enabled\":\"1\",\"fields\":{\"backgroundImage\":[\"69\"],\"heading\":\"Welcome to BevyBar\",\"body\":\"<p>The best drinks direct to your home<\\/p>\",\"buttonText\":\"Buy Now\",\"buttonLink\":[\"58\"],\"search\":\"\"}},\"79\":{\"type\":\"banner\",\"enabled\":\"1\",\"fields\":{\"banner\":[\"71\"]}}}}}', '2016-09-13 01:50:28', '2016-09-13 01:50:28', 'a1be774a-d868-4bc7-8e7a-c0a6641082bf'),
 ('22', '2', '1', '1', 'en_us', '16', '', '{\"typeId\":\"1\",\"authorId\":null,\"title\":\"Homepage\",\"slug\":\"homepage\",\"postDate\":1473728274,\"expiryDate\":null,\"enabled\":1,\"parentId\":null,\"fields\":{\"19\":{\"68\":{\"type\":\"hero\",\"enabled\":\"1\",\"fields\":{\"backgroundImage\":[\"69\"],\"heading\":\"Welcome to BevyBar\",\"body\":\"<p>The best drinks direct to your home<\\/p>\",\"buttonText\":\"Buy Now\",\"buttonLink\":[\"58\"],\"search\":\"\"}},\"79\":{\"type\":\"banner\",\"enabled\":\"1\",\"fields\":{\"bannerEntry\":[\"71\"]}}}}}', '2016-09-13 01:50:32', '2016-09-13 01:50:32', '244802ea-c195-4f73-9e58-0ed79008292c'),
 ('23', '2', '1', '1', 'en_us', '17', '', '{\"typeId\":\"1\",\"authorId\":null,\"title\":\"Homepage\",\"slug\":\"homepage\",\"postDate\":1473728274,\"expiryDate\":null,\"enabled\":1,\"parentId\":null,\"fields\":{\"19\":{\"68\":{\"type\":\"hero\",\"enabled\":\"1\",\"fields\":{\"backgroundImage\":[\"69\"],\"heading\":\"Welcome to BevyBar\",\"body\":\"<p>The best drinks direct to your home<\\/p>\",\"buttonText\":\"Buy Now\",\"buttonLink\":[\"58\"],\"search\":\"\"}},\"79\":{\"type\":\"banner\",\"enabled\":\"1\",\"fields\":{\"bannerEntry\":[\"71\"]}},\"new1\":{\"type\":\"productsCarousel\",\"enabled\":\"1\",\"fields\":{\"heading\":\"\",\"products\":\"\",\"linkText\":\"\",\"linkUrl\":\"\"}}}}}', '2016-09-13 01:55:14', '2016-09-13 01:55:14', '0e50c0a0-c21e-4230-8d6a-26a4c8105a3c'),
 ('24', '2', '1', '1', 'en_us', '18', '', '{\"typeId\":\"1\",\"authorId\":null,\"title\":\"Homepage\",\"slug\":\"homepage\",\"postDate\":1473728274,\"expiryDate\":null,\"enabled\":1,\"parentId\":null,\"fields\":{\"19\":{\"68\":{\"type\":\"hero\",\"enabled\":\"1\",\"fields\":{\"backgroundImage\":[\"69\"],\"heading\":\"Welcome to BevyBar\",\"body\":\"<p>The best drinks direct to your home<\\/p>\",\"buttonText\":\"Buy Now\",\"buttonLink\":[\"58\"],\"search\":\"\"}},\"79\":{\"type\":\"banner\",\"enabled\":\"1\",\"fields\":{\"bannerEntry\":[\"71\"]}},\"80\":{\"type\":\"productsCarousel\",\"enabled\":\"1\",\"fields\":{\"heading\":\"Beers\",\"products\":\"\",\"linkText\":\"View all products\",\"linkPage\":\"\"}}}}}', '2016-09-13 01:55:43', '2016-09-13 01:55:43', '4303aa5d-c628-4cc1-8980-42f9cd576b86'),
 ('25', '2', '1', '1', 'es_mx', '2', '', '{\"typeId\":\"1\",\"authorId\":null,\"title\":\"Homepage\",\"slug\":\"homepage\",\"postDate\":1473728274,\"expiryDate\":null,\"enabled\":1,\"parentId\":null,\"fields\":{\"19\":{\"68\":{\"type\":\"hero\",\"enabled\":\"1\",\"fields\":{\"backgroundImage\":[\"69\"],\"heading\":\"Bienvenido a BevyBar\",\"body\":\"<p>Las mejores bebidas del mundo directo a tu casa<\\/p>\",\"buttonText\":\"Compr\\u00e1 Ya\",\"buttonLink\":[\"58\"],\"search\":\"\"}},\"79\":{\"type\":\"banner\",\"enabled\":\"1\",\"fields\":{\"bannerEntry\":[\"71\"]}},\"80\":{\"type\":\"productsCarousel\",\"enabled\":\"1\",\"fields\":{\"heading\":\"Cervezas\",\"products\":\"\",\"linkText\":\"Ver todos los productos\",\"linkPage\":\"\"}}}}}', '2016-09-13 01:56:24', '2016-09-13 01:56:24', '4270483a-f4b9-4d69-8299-d63bca7c488b'),
 ('26', '2', '1', '1', 'en_us', '19', '', '{\"typeId\":\"1\",\"authorId\":null,\"title\":\"Homepage\",\"slug\":\"homepage\",\"postDate\":1473728274,\"expiryDate\":null,\"enabled\":1,\"parentId\":null,\"fields\":{\"19\":{\"68\":{\"type\":\"hero\",\"enabled\":\"1\",\"fields\":{\"backgroundImage\":[\"69\"],\"heading\":\"Welcome to BevyBar\",\"body\":\"<p>The best drinks direct to your home<\\/p>\",\"buttonText\":\"Buy Now\",\"buttonLink\":[\"58\"],\"search\":\"\"}},\"79\":{\"type\":\"banner\",\"enabled\":\"1\",\"fields\":{\"bannerEntry\":[\"71\"]}},\"80\":{\"type\":\"productsCarousel\",\"enabled\":\"1\",\"fields\":{\"heading\":\"Beers\",\"products\":[\"3\",\"7\",\"5\",\"47\",\"9\"],\"linkText\":\"View all products\",\"linkPage\":[\"58\"]}}}}}', '2016-09-13 01:56:57', '2016-09-13 01:56:57', '857d3920-d341-43ce-9eb7-852c12fa6baf'),
 ('27', '2', '1', '1', 'en_us', '20', '', '{\"typeId\":\"1\",\"authorId\":null,\"title\":\"Homepage\",\"slug\":\"homepage\",\"postDate\":1473728274,\"expiryDate\":null,\"enabled\":1,\"parentId\":null,\"fields\":{\"19\":{\"68\":{\"type\":\"hero\",\"enabled\":\"1\",\"fields\":{\"backgroundImage\":[\"69\"],\"heading\":\"Welcome to BevyBar\",\"body\":\"<p>The best drinks direct to your home<\\/p>\",\"buttonText\":\"Buy Now\",\"buttonLink\":[\"58\"],\"search\":\"\"}},\"79\":{\"type\":\"banner\",\"enabled\":\"1\",\"fields\":{\"bannerEntry\":[\"71\"]}},\"80\":{\"type\":\"productsCarousel\",\"enabled\":\"1\",\"fields\":{\"heading\":\"Beers\",\"products\":[\"3\",\"7\",\"5\",\"47\",\"9\"],\"linkText\":\"View all products\",\"linkPage\":[\"58\"]}},\"new1\":{\"type\":\"productsFeatured\",\"enabled\":\"1\",\"fields\":{\"heading\":\"\",\"products\":\"\"}}}}}', '2016-09-13 02:22:15', '2016-09-13 02:22:15', 'e28dd4ac-36b6-4177-ac10-8a5590fa4a08'),
 ('28', '2', '1', '1', 'es_mx', '3', '', '{\"typeId\":\"1\",\"authorId\":null,\"title\":\"Homepage\",\"slug\":\"homepage\",\"postDate\":1473728274,\"expiryDate\":null,\"enabled\":1,\"parentId\":null,\"fields\":{\"19\":{\"68\":{\"type\":\"hero\",\"enabled\":\"1\",\"fields\":{\"backgroundImage\":[\"69\"],\"heading\":\"Bienvenido a BevyBar\",\"body\":\"<p>Las mejores bebidas del mundo directo a tu casa<\\/p>\",\"buttonText\":\"Compr\\u00e1 Ya\",\"buttonLink\":[\"58\"],\"search\":\"\"}},\"79\":{\"type\":\"banner\",\"enabled\":\"1\",\"fields\":{\"bannerEntry\":[\"71\"]}},\"80\":{\"type\":\"productsCarousel\",\"enabled\":\"1\",\"fields\":{\"heading\":\"Cervezas\",\"products\":[\"3\",\"7\",\"5\",\"47\",\"9\"],\"linkText\":\"Ver todos los productos\",\"linkPage\":[\"58\"]}},\"81\":{\"type\":\"productsFeatured\",\"enabled\":\"1\",\"fields\":{\"heading\":\"\",\"products\":\"\"}}}}}', '2016-09-13 02:22:35', '2016-09-13 02:22:35', 'd74665c4-d005-4517-8267-d2d0bccb45b3'),
 ('29', '2', '1', '1', 'es_mx', '4', '', '{\"typeId\":\"1\",\"authorId\":null,\"title\":\"Homepage\",\"slug\":\"homepage\",\"postDate\":1473728274,\"expiryDate\":null,\"enabled\":1,\"parentId\":null,\"fields\":{\"19\":{\"68\":{\"type\":\"hero\",\"enabled\":\"1\",\"fields\":{\"backgroundImage\":[\"69\"],\"heading\":\"Bienvenido a BevyBar\",\"body\":\"<p>Las mejores bebidas del mundo directo a tu casa<\\/p>\",\"buttonText\":\"Compr\\u00e1 Ya\",\"buttonLink\":[\"58\"],\"search\":\"\"}},\"79\":{\"type\":\"banner\",\"enabled\":\"1\",\"fields\":{\"bannerEntry\":[\"71\"]}},\"80\":{\"type\":\"productsCarousel\",\"enabled\":\"1\",\"fields\":{\"heading\":\"Cervezas\",\"products\":[\"3\",\"7\",\"5\",\"47\",\"9\"],\"linkText\":\"Ver todos los productos\",\"linkPage\":[\"58\"]}},\"81\":{\"type\":\"productsFeatured\",\"enabled\":\"1\",\"fields\":{\"heading\":\"\",\"products\":\"\"}}}}}', '2016-09-13 02:22:38', '2016-09-13 02:22:38', '66dde741-1bb9-45d5-bc87-4d7ea7059db4'),
 ('30', '2', '1', '1', 'es_mx', '5', '', '{\"typeId\":\"1\",\"authorId\":null,\"title\":\"Homepage\",\"slug\":\"homepage\",\"postDate\":1473728274,\"expiryDate\":null,\"enabled\":1,\"parentId\":null,\"fields\":{\"19\":{\"68\":{\"type\":\"hero\",\"enabled\":\"1\",\"fields\":{\"backgroundImage\":[\"69\"],\"heading\":\"Bienvenido a BevyBar\",\"body\":\"<p>Las mejores bebidas del mundo directo a tu casa<\\/p>\",\"buttonText\":\"Compr\\u00e1 Ya\",\"buttonLink\":[\"58\"],\"search\":\"\"}},\"79\":{\"type\":\"banner\",\"enabled\":\"1\",\"fields\":{\"bannerEntry\":[\"71\"]}},\"80\":{\"type\":\"productsCarousel\",\"enabled\":\"1\",\"fields\":{\"heading\":\"Cervezas\",\"products\":[\"3\",\"7\",\"5\",\"47\",\"9\"],\"linkText\":\"Ver todos los productos\",\"linkPage\":[\"58\"]}},\"81\":{\"type\":\"productsFeatured\",\"enabled\":\"1\",\"fields\":{\"heading\":\"Productos Destacados\",\"products\":\"\"}}}}}', '2016-09-13 02:22:42', '2016-09-13 02:22:42', '6863420e-d0a2-4d52-8a97-ddba2e93b520'),
 ('31', '2', '1', '1', 'en_us', '21', '', '{\"typeId\":\"1\",\"authorId\":null,\"title\":\"Homepage\",\"slug\":\"homepage\",\"postDate\":1473728274,\"expiryDate\":null,\"enabled\":1,\"parentId\":null,\"fields\":{\"19\":{\"68\":{\"type\":\"hero\",\"enabled\":\"1\",\"fields\":{\"backgroundImage\":[\"69\"],\"heading\":\"Welcome to BevyBar\",\"body\":\"<p>The best drinks direct to your home<\\/p>\",\"buttonText\":\"Buy Now\",\"buttonLink\":[\"58\"],\"search\":\"\"}},\"79\":{\"type\":\"banner\",\"enabled\":\"1\",\"fields\":{\"bannerEntry\":[\"71\"]}},\"80\":{\"type\":\"productsCarousel\",\"enabled\":\"1\",\"fields\":{\"heading\":\"Beers\",\"products\":[\"3\",\"7\",\"5\",\"47\",\"9\"],\"linkText\":\"View all products\",\"linkPage\":[\"58\"]}},\"81\":{\"type\":\"productsFeatured\",\"enabled\":\"1\",\"fields\":{\"heading\":\"Featured Products\",\"products\":[\"58\",\"47\"]}}}}}', '2016-09-13 02:23:01', '2016-09-13 02:23:01', '81a439fc-2c3c-4d96-b670-57f770fcc742'),
 ('32', '2', '1', '1', 'en_us', '22', '', '{\"typeId\":\"1\",\"authorId\":null,\"title\":\"Homepage\",\"slug\":\"homepage\",\"postDate\":1473728274,\"expiryDate\":null,\"enabled\":1,\"parentId\":null,\"fields\":{\"19\":{\"68\":{\"type\":\"hero\",\"enabled\":\"1\",\"fields\":{\"backgroundImage\":[\"69\"],\"heading\":\"Welcome to BevyBar\",\"body\":\"<p>The best drinks direct to your home<\\/p>\",\"buttonText\":\"Buy Now\",\"buttonLink\":[\"58\"],\"search\":\"\"}},\"79\":{\"type\":\"banner\",\"enabled\":\"1\",\"fields\":{\"bannerEntry\":[\"71\"]}},\"80\":{\"type\":\"productsCarousel\",\"enabled\":\"1\",\"fields\":{\"heading\":\"Beers\",\"products\":[\"3\",\"7\",\"5\",\"47\",\"9\"],\"linkText\":\"View all products\",\"linkPage\":[\"58\"]}},\"81\":{\"type\":\"productsFeatured\",\"enabled\":\"1\",\"fields\":{\"heading\":\"Featured Products\",\"products\":[\"58\",\"47\"]}},\"new1\":{\"type\":\"marketingBox\",\"enabled\":\"1\",\"fields\":{\"backgroundImage\":\"\",\"heading\":\"Storytelling Marketing Box\",\"body\":\"<p>Light statement regarding this marketing message should highlight a collection.<\\/p>\",\"textPosition\":\"left\",\"buttonText\":\"View Story\",\"buttonLink\":[\"58\"]}}}}}', '2016-09-13 02:26:36', '2016-09-13 02:26:36', 'fdd98929-5b65-4cfa-8aad-385d445d8019'),
 ('33', '2', '1', '1', 'en_us', '23', '', '{\"typeId\":\"1\",\"authorId\":null,\"title\":\"Homepage\",\"slug\":\"homepage\",\"postDate\":1473728274,\"expiryDate\":null,\"enabled\":1,\"parentId\":null,\"fields\":{\"19\":{\"68\":{\"type\":\"hero\",\"enabled\":\"1\",\"fields\":{\"backgroundImage\":[\"69\"],\"heading\":\"Welcome to BevyBar\",\"body\":\"<p>The best drinks direct to your home<\\/p>\",\"buttonText\":\"Buy Now\",\"buttonLink\":[\"58\"],\"search\":\"\"}},\"79\":{\"type\":\"banner\",\"enabled\":\"1\",\"fields\":{\"bannerEntry\":[\"71\"]}},\"80\":{\"type\":\"productsCarousel\",\"enabled\":\"1\",\"fields\":{\"heading\":\"Beers\",\"products\":[\"3\",\"7\",\"5\",\"47\",\"9\"],\"linkText\":\"View all products\",\"linkPage\":[\"58\"]}},\"81\":{\"type\":\"productsFeatured\",\"enabled\":\"1\",\"fields\":{\"heading\":\"Featured Products\",\"products\":[\"58\",\"47\"]}},\"82\":{\"type\":\"marketingBox\",\"enabled\":\"1\",\"fields\":{\"backgroundImage\":[\"83\"],\"heading\":\"Storytelling Marketing Box\",\"body\":\"<p>Light statement regarding this marketing message should highlight a collection.<\\/p>\",\"textPosition\":\"left\",\"buttonText\":\"View Story\",\"buttonLink\":[\"58\"]}}}}}', '2016-09-13 02:28:17', '2016-09-13 02:28:17', '3ed5153d-9b7a-4920-917f-af2882ab5e55'),
 ('34', '2', '1', '1', 'en_us', '24', '', '{\"typeId\":\"1\",\"authorId\":null,\"title\":\"Homepage\",\"slug\":\"homepage\",\"postDate\":1473728274,\"expiryDate\":null,\"enabled\":1,\"parentId\":null,\"fields\":{\"19\":{\"68\":{\"type\":\"hero\",\"enabled\":\"1\",\"fields\":{\"backgroundImage\":[\"69\"],\"heading\":\"Welcome to BevyBar\",\"body\":\"<p>The best drinks direct to your home<\\/p>\",\"buttonText\":\"Buy Now\",\"buttonLink\":[\"58\"],\"search\":\"\"}},\"79\":{\"type\":\"banner\",\"enabled\":\"1\",\"fields\":{\"bannerEntry\":[\"71\"]}},\"80\":{\"type\":\"productsCarousel\",\"enabled\":\"1\",\"fields\":{\"heading\":\"Beers\",\"products\":[\"3\",\"7\",\"5\",\"47\",\"9\"],\"linkText\":\"View all products\",\"linkPage\":[\"58\"]}},\"81\":{\"type\":\"productsFeatured\",\"enabled\":\"1\",\"fields\":{\"heading\":\"Featured Products\",\"products\":[\"58\",\"47\"]}},\"82\":{\"type\":\"marketingBox\",\"enabled\":\"1\",\"fields\":{\"backgroundImage\":[\"83\"],\"heading\":\"Storytelling Marketing Box\",\"body\":\"<p>Light statement regarding this marketing message should highlight a collection.<\\/p>\",\"textPosition\":\"right\",\"buttonText\":\"View Story\",\"buttonLink\":[\"58\"]}}}}}', '2016-09-13 02:30:26', '2016-09-13 02:30:26', '825c37c5-3211-4de7-9a26-0e58adbdb12d'),
 ('35', '2', '1', '1', 'en_us', '25', '', '{\"typeId\":\"1\",\"authorId\":null,\"title\":\"Homepage\",\"slug\":\"homepage\",\"postDate\":1473728274,\"expiryDate\":null,\"enabled\":1,\"parentId\":null,\"fields\":{\"19\":{\"68\":{\"type\":\"hero\",\"enabled\":\"1\",\"fields\":{\"backgroundImage\":[\"69\"],\"heading\":\"Welcome to BevyBar\",\"body\":\"<p>The best drinks direct to your home<\\/p>\",\"buttonText\":\"Buy Now\",\"buttonLink\":[\"58\"],\"search\":\"\"}},\"79\":{\"type\":\"banner\",\"enabled\":\"1\",\"fields\":{\"bannerEntry\":[\"71\"]}},\"80\":{\"type\":\"productsCarousel\",\"enabled\":\"1\",\"fields\":{\"heading\":\"Beers\",\"products\":[\"3\",\"7\",\"5\",\"47\",\"9\"],\"linkText\":\"View all products\",\"linkPage\":[\"58\"]}},\"81\":{\"type\":\"productsFeatured\",\"enabled\":\"1\",\"fields\":{\"heading\":\"Featured Products\",\"products\":[\"58\",\"47\"]}},\"82\":{\"type\":\"marketingBox\",\"enabled\":\"1\",\"fields\":{\"backgroundImage\":[\"83\"],\"heading\":\"Storytelling Marketing Box\",\"body\":\"<p>Light statement regarding this marketing message should highlight a collection.<\\/p>\",\"textPosition\":\"left\",\"buttonText\":\"View Story\",\"buttonLink\":[\"58\"]}}}}}', '2016-09-13 02:31:42', '2016-09-13 02:31:42', 'fa830ecf-5c36-41b7-a970-cb41f24d0f05'),
 ('36', '2', '1', '1', 'en_us', '26', '', '{\"typeId\":\"1\",\"authorId\":null,\"title\":\"Homepage\",\"slug\":\"homepage\",\"postDate\":1473728274,\"expiryDate\":null,\"enabled\":1,\"parentId\":null,\"fields\":{\"19\":{\"68\":{\"type\":\"hero\",\"enabled\":\"1\",\"fields\":{\"backgroundImage\":[\"69\"],\"heading\":\"Welcome to BevyBar\",\"body\":\"<p>The best drinks direct to your home<\\/p>\",\"buttonText\":\"Buy Now\",\"buttonLink\":[\"58\"],\"search\":\"\"}},\"79\":{\"type\":\"banner\",\"enabled\":\"1\",\"fields\":{\"bannerEntry\":[\"71\"]}},\"80\":{\"type\":\"productsCarousel\",\"enabled\":\"1\",\"fields\":{\"heading\":\"Beers\",\"products\":[\"3\",\"7\",\"5\",\"47\",\"9\"],\"linkText\":\"View all products\",\"linkPage\":[\"58\"]}},\"81\":{\"type\":\"productsFeatured\",\"enabled\":\"1\",\"fields\":{\"heading\":\"Featured Products\",\"products\":[\"58\",\"47\"]}},\"82\":{\"type\":\"marketingBox\",\"enabled\":\"1\",\"fields\":{\"backgroundImage\":[\"83\"],\"heading\":\"Storytelling Marketing Box\",\"body\":\"<p>Light statement regarding this marketing message should highlight a collection.<\\/p>\",\"textPosition\":\"left\",\"textBackground\":\"\",\"buttonText\":\"View Story\",\"buttonLink\":[\"58\"]}}}}}', '2016-09-13 02:34:27', '2016-09-13 02:34:27', 'ac0b14d6-3c1d-4a83-a593-16210d57444e'),
 ('37', '2', '1', '1', 'en_us', '27', '', '{\"typeId\":\"1\",\"authorId\":null,\"title\":\"Homepage\",\"slug\":\"homepage\",\"postDate\":1473728274,\"expiryDate\":null,\"enabled\":1,\"parentId\":null,\"fields\":{\"19\":{\"68\":{\"type\":\"hero\",\"enabled\":\"1\",\"fields\":{\"backgroundImage\":[\"69\"],\"heading\":\"Welcome to BevyBar\",\"body\":\"<p>The best drinks direct to your home<\\/p>\",\"buttonText\":\"Buy Now\",\"buttonLink\":[\"58\"],\"search\":\"\"}},\"79\":{\"type\":\"banner\",\"enabled\":\"1\",\"fields\":{\"bannerEntry\":[\"71\"]}},\"80\":{\"type\":\"productsCarousel\",\"enabled\":\"1\",\"fields\":{\"heading\":\"Beers\",\"products\":[\"3\",\"7\",\"5\",\"47\",\"9\"],\"linkText\":\"View all products\",\"linkPage\":[\"58\"]}},\"81\":{\"type\":\"productsFeatured\",\"enabled\":\"1\",\"fields\":{\"heading\":\"Featured Products\",\"products\":[\"58\",\"47\"]}},\"82\":{\"type\":\"marketingBox\",\"enabled\":\"1\",\"fields\":{\"backgroundImage\":[\"83\"],\"heading\":\"Storytelling Marketing Box\",\"body\":\"<p>Light statement regarding this marketing message should highlight a collection.<\\/p>\",\"textPosition\":\"left\",\"textBackground\":\"\",\"buttonText\":\"View Story\",\"buttonLink\":[\"58\"]}}}}}', '2016-09-13 02:35:15', '2016-09-13 02:35:15', '4bccfb7a-19ed-4106-9d3f-1cd172b53011'),
 ('38', '2', '1', '1', 'en_us', '28', '', '{\"typeId\":\"1\",\"authorId\":null,\"title\":\"Homepage\",\"slug\":\"homepage\",\"postDate\":1473728274,\"expiryDate\":null,\"enabled\":1,\"parentId\":null,\"fields\":{\"19\":{\"68\":{\"type\":\"hero\",\"enabled\":\"1\",\"fields\":{\"backgroundImage\":[\"69\"],\"heading\":\"Welcome to BevyBar\",\"body\":\"<p>The best drinks direct to your home<\\/p>\",\"buttonText\":\"Buy Now\",\"buttonLink\":[\"58\"],\"search\":\"\"}},\"79\":{\"type\":\"banner\",\"enabled\":\"1\",\"fields\":{\"bannerEntry\":[\"71\"]}},\"80\":{\"type\":\"productsCarousel\",\"enabled\":\"1\",\"fields\":{\"heading\":\"Beers\",\"products\":[\"3\",\"7\",\"5\",\"47\",\"9\"],\"linkText\":\"View all products\",\"linkPage\":[\"58\"]}},\"81\":{\"type\":\"productsFeatured\",\"enabled\":\"1\",\"fields\":{\"heading\":\"Featured Products\",\"products\":[\"58\",\"47\"]}},\"82\":{\"type\":\"marketingBox\",\"enabled\":\"1\",\"fields\":{\"backgroundImage\":[\"83\"],\"heading\":\"Storytelling Marketing Box\",\"body\":\"<p>Light statement regarding this marketing message should highlight a collection.<\\/p>\",\"textPosition\":\"left\",\"textBackground\":[\"enable\"],\"buttonText\":\"View Story\",\"buttonLink\":[\"58\"]}}}}}', '2016-09-13 02:37:21', '2016-09-13 02:37:21', '4314df88-c54c-48fd-90cb-bb63cba2be59'),
 ('39', '2', '1', '1', 'en_us', '29', '', '{\"typeId\":\"1\",\"authorId\":null,\"title\":\"Homepage\",\"slug\":\"homepage\",\"postDate\":1473728274,\"expiryDate\":null,\"enabled\":1,\"parentId\":null,\"fields\":{\"19\":{\"68\":{\"type\":\"hero\",\"enabled\":\"1\",\"fields\":{\"backgroundImage\":[\"69\"],\"heading\":\"Welcome to BevyBar\",\"body\":\"<p>The best drinks direct to your home<\\/p>\",\"buttonText\":\"Buy Now\",\"buttonLink\":[\"58\"],\"search\":\"\"}},\"79\":{\"type\":\"banner\",\"enabled\":\"1\",\"fields\":{\"bannerEntry\":[\"71\"]}},\"80\":{\"type\":\"productsCarousel\",\"enabled\":\"1\",\"fields\":{\"heading\":\"Beers\",\"products\":[\"3\",\"7\",\"5\",\"47\",\"9\"],\"linkText\":\"View all products\",\"linkPage\":[\"58\"]}},\"81\":{\"type\":\"productsFeatured\",\"enabled\":\"1\",\"fields\":{\"heading\":\"Featured Products\",\"products\":[\"58\",\"47\"]}},\"82\":{\"type\":\"marketingBox\",\"enabled\":\"1\",\"fields\":{\"backgroundImage\":[\"83\"],\"heading\":\"Storytelling Marketing Box\",\"body\":\"<p>Light statement regarding this marketing message should highlight a collection.<\\/p>\",\"textPosition\":\"left\",\"textBackground\":\"\",\"buttonText\":\"View Story\",\"buttonLink\":[\"58\"]}}}}}', '2016-09-13 02:39:01', '2016-09-13 02:39:01', '022dab88-00df-4ff4-9744-582167d4b4c7'),
 ('40', '2', '1', '1', 'en_us', '30', '', '{\"typeId\":\"1\",\"authorId\":null,\"title\":\"Homepage\",\"slug\":\"homepage\",\"postDate\":1473728274,\"expiryDate\":null,\"enabled\":1,\"parentId\":null,\"fields\":{\"19\":{\"68\":{\"type\":\"hero\",\"enabled\":\"1\",\"fields\":{\"backgroundImage\":[\"69\"],\"heading\":\"Welcome to BevyBar\",\"body\":\"<p>The best drinks direct to your home<\\/p>\",\"buttonText\":\"Buy Now\",\"buttonLink\":[\"58\"],\"search\":\"\"}},\"79\":{\"type\":\"banner\",\"enabled\":\"1\",\"fields\":{\"bannerEntry\":[\"71\"]}},\"80\":{\"type\":\"productsCarousel\",\"enabled\":\"1\",\"fields\":{\"heading\":\"Beers\",\"products\":[\"3\",\"7\",\"5\",\"47\",\"9\"],\"linkText\":\"View all products\",\"linkPage\":[\"58\"]}},\"81\":{\"type\":\"productsFeatured\",\"enabled\":\"1\",\"fields\":{\"heading\":\"Featured Products\",\"products\":[\"58\",\"47\"]}},\"82\":{\"type\":\"marketingBox\",\"enabled\":\"1\",\"fields\":{\"backgroundImage\":[\"83\"],\"heading\":\"Storytelling Marketing Box\",\"body\":\"<p>Light statement regarding this marketing message should highlight a collection.<\\/p>\",\"textPosition\":\"left\",\"textBackground\":[\"enable\"],\"buttonText\":\"View Story\",\"buttonLink\":[\"58\"]}}}}}', '2016-09-13 02:39:09', '2016-09-13 02:39:09', '210d8272-aaef-4fa5-ac62-b3ab7d45791b'),
 ('41', '2', '1', '1', 'en_us', '31', '', '{\"typeId\":\"1\",\"authorId\":null,\"title\":\"Homepage\",\"slug\":\"homepage\",\"postDate\":1473728274,\"expiryDate\":null,\"enabled\":1,\"parentId\":null,\"fields\":{\"19\":{\"68\":{\"type\":\"hero\",\"enabled\":\"1\",\"fields\":{\"backgroundImage\":[\"69\"],\"heading\":\"Welcome to BevyBar\",\"body\":\"<p>The best drinks direct to your home<\\/p>\",\"buttonText\":\"Buy Now\",\"buttonLink\":[\"58\"],\"search\":\"\"}},\"79\":{\"type\":\"banner\",\"enabled\":\"1\",\"fields\":{\"bannerEntry\":[\"71\"]}},\"80\":{\"type\":\"productsCarousel\",\"enabled\":\"1\",\"fields\":{\"heading\":\"Beers\",\"products\":[\"3\",\"7\",\"5\",\"47\",\"9\"],\"linkText\":\"View all products\",\"linkPage\":[\"58\"]}},\"81\":{\"type\":\"productsFeatured\",\"enabled\":\"1\",\"fields\":{\"heading\":\"Featured Products\",\"products\":[\"58\",\"47\"]}},\"82\":{\"type\":\"marketingBox\",\"enabled\":\"1\",\"fields\":{\"backgroundImage\":[\"83\"],\"heading\":\"Storytelling Marketing Box\",\"body\":\"<p>Light statement regarding this marketing message should highlight a collection.<\\/p>\",\"textPosition\":\"left\",\"textBackground\":\"\",\"buttonText\":\"View Story\",\"buttonLink\":[\"58\"]}}}}}', '2016-09-13 02:42:00', '2016-09-13 02:42:00', 'ccf4e8dc-492c-46fe-81ec-e92604c38e27'),
 ('42', '2', '1', '1', 'en_us', '32', '', '{\"typeId\":\"1\",\"authorId\":null,\"title\":\"Homepage\",\"slug\":\"homepage\",\"postDate\":1473728274,\"expiryDate\":null,\"enabled\":1,\"parentId\":null,\"fields\":{\"19\":{\"68\":{\"type\":\"hero\",\"enabled\":\"1\",\"fields\":{\"backgroundImage\":[\"69\"],\"heading\":\"Welcome to BevyBar\",\"body\":\"<p>The best drinks direct to your home<\\/p>\",\"buttonText\":\"Buy Now\",\"buttonLink\":[\"58\"],\"search\":\"\"}},\"79\":{\"type\":\"banner\",\"enabled\":\"1\",\"fields\":{\"bannerEntry\":[\"71\"]}},\"80\":{\"type\":\"productsCarousel\",\"enabled\":\"1\",\"fields\":{\"heading\":\"Beers\",\"products\":[\"3\",\"7\",\"5\",\"47\",\"9\"],\"linkText\":\"View all products\",\"linkPage\":[\"58\"]}},\"81\":{\"type\":\"productsFeatured\",\"enabled\":\"1\",\"fields\":{\"heading\":\"Featured Products\",\"products\":[\"58\",\"47\"]}},\"82\":{\"type\":\"marketingBox\",\"enabled\":\"1\",\"fields\":{\"backgroundImage\":[\"83\"],\"heading\":\"Storytelling Marketing Box\",\"body\":\"<p>Light statement regarding this marketing message should highlight a collection.<\\/p>\",\"textPosition\":\"left\",\"enabletextbackground\":\"1\",\"buttonText\":\"View Story\",\"buttonLink\":[\"58\"]}}}}}', '2016-09-13 02:43:13', '2016-09-13 02:43:13', 'b84f33f2-157e-4313-a006-12e770f1562a'),
 ('43', '2', '1', '1', 'en_us', '33', '', '{\"typeId\":\"1\",\"authorId\":null,\"title\":\"Homepage\",\"slug\":\"homepage\",\"postDate\":1473728274,\"expiryDate\":null,\"enabled\":1,\"parentId\":null,\"fields\":{\"19\":{\"68\":{\"type\":\"hero\",\"enabled\":\"1\",\"fields\":{\"backgroundImage\":[\"69\"],\"heading\":\"Welcome to BevyBar\",\"body\":\"<p>The best drinks direct to your home<\\/p>\",\"buttonText\":\"Buy Now\",\"buttonLink\":[\"58\"],\"search\":\"\"}},\"79\":{\"type\":\"banner\",\"enabled\":\"1\",\"fields\":{\"bannerEntry\":[\"71\"]}},\"80\":{\"type\":\"productsCarousel\",\"enabled\":\"1\",\"fields\":{\"heading\":\"Beers\",\"products\":[\"3\",\"7\",\"5\",\"47\",\"9\"],\"linkText\":\"View all products\",\"linkPage\":[\"58\"]}},\"81\":{\"type\":\"productsFeatured\",\"enabled\":\"1\",\"fields\":{\"heading\":\"Featured Products\",\"products\":[\"58\",\"47\"]}},\"82\":{\"type\":\"marketingBox\",\"enabled\":\"1\",\"fields\":{\"backgroundImage\":[\"83\"],\"heading\":\"Storytelling Marketing Box\",\"body\":\"<p>Light statement regarding this marketing message should highlight a collection.<\\/p>\",\"textPosition\":\"left\",\"enableTextBackground\":\"1\",\"buttonText\":\"View Story\",\"buttonLink\":[\"58\"]}}}}}', '2016-09-13 02:43:53', '2016-09-13 02:43:53', '4af0cce0-de59-4073-b650-384b9c654a70'),
 ('44', '2', '1', '1', 'en_us', '34', '', '{\"typeId\":\"1\",\"authorId\":null,\"title\":\"Homepage\",\"slug\":\"homepage\",\"postDate\":1473728274,\"expiryDate\":null,\"enabled\":1,\"parentId\":null,\"fields\":{\"19\":{\"68\":{\"type\":\"hero\",\"enabled\":\"1\",\"fields\":{\"backgroundImage\":[\"69\"],\"heading\":\"Welcome to BevyBar\",\"body\":\"<p>The best drinks direct to your home<\\/p>\",\"buttonText\":\"Buy Now\",\"buttonLink\":[\"58\"],\"search\":\"\"}},\"79\":{\"type\":\"banner\",\"enabled\":\"1\",\"fields\":{\"bannerEntry\":[\"71\"]}},\"80\":{\"type\":\"productsCarousel\",\"enabled\":\"1\",\"fields\":{\"heading\":\"Beers\",\"products\":[\"3\",\"7\",\"5\",\"47\",\"9\"],\"linkText\":\"View all products\",\"linkPage\":[\"58\"]}},\"81\":{\"type\":\"productsFeatured\",\"enabled\":\"1\",\"fields\":{\"heading\":\"Featured Products\",\"products\":[\"58\",\"47\"]}},\"82\":{\"type\":\"marketingBox\",\"enabled\":\"1\",\"fields\":{\"backgroundImage\":[\"83\"],\"heading\":\"Storytelling Marketing Box\",\"body\":\"<p>Light statement regarding this marketing message should highlight a collection.<\\/p>\",\"textPosition\":\"right\",\"enableTextBackground\":\"1\",\"buttonText\":\"View Story\",\"buttonLink\":[\"58\"]}}}}}', '2016-09-13 02:44:20', '2016-09-13 02:44:20', 'c56b9342-05f5-4388-8ed2-0dc044d769cc'),
 ('45', '2', '1', '1', 'en_us', '35', '', '{\"typeId\":\"1\",\"authorId\":null,\"title\":\"Homepage\",\"slug\":\"homepage\",\"postDate\":1473728274,\"expiryDate\":null,\"enabled\":1,\"parentId\":null,\"fields\":{\"19\":{\"68\":{\"type\":\"hero\",\"enabled\":\"1\",\"fields\":{\"backgroundImage\":[\"69\"],\"heading\":\"Welcome to BevyBar\",\"body\":\"<p>The best drinks direct to your home<\\/p>\",\"buttonText\":\"Buy Now\",\"buttonLink\":[\"58\"],\"search\":\"\"}},\"79\":{\"type\":\"banner\",\"enabled\":\"1\",\"fields\":{\"bannerEntry\":[\"71\"]}},\"80\":{\"type\":\"productsCarousel\",\"enabled\":\"1\",\"fields\":{\"heading\":\"Beers\",\"products\":[\"3\",\"7\",\"5\",\"47\",\"9\"],\"linkText\":\"View all products\",\"linkPage\":[\"58\"]}},\"81\":{\"type\":\"productsFeatured\",\"enabled\":\"1\",\"fields\":{\"heading\":\"Featured Products\",\"products\":[\"58\",\"47\"]}},\"82\":{\"type\":\"marketingBox\",\"enabled\":\"1\",\"fields\":{\"backgroundImage\":[\"83\"],\"heading\":\"Storytelling Marketing Box\",\"body\":\"<p>Light statement regarding this marketing message should highlight a collection.<\\/p>\",\"textPosition\":\"left\",\"enableTextBackground\":\"\",\"buttonText\":\"View Story\",\"buttonLink\":[\"58\"]}}}}}', '2016-09-13 02:44:28', '2016-09-13 02:44:28', 'a831329f-2bdc-4f8d-9c1c-566acc5b724a');



DROP TABLE IF EXISTS `craft_fieldgroups`;


--
-- Schema for table `craft_fieldgroups`
--
CREATE TABLE `craft_fieldgroups` (
  `id` int(11) NOT NULL AUTO_INCREMENT,
  `name` varchar(255) COLLATE utf8_unicode_ci NOT NULL,
  `dateCreated` datetime NOT NULL,
  `dateUpdated` datetime NOT NULL,
  `uid` char(36) COLLATE utf8_unicode_ci NOT NULL DEFAULT '0',
  PRIMARY KEY (`id`),
  UNIQUE KEY `craft_fieldgroups_name_unq_idx` (`name`)
) ENGINE=InnoDB AUTO_INCREMENT=4 DEFAULT CHARSET=utf8 COLLATE=utf8_unicode_ci;

--
-- Data for table `craft_fieldgroups`
--

INSERT INTO `craft_fieldgroups` (`id`, `name`, `dateCreated`, `dateUpdated`, `uid`) VALUES
 ('1', 'Global', '2016-09-07 22:57:55', '2016-09-09 00:29:38', '342507eb-9c29-4db3-8210-f21e31e73fb3'),
 ('2', 'Products', '2016-09-08 15:11:55', '2016-09-08 15:21:10', 'ca5f0653-0d60-4f9e-b308-fdd29e33ab83'),
 ('3', 'Pages', '2016-09-08 22:46:42', '2016-09-09 00:38:35', 'c27de10c-14c4-498d-a714-85cf994b21c0');



DROP TABLE IF EXISTS `craft_fieldlayoutfields`;


--
-- Schema for table `craft_fieldlayoutfields`
--
CREATE TABLE `craft_fieldlayoutfields` (
  `id` int(11) NOT NULL AUTO_INCREMENT,
  `layoutId` int(11) NOT NULL,
  `tabId` int(11) NOT NULL,
  `fieldId` int(11) NOT NULL,
  `required` tinyint(1) unsigned NOT NULL DEFAULT '0',
  `sortOrder` smallint(6) unsigned DEFAULT NULL,
  `dateCreated` datetime NOT NULL,
  `dateUpdated` datetime NOT NULL,
  `uid` char(36) COLLATE utf8_unicode_ci NOT NULL DEFAULT '0',
  PRIMARY KEY (`id`),
  UNIQUE KEY `craft_fieldlayoutfields_layoutId_fieldId_unq_idx` (`layoutId`,`fieldId`),
  KEY `craft_fieldlayoutfields_sortOrder_idx` (`sortOrder`),
  KEY `craft_fieldlayoutfields_tabId_fk` (`tabId`),
  KEY `craft_fieldlayoutfields_fieldId_fk` (`fieldId`)
) ENGINE=InnoDB AUTO_INCREMENT=644 DEFAULT CHARSET=utf8 COLLATE=utf8_unicode_ci;

--
-- Data for table `craft_fieldlayoutfields`
--

INSERT INTO `craft_fieldlayoutfields` (`id`, `layoutId`, `tabId`, `fieldId`, `required`, `sortOrder`, `dateCreated`, `dateUpdated`, `uid`) VALUES
 ('77', '62', '17', '1', '0', '1', '2016-09-08 17:22:34', '2016-09-08 17:22:34', '3872d2b1-f1f9-4cb0-a100-cafc2ffc895e'),
 ('78', '62', '17', '4', '0', '2', '2016-09-08 17:22:34', '2016-09-08 17:22:34', '6657a747-782f-46cd-af8b-4cff533ee8ea'),
 ('79', '62', '17', '3', '0', '3', '2016-09-08 17:22:34', '2016-09-08 17:22:34', '9da3d701-de32-4747-acb1-80d36543cc09'),
 ('80', '64', '18', '1', '0', '1', '2016-09-08 17:22:38', '2016-09-08 17:22:38', '1ad26416-e7b4-40b1-87e7-72425fb228a0'),
 ('81', '64', '18', '4', '0', '2', '2016-09-08 17:22:38', '2016-09-08 17:22:38', '72faeeba-faa2-4786-b8f9-d1da3cc7993b'),
 ('82', '64', '18', '3', '0', '3', '2016-09-08 17:22:38', '2016-09-08 17:22:38', '693d3cb2-1f6c-44c3-897c-8172160ce653'),
 ('86', '68', '20', '1', '0', '1', '2016-09-08 17:22:46', '2016-09-08 17:22:46', '3f31551a-209d-43a9-89e0-d6cfc5dd00c4'),
 ('87', '68', '20', '4', '0', '2', '2016-09-08 17:22:46', '2016-09-08 17:22:46', '670926df-6a7b-42d2-9c94-4d96ffc85d21'),
 ('88', '68', '20', '3', '0', '3', '2016-09-08 17:22:46', '2016-09-08 17:22:46', '2e2bd681-2c86-485d-ba08-468e54ad87a3'),
 ('89', '75', '21', '16', '1', '1', '2016-09-08 22:33:59', '2016-09-08 22:33:59', '825c2a8d-6666-417c-90d8-8ada81e4be6e'),
 ('90', '75', '21', '17', '0', '2', '2016-09-08 22:33:59', '2016-09-08 22:33:59', '5e19e370-99e0-49ec-a0d8-d37d14574d0b'),
 ('95', '78', '23', '1', '0', '1', '2016-09-08 22:34:24', '2016-09-08 22:34:24', 'b9644801-8955-42fa-a33a-e5da929fc95a'),
 ('96', '78', '23', '4', '0', '2', '2016-09-08 22:34:24', '2016-09-08 22:34:24', '6e432be1-e23e-479c-819c-58f7fc2c426e'),
 ('97', '78', '23', '15', '0', '3', '2016-09-08 22:34:24', '2016-09-08 22:34:24', '159b6649-6efd-4bed-8391-01673e6ec8a5'),
 ('98', '78', '23', '3', '0', '4', '2016-09-08 22:34:24', '2016-09-08 22:34:24', '054dc354-4929-4a27-abea-7180521d8652'),
 ('99', '80', '24', '1', '0', '1', '2016-09-08 22:35:38', '2016-09-08 22:35:38', 'e1317239-f962-4b21-95c2-b8c276aa916a'),
 ('100', '80', '24', '4', '0', '2', '2016-09-08 22:35:38', '2016-09-08 22:35:38', '1731df59-b44b-497d-aed5-9ed2653ffcae'),
 ('101', '80', '24', '15', '0', '3', '2016-09-08 22:35:38', '2016-09-08 22:35:38', '551145c6-f36c-44ca-8882-893eb174dff2'),
 ('102', '80', '24', '3', '0', '4', '2016-09-08 22:35:38', '2016-09-08 22:35:38', 'dc7eafd2-1087-459c-a78f-f919475dea2c'),
 ('152', '94', '36', '19', '0', '1', '2016-09-08 23:07:45', '2016-09-08 23:07:45', 'd75d169c-479e-4482-a586-48129d98053c'),
 ('182', '109', '42', '1', '0', '1', '2016-09-09 00:31:20', '2016-09-09 00:31:20', '472df4c3-2e88-4f19-94e2-45181cf633db'),
 ('183', '109', '42', '4', '0', '2', '2016-09-09 00:31:20', '2016-09-09 00:31:20', 'ed74af68-2369-4714-bb40-e53a7735a945'),
 ('184', '109', '42', '5', '0', '3', '2016-09-09 00:31:20', '2016-09-09 00:31:20', '917925d3-a16c-4763-bb23-f8f00f6facbf'),
 ('185', '109', '42', '3', '0', '4', '2016-09-09 00:31:20', '2016-09-09 00:31:20', '69c3f234-c449-4678-94ed-ff0ca6dee977'),
 ('186', '109', '43', '37', '0', '1', '2016-09-09 00:31:20', '2016-09-09 00:31:20', 'deba74de-1e62-46a8-96e7-af3c1aa4722c'),
 ('187', '109', '43', '38', '0', '2', '2016-09-09 00:31:20', '2016-09-09 00:31:20', '5e5a9061-c06c-4562-b442-5ae8fefb2552'),
 ('188', '109', '43', '39', '0', '3', '2016-09-09 00:31:20', '2016-09-09 00:31:20', '44e04415-a266-49ad-8e1c-9d786b0390f3'),
 ('189', '109', '43', '40', '0', '4', '2016-09-09 00:31:20', '2016-09-09 00:31:20', 'e2ff94f4-ead5-43ed-8995-0c71dd56efc3'),
 ('190', '109', '43', '41', '0', '5', '2016-09-09 00:31:20', '2016-09-09 00:31:20', '471abd5c-f829-4b3f-bdb2-36277a6a619b'),
 ('191', '109', '43', '42', '0', '6', '2016-09-09 00:31:20', '2016-09-09 00:31:20', 'd5e71748-3731-4c44-a5b1-045257c5ccbf'),
 ('192', '109', '43', '43', '0', '7', '2016-09-09 00:31:20', '2016-09-09 00:31:20', 'd92cf8c2-3a7b-40ea-9286-8a0ae3d3decc'),
 ('193', '109', '43', '44', '0', '8', '2016-09-09 00:31:20', '2016-09-09 00:31:20', '823e0848-5e7c-4f0a-9e0a-e22469afb189'),
 ('194', '111', '44', '48', '0', '1', '2016-09-09 00:42:43', '2016-09-09 00:42:43', '2286e297-2513-4c2b-89a1-7b37989769c9'),
 ('195', '111', '44', '49', '1', '2', '2016-09-09 00:42:43', '2016-09-09 00:42:43', 'fce9233e-5446-4e76-9a1e-59f04588520f'),
 ('199', '113', '46', '51', '0', '1', '2016-09-09 00:44:42', '2016-09-09 00:44:42', '196a16a4-287f-4a89-a1ec-f845cfe1ef01'),
 ('200', '113', '46', '52', '0', '2', '2016-09-09 00:44:42', '2016-09-09 00:44:42', '7b11e285-403c-4422-bfc9-6906474900d3'),
 ('201', '113', '46', '53', '0', '3', '2016-09-09 00:44:42', '2016-09-09 00:44:42', 'e94b0000-6383-48fa-9078-8443208741eb'),
 ('202', '114', '47', '47', '0', '1', '2016-09-09 00:45:46', '2016-09-09 00:45:46', 'b4404dbe-d782-4965-a160-1130ae77b01f'),
 ('205', '116', '49', '1', '0', '1', '2016-09-09 00:49:33', '2016-09-09 00:49:33', 'e7d5acf0-607c-40ff-b97f-f1c8feff05fd'),
 ('206', '116', '49', '55', '0', '2', '2016-09-09 00:49:33', '2016-09-09 00:49:33', 'c84b6478-bc8b-4f11-9933-50309fc4f90d'),
 ('207', '116', '49', '54', '0', '3', '2016-09-09 00:49:33', '2016-09-09 00:49:33', 'fe4a02aa-29a5-4f83-b7cb-869473538f63'),
 ('208', '116', '49', '50', '0', '4', '2016-09-09 00:49:33', '2016-09-09 00:49:33', 'd9533277-ad63-483a-919a-39c55f72b8a6'),
 ('620', '241', '174', '20', '0', '1', '2016-09-13 02:43:39', '2016-09-13 02:43:39', '5e4b966f-8b17-4478-8f41-c240824ca5f7'),
 ('621', '241', '174', '21', '0', '2', '2016-09-13 02:43:39', '2016-09-13 02:43:39', 'bca31cfe-983b-4fa5-b842-3651d1ddbce6'),
 ('622', '241', '174', '22', '0', '3', '2016-09-13 02:43:39', '2016-09-13 02:43:39', '1c233de7-6e01-44d5-a7e6-e45f2dc4a7f5'),
 ('623', '241', '174', '23', '0', '4', '2016-09-13 02:43:39', '2016-09-13 02:43:39', '95546d45-1a51-4247-bf58-f6d294e4f050'),
 ('624', '241', '174', '24', '0', '5', '2016-09-13 02:43:39', '2016-09-13 02:43:39', '56d63ee2-6e39-4906-ba59-7c9fe247cd30'),
 ('625', '241', '174', '25', '0', '6', '2016-09-13 02:43:39', '2016-09-13 02:43:39', 'be263794-dfab-4085-981f-e7b91e821fa6'),
 ('626', '242', '175', '56', '0', '1', '2016-09-13 02:43:39', '2016-09-13 02:43:39', '66115ff4-bddc-4099-8c10-3a18f9d277af'),
 ('627', '243', '176', '26', '0', '1', '2016-09-13 02:43:39', '2016-09-13 02:43:39', '76c05ad6-b4a9-491f-9ac6-76cdfc20bc3d'),
 ('628', '243', '176', '27', '0', '2', '2016-09-13 02:43:39', '2016-09-13 02:43:39', '9673bf6d-d613-4296-9f41-92f406fabe1b'),
 ('629', '243', '176', '28', '0', '3', '2016-09-13 02:43:39', '2016-09-13 02:43:39', '64be8b3e-e8f9-4f4d-911a-806875ef286d'),
 ('630', '243', '176', '29', '0', '4', '2016-09-13 02:43:39', '2016-09-13 02:43:39', '03d75f8d-4d37-4b68-894a-6ca79a75078c'),
 ('631', '244', '177', '30', '0', '1', '2016-09-13 02:43:39', '2016-09-13 02:43:39', '61116baa-b6e6-4d69-9a8c-e3d6df9bf642'),
 ('632', '244', '177', '31', '0', '2', '2016-09-13 02:43:39', '2016-09-13 02:43:39', 'da0ad661-054d-484c-9372-23148fdd3347'),
 ('633', '245', '178', '32', '0', '1', '2016-09-13 02:43:40', '2016-09-13 02:43:40', '447d2f18-4b6a-4cfd-9cf4-8499168a90cd'),
 ('634', '245', '178', '33', '0', '2', '2016-09-13 02:43:40', '2016-09-13 02:43:40', '8ea33059-82f9-4d9c-b982-310bf9e7cc49'),
 ('635', '245', '178', '34', '0', '3', '2016-09-13 02:43:40', '2016-09-13 02:43:40', 'f863f176-24f7-43ce-8993-9076a3c462f8'),
 ('636', '245', '178', '58', '0', '4', '2016-09-13 02:43:40', '2016-09-13 02:43:40', '1d543e04-0837-4dfa-8308-bdf3d5a45f08'),
 ('637', '245', '178', '60', '0', '5', '2016-09-13 02:43:40', '2016-09-13 02:43:40', 'ab0fd7bd-1450-4f66-aaaf-157d4aa9e6d1'),
 ('638', '245', '178', '35', '0', '6', '2016-09-13 02:43:40', '2016-09-13 02:43:40', '8300fc11-dd01-4892-a0ba-5b44f6a88b3a'),
 ('639', '245', '178', '36', '0', '7', '2016-09-13 02:43:40', '2016-09-13 02:43:40', '60c38198-1804-46da-8191-a523f56d8041'),
 ('640', '246', '179', '57', '0', '1', '2016-09-13 02:43:40', '2016-09-13 02:43:40', 'd86f4ee4-e02a-43ff-a389-954c065b87a0'),
 ('641', '267', '180', '61', '0', '1', '2016-09-14 00:35:07', '2016-09-14 00:35:07', 'b00949f8-23bc-425e-8b0d-4bf1f82550ec'),
 ('642', '267', '180', '62', '0', '2', '2016-09-14 00:35:07', '2016-09-14 00:35:07', '890cfd12-f611-4714-8727-8d877ef7fbe9'),
 ('643', '267', '180', '63', '0', '3', '2016-09-14 00:35:07', '2016-09-14 00:35:07', 'f61a3262-c516-450d-9628-3daa906f9bdf');



DROP TABLE IF EXISTS `craft_fieldlayouts`;


--
-- Schema for table `craft_fieldlayouts`
--
CREATE TABLE `craft_fieldlayouts` (
  `id` int(11) NOT NULL AUTO_INCREMENT,
  `type` varchar(150) COLLATE utf8_unicode_ci NOT NULL,
  `dateCreated` datetime NOT NULL,
  `dateUpdated` datetime NOT NULL,
  `uid` char(36) COLLATE utf8_unicode_ci NOT NULL DEFAULT '0',
  PRIMARY KEY (`id`),
  KEY `craft_fieldlayouts_type_idx` (`type`)
) ENGINE=InnoDB AUTO_INCREMENT=268 DEFAULT CHARSET=utf8 COLLATE=utf8_unicode_ci;

--
-- Data for table `craft_fieldlayouts`
--

INSERT INTO `craft_fieldlayouts` (`id`, `type`, `dateCreated`, `dateUpdated`, `uid`) VALUES
 ('1', 'Tag', '2016-09-07 22:57:55', '2016-09-07 22:57:55', 'f322f709-9b80-4523-aba6-c1139804ce1f'),
 ('4', 'Commerce_Order', '2016-09-07 23:25:40', '2016-09-07 23:25:40', 'b9919f79-c1cb-4168-977e-cdf18d0b9252'),
 ('5', 'Commerce_Product', '2016-09-07 23:25:40', '2016-09-07 23:25:40', '9a0c8d82-b5b7-4f7a-8841-aa7c41477e04'),
 ('6', 'Commerce_Variant', '2016-09-07 23:25:40', '2016-09-07 23:25:40', 'f9fff73a-d2d3-4492-a320-b6d38304b888'),
 ('26', 'Asset', '2016-09-08 15:18:20', '2016-09-08 15:18:20', '43a63662-793d-4a5a-97e1-2b8ab39966d4'),
 ('28', 'Asset', '2016-09-08 15:19:35', '2016-09-08 15:19:35', '037866fb-bd8c-4456-a551-183226f7c085'),
 ('29', 'Tag', '2016-09-08 15:20:57', '2016-09-08 15:20:57', 'a8e36192-ee7d-4754-9ee7-c4f965349db8'),
 ('62', 'Commerce_Product', '2016-09-08 17:22:34', '2016-09-08 17:22:34', '55668355-c25b-404f-858a-b11d9c735d38'),
 ('63', 'Commerce_Variant', '2016-09-08 17:22:34', '2016-09-08 17:22:34', '91f6afca-520d-4441-8fff-66df1d1b8291'),
 ('64', 'Commerce_Product', '2016-09-08 17:22:38', '2016-09-08 17:22:38', 'b6bf7744-1da9-4787-967a-7e461545239d'),
 ('65', 'Commerce_Variant', '2016-09-08 17:22:38', '2016-09-08 17:22:38', '955e0e42-e9bd-42ea-9282-8394240e58e2'),
 ('68', 'Commerce_Product', '2016-09-08 17:22:46', '2016-09-08 17:22:46', '50a3385d-84f3-454b-bbfd-59a5a2ccd7dc'),
 ('69', 'Commerce_Variant', '2016-09-08 17:22:46', '2016-09-08 17:22:46', '03866d71-ed63-4e07-b6e5-e06dd52f28c5'),
 ('75', 'MatrixBlock', '2016-09-08 22:33:59', '2016-09-08 22:33:59', 'f1c01c58-fd72-4a03-b95f-9dc15c53315d'),
 ('78', 'Commerce_Product', '2016-09-08 22:34:24', '2016-09-08 22:34:24', '8aced3e3-f7c1-4352-8a93-616888eff8cb'),
 ('79', 'Commerce_Variant', '2016-09-08 22:34:24', '2016-09-08 22:34:24', '25c38dda-1cb3-45ea-ae4c-7c5a3b06219a'),
 ('80', 'Commerce_Product', '2016-09-08 22:35:38', '2016-09-08 22:35:38', '44ca6d59-2bba-48c3-9e53-cdec34a3ec95'),
 ('81', 'Commerce_Variant', '2016-09-08 22:35:38', '2016-09-08 22:35:38', '7258ccdd-7153-4ab1-bca3-b38133e33262'),
 ('84', 'Asset', '2016-09-08 22:49:38', '2016-09-08 22:49:38', '4046e956-2f4a-4a40-b3c6-e90250f78f96'),
 ('94', 'Entry', '2016-09-08 23:07:45', '2016-09-08 23:07:45', '8b914750-6d33-4828-bcc6-730fe2af8af9'),
 ('109', 'Commerce_Product', '2016-09-09 00:31:20', '2016-09-09 00:31:20', '2feeee36-ea47-48ba-92c5-c60def57639b'),
 ('110', 'Commerce_Variant', '2016-09-09 00:31:20', '2016-09-09 00:31:20', 'dbe32b48-a1b1-4774-8870-d8eabcd08098'),
 ('111', 'MatrixBlock', '2016-09-09 00:42:43', '2016-09-09 00:42:43', 'ed812def-b232-429f-afe1-72993827ff10'),
 ('113', 'MatrixBlock', '2016-09-09 00:44:42', '2016-09-09 00:44:42', 'e130411c-b8a3-465f-9ceb-cfd5a93457ba'),
 ('114', 'Entry', '2016-09-09 00:45:46', '2016-09-09 00:45:46', 'c96def79-d8ec-466c-af65-aa05620597bc'),
 ('116', 'Entry', '2016-09-09 00:49:33', '2016-09-09 00:49:33', '407b9831-a509-45ba-8557-4ceb27a1fbd1'),
 ('241', 'MatrixBlock', '2016-09-13 02:43:39', '2016-09-13 02:43:39', '0dd22940-315d-44aa-8b08-029ce468d975'),
 ('242', 'MatrixBlock', '2016-09-13 02:43:39', '2016-09-13 02:43:39', '663582e5-2fa3-4602-ba6e-7bc0787f8481'),
 ('243', 'MatrixBlock', '2016-09-13 02:43:39', '2016-09-13 02:43:39', 'de0df28f-75e1-46b8-b86b-6448cafabb7c'),
 ('244', 'MatrixBlock', '2016-09-13 02:43:39', '2016-09-13 02:43:39', 'ccf86984-2444-4e73-8c2b-c6ca1b15d598'),
 ('245', 'MatrixBlock', '2016-09-13 02:43:40', '2016-09-13 02:43:40', 'eb668c5c-4fa2-4063-94e2-ab5050d110b3'),
 ('246', 'MatrixBlock', '2016-09-13 02:43:40', '2016-09-13 02:43:40', '7a084359-0657-409f-b588-fda6bfc10921'),
 ('257', 'Category', '2016-09-13 14:09:01', '2016-09-13 14:09:01', 'c02f00d6-79b2-411a-adbe-e2b3869ff67f'),
 ('259', 'Category', '2016-09-13 14:10:25', '2016-09-13 14:10:25', '5b79c16f-67c4-4230-8759-0c248725773a'),
 ('261', 'Category', '2016-09-13 14:11:48', '2016-09-13 14:11:48', 'bf999a41-d802-44c4-b6a8-2c6939a6b936'),
 ('262', 'Category', '2016-09-13 14:11:58', '2016-09-13 14:11:58', 'dd317bb6-37f8-4597-9dff-0d352f57d249'),
 ('263', 'Category', '2016-09-13 14:12:08', '2016-09-13 14:12:08', '26372e45-d509-4763-bc52-d935f50231fd'),
 ('264', 'Category', '2016-09-13 14:12:35', '2016-09-13 14:12:35', '96444cbf-3d94-4422-b6ff-bf77285e06df'),
 ('265', 'Category', '2016-09-13 14:12:38', '2016-09-13 14:12:38', 'cb3bfb96-8004-4673-805f-cfe334aaac46'),
 ('267', 'GlobalSet', '2016-09-14 00:35:07', '2016-09-14 00:35:07', '192739fb-725d-43d8-9c8d-782803c317ab');



DROP TABLE IF EXISTS `craft_fieldlayouttabs`;


--
-- Schema for table `craft_fieldlayouttabs`
--
CREATE TABLE `craft_fieldlayouttabs` (
  `id` int(11) NOT NULL AUTO_INCREMENT,
  `layoutId` int(11) NOT NULL,
  `name` varchar(255) COLLATE utf8_unicode_ci NOT NULL,
  `sortOrder` smallint(6) unsigned DEFAULT NULL,
  `dateCreated` datetime NOT NULL,
  `dateUpdated` datetime NOT NULL,
  `uid` char(36) COLLATE utf8_unicode_ci NOT NULL DEFAULT '0',
  PRIMARY KEY (`id`),
  KEY `craft_fieldlayouttabs_sortOrder_idx` (`sortOrder`),
  KEY `craft_fieldlayouttabs_layoutId_fk` (`layoutId`)
) ENGINE=InnoDB AUTO_INCREMENT=181 DEFAULT CHARSET=utf8 COLLATE=utf8_unicode_ci;

--
-- Data for table `craft_fieldlayouttabs`
--

INSERT INTO `craft_fieldlayouttabs` (`id`, `layoutId`, `name`, `sortOrder`, `dateCreated`, `dateUpdated`, `uid`) VALUES
 ('17', '62', 'Content', '1', '2016-09-08 17:22:34', '2016-09-08 17:22:34', '1a80f862-fc36-4cf6-bdae-93c1a16ded80'),
 ('18', '64', 'Content', '1', '2016-09-08 17:22:38', '2016-09-08 17:22:38', 'fdf3f39a-a40e-4d18-8ec6-706794899379'),
 ('20', '68', 'Content', '1', '2016-09-08 17:22:46', '2016-09-08 17:22:46', 'ac03ed1d-ee62-46a6-bd4f-46c778e71776'),
 ('21', '75', 'Content', '1', '2016-09-08 22:33:59', '2016-09-08 22:33:59', '7b3426c9-21df-4c43-96e7-023ae5cc708b'),
 ('23', '78', 'Content', '1', '2016-09-08 22:34:24', '2016-09-08 22:34:24', '6012ccba-f511-4331-8282-3f3f4b2788a7'),
 ('24', '80', 'Content', '1', '2016-09-08 22:35:38', '2016-09-08 22:35:38', '7c3dcfa5-405d-4783-9e87-62016546fdfe'),
 ('36', '94', 'Content', '1', '2016-09-08 23:07:45', '2016-09-08 23:07:45', '448f04da-8ddb-4536-bfab-3de88db4a7b8'),
 ('42', '109', 'Content', '1', '2016-09-09 00:31:20', '2016-09-09 00:31:20', '9762ad8f-d33f-40a0-ac0e-3375aa4318ec'),
 ('43', '109', 'Info', '2', '2016-09-09 00:31:20', '2016-09-09 00:31:20', '0b734ff1-82fb-4018-a09c-81813447f18e'),
 ('44', '111', 'Content', '1', '2016-09-09 00:42:43', '2016-09-09 00:42:43', '30cb7a87-143d-4f87-8b7c-4fa08f72e7bc'),
 ('46', '113', 'Content', '1', '2016-09-09 00:44:42', '2016-09-09 00:44:42', 'e0db4a1b-9564-40e0-a426-54acf985aa9b'),
 ('47', '114', 'Content', '1', '2016-09-09 00:45:46', '2016-09-09 00:45:46', '06c09db9-ecda-4c67-a317-ef56d875fa70'),
 ('49', '116', 'Content', '1', '2016-09-09 00:49:33', '2016-09-09 00:49:33', '9f1e4614-9876-484e-ad87-5c1fc541ae54'),
 ('174', '241', 'Content', '1', '2016-09-13 02:43:39', '2016-09-13 02:43:39', 'dba38669-41ca-48e3-8c84-9beef66bc284'),
 ('175', '242', 'Content', '1', '2016-09-13 02:43:39', '2016-09-13 02:43:39', 'b01fac46-08ff-4036-b15f-3cd741b81e9b'),
 ('176', '243', 'Content', '1', '2016-09-13 02:43:39', '2016-09-13 02:43:39', 'd76c4fd4-5724-4b2f-8627-36fdcc5e3798'),
 ('177', '244', 'Content', '1', '2016-09-13 02:43:39', '2016-09-13 02:43:39', 'a15d9146-146a-474c-b088-a1812ecb2afd'),
 ('178', '245', 'Content', '1', '2016-09-13 02:43:40', '2016-09-13 02:43:40', '40ffce39-ffab-45de-a482-1afebdb92690'),
 ('179', '246', 'Content', '1', '2016-09-13 02:43:40', '2016-09-13 02:43:40', 'b36fa1e2-abcc-4a94-84fc-7d414c9ef991'),
 ('180', '267', 'Content', '1', '2016-09-14 00:35:07', '2016-09-14 00:35:07', '7fb81897-d3ca-4aba-a624-42a05b97fb66');



DROP TABLE IF EXISTS `craft_fields`;


--
-- Schema for table `craft_fields`
--
CREATE TABLE `craft_fields` (
  `id` int(11) NOT NULL AUTO_INCREMENT,
  `groupId` int(11) DEFAULT NULL,
  `name` varchar(255) COLLATE utf8_unicode_ci NOT NULL,
  `handle` varchar(58) COLLATE utf8_unicode_ci NOT NULL,
  `context` varchar(255) COLLATE utf8_unicode_ci NOT NULL DEFAULT 'global',
  `instructions` text COLLATE utf8_unicode_ci,
  `translatable` tinyint(1) unsigned NOT NULL DEFAULT '0',
  `type` varchar(150) COLLATE utf8_unicode_ci NOT NULL,
  `settings` text COLLATE utf8_unicode_ci,
  `dateCreated` datetime NOT NULL,
  `dateUpdated` datetime NOT NULL,
  `uid` char(36) COLLATE utf8_unicode_ci NOT NULL DEFAULT '0',
  PRIMARY KEY (`id`),
  UNIQUE KEY `craft_fields_handle_context_unq_idx` (`handle`,`context`),
  KEY `craft_fields_context_idx` (`context`),
  KEY `craft_fields_groupId_fk` (`groupId`)
) ENGINE=InnoDB AUTO_INCREMENT=64 DEFAULT CHARSET=utf8 COLLATE=utf8_unicode_ci;

--
-- Data for table `craft_fields`
--

INSERT INTO `craft_fields` (`id`, `groupId`, `name`, `handle`, `context`, `instructions`, `translatable`, `type`, `settings`, `dateCreated`, `dateUpdated`, `uid`) VALUES
 ('1', '1', 'Body', 'body', 'global', '', '1', 'RichText', '{\"configFile\":\"Standard.json\",\"availableAssetSources\":\"*\",\"availableTransforms\":\"*\",\"cleanupHtml\":\"1\",\"purifyHtml\":\"1\",\"columnType\":\"text\"}', '2016-09-07 22:57:55', '2016-09-08 01:51:13', '4a89f6a1-32c2-49c6-aee9-efd4794f532b'),
 ('3', '2', 'Product Tags', 'productTags', 'global', '', '1', 'Tags', '{\"source\":\"taggroup:2\",\"targetLocale\":\"\",\"selectionLabel\":\"\"}', '2016-09-08 15:21:48', '2016-09-08 15:21:48', '237408c1-92a7-415d-a403-b0c1b4dbb824'),
 ('4', '2', 'Product Images', 'productImages', 'global', '', '0', 'Assets', '{\"useSingleFolder\":\"\",\"sources\":[\"folder:1\"],\"defaultUploadLocationSource\":\"1\",\"defaultUploadLocationSubpath\":\"{slug}\",\"singleUploadLocationSource\":\"1\",\"singleUploadLocationSubpath\":\"\",\"restrictFiles\":\"1\",\"allowedKinds\":[\"image\"],\"targetLocale\":\"\",\"limit\":\"\",\"viewMode\":\"large\",\"selectionLabel\":\"Add images\"}', '2016-09-08 15:23:05', '2016-09-09 00:27:21', '77adfda8-72f6-4ede-9c68-c5aeab628587'),
 ('5', '2', 'Product Related Merchandise', 'productRelatedMerchandise', 'global', '', '0', 'Commerce_Products', '{\"sources\":[\"productType:4\"],\"targetLocale\":\"\",\"limit\":\"1\",\"selectionLabel\":\"\"}', '2016-09-08 15:30:53', '2016-09-08 15:30:53', '9b16681f-eef8-4ce8-90c4-a6d5812a474c'),
 ('15', '2', 'Product Contents', 'productContents', 'global', '', '0', 'Matrix', '{\"maxBlocks\":null}', '2016-09-08 22:33:59', '2016-09-08 22:33:59', 'fef9ef04-53fc-434d-b2dd-bc28e1461fa9'),
 ('16', NULL, 'Product', 'product', 'matrixBlockType:2', '', '0', 'Commerce_Products', '{\"sources\":\"*\",\"targetLocale\":\"\",\"limit\":\"\",\"selectionLabel\":\"\"}', '2016-09-08 22:33:59', '2016-09-08 22:33:59', '9698a7a4-3f3f-4d4f-b399-f947cc306290'),
 ('17', NULL, 'Quantity', 'quantity', 'matrixBlockType:2', '', '0', 'Number', '{\"min\":\"0\",\"max\":\"\",\"decimals\":\"0\"}', '2016-09-08 22:33:59', '2016-09-08 22:33:59', '8f3ab5a9-75c6-4ae0-b4ed-b3ab75ba822d'),
 ('19', '3', 'Page Content', 'pageContent', 'global', '', '0', 'Matrix', '{\"maxBlocks\":null}', '2016-09-08 22:48:05', '2016-09-13 02:43:39', '69f2cce2-9b77-41fb-9bff-afd0c038df88'),
 ('20', NULL, 'Background Image', 'backgroundImage', 'matrixBlockType:3', '', '0', 'Assets', '{\"useSingleFolder\":\"\",\"sources\":[\"folder:6\"],\"defaultUploadLocationSource\":\"3\",\"defaultUploadLocationSubpath\":\"\",\"singleUploadLocationSource\":\"1\",\"singleUploadLocationSubpath\":\"\",\"restrictFiles\":\"1\",\"allowedKinds\":[\"image\"],\"targetLocale\":\"\",\"limit\":\"1\",\"viewMode\":\"large\",\"selectionLabel\":\"\"}', '2016-09-08 22:48:05', '2016-09-13 02:43:39', 'cbc78cfa-46dc-4e13-87e5-357bc02fe6cc'),
 ('21', NULL, 'Heading', 'heading', 'matrixBlockType:3', '', '1', 'PlainText', '{\"placeholder\":\"\",\"maxLength\":\"\",\"multiline\":\"\",\"initialRows\":\"4\"}', '2016-09-08 22:54:26', '2016-09-13 02:43:39', 'bbf8eb2f-e8f8-439a-a183-3b5bdd7a9776'),
 ('22', NULL, 'Body', 'body', 'matrixBlockType:3', '', '1', 'RichText', '{\"configFile\":\"Simple.json\",\"availableAssetSources\":\"*\",\"availableTransforms\":\"*\",\"cleanupHtml\":\"1\",\"purifyHtml\":\"1\",\"columnType\":\"text\"}', '2016-09-08 22:54:26', '2016-09-13 02:43:39', '3d3bbb45-1433-40b3-a6dc-31c3b2c241e5'),
 ('23', NULL, 'Button Text', 'buttonText', 'matrixBlockType:3', '', '1', 'PlainText', '{\"placeholder\":\"\",\"maxLength\":\"\",\"multiline\":\"\",\"initialRows\":\"4\"}', '2016-09-08 22:54:26', '2016-09-13 02:43:39', 'eb536dd1-c066-4f94-8718-d066df42bf59'),
 ('24', NULL, 'Button Link', 'buttonLink', 'matrixBlockType:3', '', '0', 'Commerce_Products', '{\"sources\":\"*\",\"targetLocale\":\"\",\"limit\":\"1\",\"selectionLabel\":\"\"}', '2016-09-08 22:54:26', '2016-09-13 02:43:39', 'ad79fedb-56eb-4112-b84c-e85630a82c61'),
 ('25', NULL, 'Search', 'search', 'matrixBlockType:3', '', '0', 'Checkboxes', '{\"options\":[{\"label\":\"Enable Search Input\",\"value\":\"enableSearchInput\",\"default\":\"\"}]}', '2016-09-08 22:54:26', '2016-09-13 02:43:39', '3788e93b-5eb5-4cd6-b017-e7a2789c036d'),
 ('26', NULL, 'Heading', 'heading', 'matrixBlockType:4', '', '1', 'PlainText', '{\"placeholder\":\"\",\"maxLength\":\"\",\"multiline\":\"\",\"initialRows\":\"4\"}', '2016-09-08 23:00:13', '2016-09-13 02:43:39', 'd973f5ce-1460-4fd4-8037-9e60c1407090'),
 ('27', NULL, 'Products', 'products', 'matrixBlockType:4', '', '0', 'Commerce_Products', '{\"sources\":\"*\",\"targetLocale\":\"\",\"limit\":\"\",\"selectionLabel\":\"\"}', '2016-09-08 23:00:13', '2016-09-13 02:43:39', '1caf04bc-35be-4abf-a26c-7a6a00d1dd7a'),
 ('28', NULL, 'Link Text', 'linkText', 'matrixBlockType:4', '', '1', 'PlainText', '{\"placeholder\":\"\",\"maxLength\":\"\",\"multiline\":\"\",\"initialRows\":\"4\"}', '2016-09-08 23:00:13', '2016-09-13 02:43:39', '496f357c-c129-45ef-a10e-fa19393f0e2a'),
 ('29', NULL, 'Link Page', 'linkPage', 'matrixBlockType:4', '', '0', 'Commerce_Products', '{\"sources\":\"*\",\"targetLocale\":\"\",\"limit\":\"1\",\"selectionLabel\":\"\"}', '2016-09-08 23:00:13', '2016-09-13 02:43:39', 'e8bffaff-86e6-46e1-89c9-69ed6b078cde'),
 ('30', NULL, 'Heading', 'heading', 'matrixBlockType:5', '', '1', 'PlainText', '{\"placeholder\":\"\",\"maxLength\":\"\",\"multiline\":\"\",\"initialRows\":\"4\"}', '2016-09-08 23:00:13', '2016-09-13 02:43:39', 'd6fddb2d-5d9f-49b2-a007-df0cd7c83517'),
 ('31', NULL, 'Products', 'products', 'matrixBlockType:5', '', '0', 'Commerce_Products', '{\"sources\":\"*\",\"targetLocale\":\"\",\"limit\":\"2\",\"selectionLabel\":\"\"}', '2016-09-08 23:00:13', '2016-09-13 02:43:39', '7926d4d3-ae28-4f22-ad89-ab4ff4b99d32'),
 ('32', NULL, 'Background Image', 'backgroundImage', 'matrixBlockType:6', '', '0', 'Assets', '{\"useSingleFolder\":\"\",\"sources\":[\"folder:6\"],\"defaultUploadLocationSource\":\"3\",\"defaultUploadLocationSubpath\":\"\",\"singleUploadLocationSource\":\"1\",\"singleUploadLocationSubpath\":\"\",\"restrictFiles\":\"1\",\"allowedKinds\":[\"image\"],\"targetLocale\":\"\",\"limit\":\"1\",\"viewMode\":\"list\",\"selectionLabel\":\"\"}', '2016-09-08 23:00:13', '2016-09-13 02:43:39', '1a86fcc4-9cb6-4188-a72f-91805f8e196b'),
 ('33', NULL, 'Heading', 'heading', 'matrixBlockType:6', '', '0', 'PlainText', '{\"placeholder\":\"\",\"maxLength\":\"\",\"multiline\":\"\",\"initialRows\":\"4\"}', '2016-09-08 23:00:13', '2016-09-13 02:43:39', '8f0f0c10-a5b9-40a1-b0aa-d2cf52a94c8e'),
 ('34', NULL, 'Body', 'body', 'matrixBlockType:6', '', '0', 'RichText', '{\"configFile\":\"Simple.json\",\"availableAssetSources\":\"*\",\"availableTransforms\":\"*\",\"cleanupHtml\":\"1\",\"purifyHtml\":\"1\",\"columnType\":\"text\"}', '2016-09-08 23:00:14', '2016-09-13 02:43:39', 'c15eb114-6588-4413-985c-af8edfda342a'),
 ('35', NULL, 'Button Text', 'buttonText', 'matrixBlockType:6', '', '0', 'PlainText', '{\"placeholder\":\"\",\"maxLength\":\"\",\"multiline\":\"\",\"initialRows\":\"4\"}', '2016-09-08 23:00:14', '2016-09-13 02:43:40', 'eb3fea74-5ab2-4b7e-bae9-f317787abe09'),
 ('36', NULL, 'Button Link', 'buttonLink', 'matrixBlockType:6', '', '0', 'Commerce_Products', '{\"sources\":\"*\",\"targetLocale\":\"\",\"limit\":\"\",\"selectionLabel\":\"\"}', '2016-09-08 23:00:14', '2016-09-13 02:43:40', '20534aba-194f-4a50-b9be-f66075e29b8a'),
 ('37', '2', 'Product ABV', 'productAbv', 'global', '', '0', 'Number', '{\"min\":\"0\",\"max\":\"100\",\"decimals\":\"2\"}', '2016-09-08 23:36:57', '2016-09-08 23:36:57', '6cccb2c2-716f-4154-bd2c-22dd7f09fe1d'),
 ('38', '2', 'Product Alcohol', 'productAlcohol', 'global', '', '0', 'Categories', '{\"source\":\"group:5\",\"targetLocale\":\"\",\"limit\":\"\",\"selectionLabel\":\"\"}', '2016-09-08 23:37:19', '2016-09-08 23:37:19', '0a16450d-51bf-4077-87d8-6cd9596bccf8'),
 ('39', '2', 'Product Color', 'productColor', 'global', '', '0', 'Categories', '{\"source\":\"group:3\",\"targetLocale\":\"\",\"limit\":\"\",\"selectionLabel\":\"\"}', '2016-09-08 23:37:34', '2016-09-08 23:37:59', 'fe6d2ce5-ed60-430c-921a-ccadadca282a'),
 ('40', '2', 'Product Country', 'productCountry', 'global', '', '0', 'Categories', '{\"source\":\"group:6\",\"targetLocale\":\"\",\"limit\":\"\",\"selectionLabel\":\"\"}', '2016-09-08 23:38:54', '2016-09-08 23:45:05', 'c58ffe4d-4b67-417d-9139-4e331a5ae90d'),
 ('41', '2', 'Product Balance', 'productBalance', 'global', '', '0', 'Categories', '{\"source\":\"group:4\",\"targetLocale\":\"\",\"limit\":\"\",\"selectionLabel\":\"\"}', '2016-09-08 23:39:07', '2016-09-08 23:39:07', 'f14ded93-0afe-413e-8267-78e12cd6fe44'),
 ('42', '2', 'Product Flavor', 'productFlavor', 'global', '', '0', 'Categories', '{\"source\":\"group:2\",\"targetLocale\":\"\",\"limit\":\"\",\"selectionLabel\":\"\"}', '2016-09-08 23:39:20', '2016-09-08 23:39:20', '8ce85a47-61be-4959-ac86-9d5a44001b09'),
 ('43', '2', 'Product Style', 'productStyle', 'global', '', '0', 'Categories', '{\"source\":\"group:1\",\"targetLocale\":\"\",\"limit\":\"\",\"selectionLabel\":\"\"}', '2016-09-08 23:39:31', '2016-09-08 23:39:31', 'a30aff89-dab0-4207-b265-1309a51db765'),
 ('44', '2', 'Product Volume', 'productVolume', 'global', '', '1', 'PlainText', '{\"placeholder\":\"\",\"maxLength\":\"\",\"multiline\":\"\",\"initialRows\":\"4\"}', '2016-09-08 23:40:10', '2016-09-08 23:40:10', '8fc223ed-1e52-4648-8550-bc61659c203c'),
 ('47', '1', 'Banners', 'banners', 'global', '', '0', 'Matrix', '{\"maxBlocks\":\"6\"}', '2016-09-09 00:42:43', '2016-09-09 00:42:43', '6cdce1f6-6867-4102-a0a3-b44a8e2e479e'),
 ('48', NULL, 'Icon', 'icon', 'matrixBlockType:7', '', '0', 'Assets', '{\"useSingleFolder\":\"\",\"sources\":[\"folder:2\"],\"defaultUploadLocationSource\":\"2\",\"defaultUploadLocationSubpath\":\"\",\"singleUploadLocationSource\":\"1\",\"singleUploadLocationSubpath\":\"\",\"restrictFiles\":\"1\",\"allowedKinds\":[\"image\"],\"targetLocale\":\"\",\"limit\":\"1\",\"viewMode\":\"list\",\"selectionLabel\":\"\"}', '2016-09-09 00:42:43', '2016-09-09 00:42:43', '047adb84-4602-42e4-838c-27c12f3b0b7d'),
 ('49', NULL, 'Body', 'body', 'matrixBlockType:7', '', '1', 'RichText', '{\"configFile\":\"Simple.json\",\"availableAssetSources\":\"*\",\"availableTransforms\":\"*\",\"cleanupHtml\":\"1\",\"purifyHtml\":\"1\",\"columnType\":\"text\"}', '2016-09-09 00:42:43', '2016-09-09 00:42:43', '6c146cbb-4f33-4207-b82f-fa7d785839d0'),
 ('50', '1', 'Info Blocks', 'infoBlocks', 'global', '', '0', 'Matrix', '{\"maxBlocks\":null}', '2016-09-09 00:44:30', '2016-09-09 00:44:42', '3b8b95a1-1711-44c5-a5c6-cb695b64238c'),
 ('51', NULL, 'Image', 'image', 'matrixBlockType:8', '', '0', 'Assets', '{\"useSingleFolder\":\"\",\"sources\":[\"folder:2\"],\"defaultUploadLocationSource\":\"2\",\"defaultUploadLocationSubpath\":\"\",\"singleUploadLocationSource\":\"1\",\"singleUploadLocationSubpath\":\"\",\"restrictFiles\":\"1\",\"allowedKinds\":[\"image\"],\"targetLocale\":\"\",\"limit\":\"\",\"viewMode\":\"list\",\"selectionLabel\":\"\"}', '2016-09-09 00:44:30', '2016-09-09 00:44:42', '6e2c22f7-f305-4fed-9e67-0409ef24e7c0'),
 ('52', NULL, 'Heading', 'heading', 'matrixBlockType:8', '', '1', 'PlainText', '{\"placeholder\":\"\",\"maxLength\":\"\",\"multiline\":\"\",\"initialRows\":\"4\"}', '2016-09-09 00:44:30', '2016-09-09 00:44:42', 'd0c479f2-97ba-40ad-9db9-b8a0df64a331'),
 ('53', NULL, 'Body', 'body', 'matrixBlockType:8', '', '1', 'RichText', '{\"configFile\":\"Simple.json\",\"availableAssetSources\":\"*\",\"availableTransforms\":\"*\",\"cleanupHtml\":\"1\",\"purifyHtml\":\"1\",\"columnType\":\"text\"}', '2016-09-09 00:44:30', '2016-09-09 00:44:42', '09f919b0-8b9a-4e2b-9ab7-cf937a81b48c'),
 ('54', '1', 'Image Carousel', 'imageCarousel', 'global', '', '0', 'Assets', '{\"useSingleFolder\":\"\",\"sources\":[\"folder:2\"],\"defaultUploadLocationSource\":\"2\",\"defaultUploadLocationSubpath\":\"\",\"singleUploadLocationSource\":\"1\",\"singleUploadLocationSubpath\":\"\",\"restrictFiles\":\"1\",\"allowedKinds\":[\"image\"],\"targetLocale\":\"\",\"limit\":\"\",\"viewMode\":\"large\",\"selectionLabel\":\"\"}', '2016-09-09 00:48:34', '2016-09-09 00:48:34', '56b8fc75-3b87-42d3-bc3e-3cfb5a4da8b1'),
 ('55', '1', 'Social Media Icons', 'socialMediaIcons', 'global', '', '0', 'Checkboxes', '{\"options\":[{\"label\":\"Enable Icons\",\"value\":\"enableIcons\",\"default\":\"\"}]}', '2016-09-09 00:49:18', '2016-09-09 00:49:18', '039f207b-c884-4a5f-a164-8b0869656d1b'),
 ('56', NULL, 'Banner Entry', 'bannerEntry', 'matrixBlockType:9', '', '0', 'Entries', '{\"sources\":[\"section:3\"],\"targetLocale\":\"\",\"limit\":\"1\",\"selectionLabel\":\"\"}', '2016-09-09 00:53:08', '2016-09-13 02:43:39', 'b6c47c25-fad2-4b91-b40b-f3253aee40b9'),
 ('57', NULL, 'Info', 'info', 'matrixBlockType:10', '', '0', 'Entries', '{\"sources\":[\"section:5\"],\"targetLocale\":\"\",\"limit\":\"1\",\"selectionLabel\":\"\"}', '2016-09-09 00:53:08', '2016-09-13 02:43:40', 'b7fe2fbc-1ddd-4376-89f4-2cec2748e862'),
 ('58', NULL, 'Text Position', 'textPosition', 'matrixBlockType:6', '', '0', 'PositionSelect', '{\"options\":[\"left\",\"right\"]}', '2016-09-13 01:38:22', '2016-09-13 02:43:40', '91687456-ed0a-4109-8ded-bb6f7fb09beb'),
 ('60', NULL, 'Enable Text Background', 'enableTextBackground', 'matrixBlockType:6', '', '0', 'Lightswitch', '{\"default\":\"\"}', '2016-09-13 02:42:42', '2016-09-13 02:43:40', '675f8e1c-9a6d-4b2b-a1eb-2889343b147d'),
 ('61', '1', 'Enable', 'enable', 'global', '', '0', 'Lightswitch', '{\"default\":\"\"}', '2016-09-14 00:29:09', '2016-09-14 00:29:09', 'b992422b-edc9-4a7d-bb3d-714ddc2cb222'),
 ('62', '1', 'Text', 'text', 'global', '', '1', 'PlainText', '{\"placeholder\":\"\",\"maxLength\":\"\",\"multiline\":\"\",\"initialRows\":\"4\"}', '2016-09-14 00:29:21', '2016-09-14 00:35:27', '5746422f-316c-4310-8741-53ac1cbb06ce'),
 ('63', '1', 'Link Url', 'linkUrl', 'global', '', '0', 'PlainText', '{\"placeholder\":\"\",\"maxLength\":\"\",\"multiline\":\"\",\"initialRows\":\"4\"}', '2016-09-14 00:30:01', '2016-09-14 00:30:01', '9bbceb28-5e2a-48a9-9c18-ec39ffcc8b59');



DROP TABLE IF EXISTS `craft_globalsets`;


--
-- Schema for table `craft_globalsets`
--
CREATE TABLE `craft_globalsets` (
  `id` int(11) NOT NULL,
  `name` varchar(255) COLLATE utf8_unicode_ci NOT NULL,
  `handle` varchar(255) COLLATE utf8_unicode_ci NOT NULL,
  `fieldLayoutId` int(10) DEFAULT NULL,
  `dateCreated` datetime NOT NULL,
  `dateUpdated` datetime NOT NULL,
  `uid` char(36) COLLATE utf8_unicode_ci NOT NULL DEFAULT '0',
  PRIMARY KEY (`id`),
  UNIQUE KEY `craft_globalsets_name_unq_idx` (`name`),
  UNIQUE KEY `craft_globalsets_handle_unq_idx` (`handle`),
  KEY `craft_globalsets_fieldLayoutId_fk` (`fieldLayoutId`)
) ENGINE=InnoDB DEFAULT CHARSET=utf8 COLLATE=utf8_unicode_ci;

--
-- Data for table `craft_globalsets`
--

INSERT INTO `craft_globalsets` (`id`, `name`, `handle`, `fieldLayoutId`, `dateCreated`, `dateUpdated`, `uid`) VALUES
 ('85', 'Promo Bar', 'promoBar', '267', '2016-09-14 00:02:58', '2016-09-14 00:35:07', 'de221dd7-1f70-459e-9ce4-67ae185a10d6');



DROP TABLE IF EXISTS `craft_info`;


--
-- Schema for table `craft_info`
--
CREATE TABLE `craft_info` (
  `id` int(11) NOT NULL AUTO_INCREMENT,
  `version` varchar(15) COLLATE utf8_unicode_ci NOT NULL,
  `build` int(11) unsigned NOT NULL,
  `schemaVersion` varchar(15) COLLATE utf8_unicode_ci NOT NULL,
  `releaseDate` datetime NOT NULL,
  `edition` tinyint(1) unsigned NOT NULL DEFAULT '0',
  `siteName` varchar(100) COLLATE utf8_unicode_ci NOT NULL,
  `siteUrl` varchar(255) COLLATE utf8_unicode_ci NOT NULL,
  `timezone` varchar(30) COLLATE utf8_unicode_ci DEFAULT NULL,
  `on` tinyint(1) unsigned NOT NULL DEFAULT '0',
  `maintenance` tinyint(1) unsigned NOT NULL DEFAULT '0',
  `track` varchar(40) COLLATE utf8_unicode_ci NOT NULL,
  `dateCreated` datetime NOT NULL,
  `dateUpdated` datetime NOT NULL,
  `uid` char(36) COLLATE utf8_unicode_ci NOT NULL DEFAULT '0',
  PRIMARY KEY (`id`)
) ENGINE=InnoDB AUTO_INCREMENT=2 DEFAULT CHARSET=utf8 COLLATE=utf8_unicode_ci;

--
-- Data for table `craft_info`
--

INSERT INTO `craft_info` (`id`, `version`, `build`, `schemaVersion`, `releaseDate`, `edition`, `siteName`, `siteUrl`, `timezone`, `on`, `maintenance`, `track`, `dateCreated`, `dateUpdated`, `uid`) VALUES
 ('1', '2.6', '2931', '2.6.6', '2016-09-08 21:48:46', '2', 'ZXCraft', 'http://www.zxcraft.dev', 'UTC', '1', '1', 'stable', '2016-09-07 22:57:54', '2016-09-21 10:52:23', '5e549c23-5565-4d9e-9498-5b379bdfb75c');



DROP TABLE IF EXISTS `craft_locales`;


--
-- Schema for table `craft_locales`
--
CREATE TABLE `craft_locales` (
  `locale` char(12) COLLATE utf8_unicode_ci NOT NULL,
  `sortOrder` smallint(6) unsigned DEFAULT NULL,
  `dateCreated` datetime NOT NULL,
  `dateUpdated` datetime NOT NULL,
  `uid` char(36) COLLATE utf8_unicode_ci NOT NULL DEFAULT '0',
  PRIMARY KEY (`locale`),
  KEY `craft_locales_sortOrder_idx` (`sortOrder`)
) ENGINE=InnoDB DEFAULT CHARSET=utf8 COLLATE=utf8_unicode_ci;

--
-- Data for table `craft_locales`
--

INSERT INTO `craft_locales` (`locale`, `sortOrder`, `dateCreated`, `dateUpdated`, `uid`) VALUES
 ('en_gb', '4', '2016-09-08 01:45:38', '2016-09-08 01:45:38', '7ce18fea-04bb-4922-accd-1a5bf82a62a7'),
 ('en_us', '1', '2016-09-07 22:57:54', '2016-09-07 22:57:54', '0bdec99c-c836-456e-86ab-1d3a9c83cb71'),
 ('es_mx', '3', '2016-09-08 01:41:10', '2016-09-08 01:41:10', '43392821-1097-4cde-9666-0c84680184ea'),
 ('it_it', '2', '2016-09-08 01:41:03', '2016-09-08 01:41:03', '69ac66df-8cce-46a6-9448-23bec1a66244');



DROP TABLE IF EXISTS `craft_matrixblocks`;


--
-- Schema for table `craft_matrixblocks`
--
CREATE TABLE `craft_matrixblocks` (
  `id` int(11) NOT NULL,
  `ownerId` int(11) NOT NULL,
  `fieldId` int(11) NOT NULL,
  `typeId` int(11) DEFAULT NULL,
  `sortOrder` smallint(6) unsigned DEFAULT NULL,
  `ownerLocale` char(12) COLLATE utf8_unicode_ci DEFAULT NULL,
  `dateCreated` datetime NOT NULL,
  `dateUpdated` datetime NOT NULL,
  `uid` char(36) COLLATE utf8_unicode_ci NOT NULL DEFAULT '0',
  PRIMARY KEY (`id`),
  KEY `craft_matrixblocks_ownerId_idx` (`ownerId`),
  KEY `craft_matrixblocks_fieldId_idx` (`fieldId`),
  KEY `craft_matrixblocks_typeId_idx` (`typeId`),
  KEY `craft_matrixblocks_sortOrder_idx` (`sortOrder`),
  KEY `craft_matrixblocks_ownerLocale_fk` (`ownerLocale`)
) ENGINE=InnoDB DEFAULT CHARSET=utf8 COLLATE=utf8_unicode_ci;

--
-- Data for table `craft_matrixblocks`
--

INSERT INTO `craft_matrixblocks` (`id`, `ownerId`, `fieldId`, `typeId`, `sortOrder`, `ownerLocale`, `dateCreated`, `dateUpdated`, `uid`) VALUES
 ('59', '58', '15', '2', '1', NULL, '2016-09-08 22:45:44', '2016-09-08 22:45:44', 'a4b606f8-37a6-49fa-b01a-5fc87ca8bd5b'),
 ('60', '58', '15', '2', '2', NULL, '2016-09-08 22:45:44', '2016-09-08 22:45:44', '0fae7af2-df99-4637-aa2f-9823c119dfe0'),
 ('68', '2', '19', '3', '1', NULL, '2016-09-13 00:56:01', '2016-09-13 02:44:28', '277be892-4fd9-43e6-854f-3f6e1a81fbe0'),
 ('72', '71', '47', '7', '1', NULL, '2016-09-13 01:36:52', '2016-09-13 01:41:07', '627e30d9-45d7-486f-9327-b5a413afa424'),
 ('76', '71', '47', '7', '2', NULL, '2016-09-13 01:40:20', '2016-09-13 01:41:07', '774dfa33-ff66-4778-9429-9f6104bfeb0a'),
 ('77', '71', '47', '7', '3', NULL, '2016-09-13 01:40:20', '2016-09-13 01:41:07', '220a666f-5441-45e4-9c28-faac858d7293'),
 ('78', '71', '47', '7', '4', NULL, '2016-09-13 01:40:20', '2016-09-13 01:41:07', '21992ad4-3ca7-4f20-9022-83cde322cd92'),
 ('79', '2', '19', '9', '2', NULL, '2016-09-13 01:40:58', '2016-09-13 02:44:28', '6e511ff3-0e8a-466a-b05c-1b9c8d7f959d'),
 ('80', '2', '19', '4', '3', NULL, '2016-09-13 01:55:14', '2016-09-13 02:44:28', 'ef63eb2e-610f-4906-a916-ba3140453a63'),
 ('81', '2', '19', '5', '4', NULL, '2016-09-13 02:22:15', '2016-09-13 02:44:28', 'a3e053bc-11e3-4353-b7d0-23a067ff3902'),
 ('82', '2', '19', '6', '5', NULL, '2016-09-13 02:26:36', '2016-09-13 02:44:28', 'd953a4a5-2222-4abb-b83a-5f1105c884b7');



DROP TABLE IF EXISTS `craft_matrixblocktypes`;


--
-- Schema for table `craft_matrixblocktypes`
--
CREATE TABLE `craft_matrixblocktypes` (
  `id` int(11) NOT NULL AUTO_INCREMENT,
  `fieldId` int(11) NOT NULL,
  `fieldLayoutId` int(11) DEFAULT NULL,
  `name` varchar(255) COLLATE utf8_unicode_ci NOT NULL,
  `handle` varchar(255) COLLATE utf8_unicode_ci NOT NULL,
  `sortOrder` smallint(6) unsigned DEFAULT NULL,
  `dateCreated` datetime NOT NULL,
  `dateUpdated` datetime NOT NULL,
  `uid` char(36) COLLATE utf8_unicode_ci NOT NULL DEFAULT '0',
  PRIMARY KEY (`id`),
  UNIQUE KEY `craft_matrixblocktypes_name_fieldId_unq_idx` (`name`,`fieldId`),
  UNIQUE KEY `craft_matrixblocktypes_handle_fieldId_unq_idx` (`handle`,`fieldId`),
  KEY `craft_matrixblocktypes_fieldId_fk` (`fieldId`),
  KEY `craft_matrixblocktypes_fieldLayoutId_fk` (`fieldLayoutId`)
) ENGINE=InnoDB AUTO_INCREMENT=11 DEFAULT CHARSET=utf8 COLLATE=utf8_unicode_ci;

--
-- Data for table `craft_matrixblocktypes`
--

INSERT INTO `craft_matrixblocktypes` (`id`, `fieldId`, `fieldLayoutId`, `name`, `handle`, `sortOrder`, `dateCreated`, `dateUpdated`, `uid`) VALUES
 ('2', '15', '75', 'Product', 'product', '1', '2016-09-08 22:33:59', '2016-09-08 22:33:59', 'b1409a1c-1de7-4e3f-815c-628daf316378'),
 ('3', '19', '241', 'Hero', 'hero', '1', '2016-09-08 22:48:05', '2016-09-13 02:43:39', 'e30038e3-7e76-4198-8364-6a959289af17'),
 ('4', '19', '243', 'Products Carousel', 'productsCarousel', '3', '2016-09-08 23:00:13', '2016-09-13 02:43:39', '65168fc6-2363-4ffe-b266-8839ae89964f'),
 ('5', '19', '244', 'Products Featured', 'productsFeatured', '4', '2016-09-08 23:00:13', '2016-09-13 02:43:39', '5ffaa680-27ab-40ca-a940-d2c447718cba'),
 ('6', '19', '245', 'Marketing Box', 'marketingBox', '5', '2016-09-08 23:00:13', '2016-09-13 02:43:40', '72109b2b-da4f-4b40-850d-c854d2c84800'),
 ('7', '47', '111', 'Banner', 'banner', '1', '2016-09-09 00:42:43', '2016-09-09 00:42:43', '8e51c28e-ad6d-4683-a6b1-ccfb96370d1d'),
 ('8', '50', '113', 'Block', 'block', '1', '2016-09-09 00:44:30', '2016-09-09 00:44:42', '176e5a43-f3db-437d-bc22-faee7c4fead8'),
 ('9', '19', '242', 'Banner', 'banner', '2', '2016-09-09 00:53:08', '2016-09-13 02:43:39', '5f862832-235d-4e90-91b6-f53073e5e4e3'),
 ('10', '19', '246', 'Info', 'info', '6', '2016-09-09 00:53:08', '2016-09-13 02:43:40', 'c6f5a05b-ce70-4c1a-b874-abd39b033989');



DROP TABLE IF EXISTS `craft_matrixcontent_banners`;


--
-- Schema for table `craft_matrixcontent_banners`
--
CREATE TABLE `craft_matrixcontent_banners` (
  `id` int(11) NOT NULL AUTO_INCREMENT,
  `elementId` int(11) NOT NULL,
  `locale` char(12) COLLATE utf8_unicode_ci NOT NULL,
  `field_banner_body` text COLLATE utf8_unicode_ci,
  `dateCreated` datetime NOT NULL,
  `dateUpdated` datetime NOT NULL,
  `uid` char(36) COLLATE utf8_unicode_ci NOT NULL DEFAULT '0',
  PRIMARY KEY (`id`),
  UNIQUE KEY `craft_matrixcontent_banners_elementId_locale_unq_idx` (`elementId`,`locale`),
  KEY `craft_matrixcontent_banners_locale_fk` (`locale`)
) ENGINE=InnoDB AUTO_INCREMENT=17 DEFAULT CHARSET=utf8 COLLATE=utf8_unicode_ci;

--
-- Data for table `craft_matrixcontent_banners`
--

INSERT INTO `craft_matrixcontent_banners` (`id`, `elementId`, `locale`, `field_banner_body`, `dateCreated`, `dateUpdated`, `uid`) VALUES
 ('1', '72', 'en_us', '<p>some promo text</p>', '2016-09-13 01:36:52', '2016-09-13 01:41:07', '029272b2-7a71-4dcf-bd44-1817cc27a0e6'),
 ('2', '72', 'it_it', '<p>some promo text</p>', '2016-09-13 01:36:52', '2016-09-13 01:36:52', 'e2e99e92-e5c0-410a-8be1-e4eee12ec7fb'),
 ('3', '72', 'es_mx', '<p>some promo text</p>', '2016-09-13 01:36:52', '2016-09-13 01:36:52', '23b31696-93c8-4438-8c45-d20f949965b3'),
 ('4', '72', 'en_gb', '<p>some promo text</p>', '2016-09-13 01:36:52', '2016-09-13 01:36:52', '79942770-9e80-4717-b352-d9b75e9443ad'),
 ('5', '76', 'en_us', '<p>and more</p>', '2016-09-13 01:40:20', '2016-09-13 01:41:07', '09c12b90-ca64-4e9a-8c0f-e25a9d5d81a9'),
 ('6', '76', 'it_it', '<p>and more</p>', '2016-09-13 01:40:20', '2016-09-13 01:40:20', '354460a8-a7f9-4fb8-94c2-cf21479d2d25'),
 ('7', '76', 'es_mx', '<p>and more</p>', '2016-09-13 01:40:20', '2016-09-13 01:40:20', '20a1dcc6-2a16-4cac-ada7-3bbcc84bbf82'),
 ('8', '76', 'en_gb', '<p>and more</p>', '2016-09-13 01:40:20', '2016-09-13 01:40:20', '96d72a19-77a1-4eab-ad5b-6732c925223c'),
 ('9', '77', 'en_us', '<p>and more and more</p>', '2016-09-13 01:40:20', '2016-09-13 01:41:07', '0dd5d7bb-b0c8-45f4-83f5-ea84598a0762'),
 ('10', '77', 'it_it', '<p>and more and more</p>', '2016-09-13 01:40:20', '2016-09-13 01:40:20', 'bd14f01f-7ed9-41bf-aa96-90a3febdd8e4'),
 ('11', '77', 'es_mx', '<p>and more and more</p>', '2016-09-13 01:40:20', '2016-09-13 01:40:20', '98650a9e-2b9e-437b-93b7-7f3afdf4c257'),
 ('12', '77', 'en_gb', '<p>and more and more</p>', '2016-09-13 01:40:20', '2016-09-13 01:40:20', 'af70b82e-4640-4665-8e37-b3fb3f6d696f'),
 ('13', '78', 'en_us', '<p>a happy parcel</p>', '2016-09-13 01:40:20', '2016-09-13 01:41:07', '301ff33f-db68-4c50-b1cd-e8d5ecf6d84b'),
 ('14', '78', 'it_it', '<p>a happy parcel</p>', '2016-09-13 01:40:20', '2016-09-13 01:40:20', 'c29a2074-ecdd-4fe0-9de5-aa4f4acd115a'),
 ('15', '78', 'es_mx', '<p>a happy parcel</p>', '2016-09-13 01:40:20', '2016-09-13 01:40:20', 'acc96c8f-0f80-4fb0-820c-07e841b39e23'),
 ('16', '78', 'en_gb', '<p>a happy parcel</p>', '2016-09-13 01:40:20', '2016-09-13 01:40:20', '5d38b958-22e5-4672-bbd0-0f3d8e269891');



DROP TABLE IF EXISTS `craft_matrixcontent_infoblocks`;


--
-- Schema for table `craft_matrixcontent_infoblocks`
--
CREATE TABLE `craft_matrixcontent_infoblocks` (
  `id` int(11) NOT NULL AUTO_INCREMENT,
  `elementId` int(11) NOT NULL,
  `locale` char(12) COLLATE utf8_unicode_ci NOT NULL,
  `field_block_heading` text COLLATE utf8_unicode_ci,
  `field_block_body` text COLLATE utf8_unicode_ci,
  `dateCreated` datetime NOT NULL,
  `dateUpdated` datetime NOT NULL,
  `uid` char(36) COLLATE utf8_unicode_ci NOT NULL DEFAULT '0',
  PRIMARY KEY (`id`),
  UNIQUE KEY `craft_matrixcontent_infoblocks_elementId_locale_unq_idx` (`elementId`,`locale`),
  KEY `craft_matrixcontent_infoblocks_locale_fk` (`locale`)
) ENGINE=InnoDB DEFAULT CHARSET=utf8 COLLATE=utf8_unicode_ci;

DROP TABLE IF EXISTS `craft_matrixcontent_pagecontent`;


--
-- Schema for table `craft_matrixcontent_pagecontent`
--
CREATE TABLE `craft_matrixcontent_pagecontent` (
  `id` int(11) NOT NULL AUTO_INCREMENT,
  `elementId` int(11) NOT NULL,
  `locale` char(12) COLLATE utf8_unicode_ci NOT NULL,
  `field_hero_heading` text COLLATE utf8_unicode_ci,
  `field_hero_body` text COLLATE utf8_unicode_ci,
  `field_hero_buttonText` text COLLATE utf8_unicode_ci,
  `field_hero_search` varchar(255) COLLATE utf8_unicode_ci DEFAULT NULL,
  `field_productsCarousel_heading` text COLLATE utf8_unicode_ci,
  `field_productsCarousel_linkText` text COLLATE utf8_unicode_ci,
  `field_productsFeatured_heading` text COLLATE utf8_unicode_ci,
  `field_marketingBox_heading` text COLLATE utf8_unicode_ci,
  `field_marketingBox_body` text COLLATE utf8_unicode_ci,
  `field_marketingBox_buttonText` text COLLATE utf8_unicode_ci,
  `field_marketingBox_textPosition` varchar(255) COLLATE utf8_unicode_ci DEFAULT NULL,
  `field_marketingBox_enableTextBackground` tinyint(1) unsigned NOT NULL DEFAULT '0',
  `dateCreated` datetime NOT NULL,
  `dateUpdated` datetime NOT NULL,
  `uid` char(36) COLLATE utf8_unicode_ci NOT NULL DEFAULT '0',
  PRIMARY KEY (`id`),
  UNIQUE KEY `craft_matrixcontent_pagecontent_elementId_locale_unq_idx` (`elementId`,`locale`),
  KEY `craft_matrixcontent_pagecontent_locale_fk` (`locale`)
) ENGINE=InnoDB AUTO_INCREMENT=12 DEFAULT CHARSET=utf8 COLLATE=utf8_unicode_ci;

--
-- Data for table `craft_matrixcontent_pagecontent`
--

INSERT INTO `craft_matrixcontent_pagecontent` (`id`, `elementId`, `locale`, `field_hero_heading`, `field_hero_body`, `field_hero_buttonText`, `field_hero_search`, `field_productsCarousel_heading`, `field_productsCarousel_linkText`, `field_productsFeatured_heading`, `field_marketingBox_heading`, `field_marketingBox_body`, `field_marketingBox_buttonText`, `field_marketingBox_textPosition`, `field_marketingBox_enableTextBackground`, `dateCreated`, `dateUpdated`, `uid`) VALUES
 ('2', '68', 'en_us', 'Welcome to BevyBar', '<p>The best drinks direct to your home</p>', 'Buy Now', '', NULL, NULL, NULL, NULL, NULL, NULL, NULL, '0', '2016-09-13 00:56:01', '2016-09-13 02:44:28', '26a299d8-1512-467d-811c-058a27b774ec'),
 ('3', '68', 'es_mx', 'Bienvenido a BevyBar', '<p>Las mejores bebidas del mundo directo a tu casa</p>', 'Compr Ya', '', NULL, NULL, NULL, NULL, NULL, NULL, NULL, '0', '2016-09-13 01:00:24', '2016-09-13 02:44:28', '48a7e795-a221-49e6-86ca-70a291ac60e6'),
 ('4', '79', 'en_us', NULL, NULL, NULL, NULL, NULL, NULL, NULL, NULL, NULL, NULL, NULL, '0', '2016-09-13 01:40:58', '2016-09-13 02:44:28', '5bde0022-8bcf-4a8f-ba4c-226a7c573b1d'),
 ('5', '79', 'es_mx', NULL, NULL, NULL, NULL, NULL, NULL, NULL, NULL, NULL, NULL, NULL, '0', '2016-09-13 01:40:58', '2016-09-13 02:22:42', 'c7b02b44-50df-4fc5-92f2-61327f0056b8'),
 ('6', '80', 'en_us', NULL, NULL, NULL, NULL, 'Beers', 'View all products', NULL, NULL, NULL, NULL, NULL, '0', '2016-09-13 01:55:14', '2016-09-13 02:44:28', '28506885-1359-4b76-b274-9b82cfff6dff'),
 ('7', '80', 'es_mx', NULL, NULL, NULL, NULL, 'Cervezas', 'Ver todos los productos', NULL, NULL, NULL, NULL, NULL, '0', '2016-09-13 01:55:14', '2016-09-13 02:22:42', 'b7d9fbf7-48f2-4336-aaa2-3d55bbb5a881'),
 ('8', '81', 'en_us', NULL, NULL, NULL, NULL, NULL, NULL, 'Featured Products', NULL, NULL, NULL, NULL, '0', '2016-09-13 02:22:15', '2016-09-13 02:44:28', '59a192f1-c97d-4d96-8423-0b51fd3e163b'),
 ('9', '81', 'es_mx', NULL, NULL, NULL, NULL, NULL, NULL, 'Productos Destacados', NULL, NULL, NULL, NULL, '0', '2016-09-13 02:22:15', '2016-09-13 02:22:42', '22618cfc-1aa1-493e-80e5-1aafcfafd227'),
 ('10', '82', 'en_us', NULL, NULL, NULL, NULL, NULL, NULL, NULL, 'Storytelling Marketing Box', '<p>Light statement regarding this marketing message should highlight a collection.</p>', 'View Story', 'left', '0', '2016-09-13 02:26:36', '2016-09-13 02:44:28', '21b82255-a29e-4107-b31b-cb5ca815ed47'),
 ('11', '82', 'es_mx', NULL, NULL, NULL, NULL, NULL, NULL, NULL, 'Storytelling Marketing Box', '<p>Light statement regarding this marketing message should highlight a collection.</p>', 'View Story', 'left', '0', '2016-09-13 02:26:36', '2016-09-13 02:44:28', '3436467e-e84d-4844-8447-f0ba5234142d');



DROP TABLE IF EXISTS `craft_matrixcontent_productcontents`;


--
-- Schema for table `craft_matrixcontent_productcontents`
--
CREATE TABLE `craft_matrixcontent_productcontents` (
  `id` int(11) NOT NULL AUTO_INCREMENT,
  `elementId` int(11) NOT NULL,
  `locale` char(12) COLLATE utf8_unicode_ci NOT NULL,
  `field_product_quantity` int(10) unsigned DEFAULT '0',
  `dateCreated` datetime NOT NULL,
  `dateUpdated` datetime NOT NULL,
  `uid` char(36) COLLATE utf8_unicode_ci NOT NULL DEFAULT '0',
  PRIMARY KEY (`id`),
  UNIQUE KEY `craft_matrixcontent_productcontents_elementId_locale_unq_idx` (`elementId`,`locale`),
  KEY `craft_matrixcontent_productcontents_locale_fk` (`locale`)
) ENGINE=InnoDB AUTO_INCREMENT=9 DEFAULT CHARSET=utf8 COLLATE=utf8_unicode_ci;

--
-- Data for table `craft_matrixcontent_productcontents`
--

INSERT INTO `craft_matrixcontent_productcontents` (`id`, `elementId`, `locale`, `field_product_quantity`, `dateCreated`, `dateUpdated`, `uid`) VALUES
 ('1', '59', 'en_us', '8', '2016-09-08 22:45:44', '2016-09-08 22:45:44', 'ff216d49-111f-4acb-9045-b5bbcee1441f'),
 ('2', '59', 'it_it', '8', '2016-09-08 22:45:44', '2016-09-08 22:45:44', '346fd133-7f2d-4043-9b09-cd7ee8e28bb4'),
 ('3', '59', 'es_mx', '8', '2016-09-08 22:45:44', '2016-09-08 22:45:44', '6122631b-8477-4c45-bc6a-5a52b91bd6d9'),
 ('4', '59', 'en_gb', '8', '2016-09-08 22:45:44', '2016-09-08 22:45:44', '42dfd1e9-965f-4b22-8805-3e1f4207b2ea'),
 ('5', '60', 'en_us', '2', '2016-09-08 22:45:44', '2016-09-08 22:45:44', '5a85116e-6f77-4eb5-94a5-7c33c04c79f2'),
 ('6', '60', 'it_it', '2', '2016-09-08 22:45:44', '2016-09-08 22:45:44', 'd3c65d36-564b-4f68-9dd4-1cd792608a0e'),
 ('7', '60', 'es_mx', '2', '2016-09-08 22:45:44', '2016-09-08 22:45:44', 'd5a215b8-1aeb-45fc-b30c-bd90510be030'),
 ('8', '60', 'en_gb', '2', '2016-09-08 22:45:44', '2016-09-08 22:45:44', 'cd65a6ec-7cff-4238-bb3f-2f08be8c5ee1');



DROP TABLE IF EXISTS `craft_migrations`;


--
-- Schema for table `craft_migrations`
--
CREATE TABLE `craft_migrations` (
  `id` int(11) NOT NULL AUTO_INCREMENT,
  `pluginId` int(11) DEFAULT NULL,
  `version` varchar(255) COLLATE utf8_unicode_ci NOT NULL,
  `applyTime` datetime NOT NULL,
  `dateCreated` datetime NOT NULL,
  `dateUpdated` datetime NOT NULL,
  `uid` char(36) COLLATE utf8_unicode_ci NOT NULL DEFAULT '0',
  PRIMARY KEY (`id`),
  UNIQUE KEY `craft_migrations_version_unq_idx` (`version`),
  KEY `craft_migrations_pluginId_fk` (`pluginId`)
) ENGINE=InnoDB AUTO_INCREMENT=69 DEFAULT CHARSET=utf8 COLLATE=utf8_unicode_ci;

--
-- Data for table `craft_migrations`
--

INSERT INTO `craft_migrations` (`id`, `pluginId`, `version`, `applyTime`, `dateCreated`, `dateUpdated`, `uid`) VALUES
 ('1', NULL, 'm000000_000000_base', '2016-09-07 22:57:54', '2016-09-07 22:57:54', '2016-09-07 22:57:54', 'c2b40d53-b9c2-43d3-87d1-c341fe830a66'),
 ('2', NULL, 'm140730_000001_add_filename_and_format_to_transformindex', '2016-09-07 22:57:54', '2016-09-07 22:57:54', '2016-09-07 22:57:54', 'b6cd88ab-7949-4f8d-b8be-8d478d09d7e6'),
 ('3', NULL, 'm140815_000001_add_format_to_transforms', '2016-09-07 22:57:54', '2016-09-07 22:57:54', '2016-09-07 22:57:54', 'd8a008d2-9864-41db-8859-907f342c1155'),
 ('4', NULL, 'm140822_000001_allow_more_than_128_items_per_field', '2016-09-07 22:57:54', '2016-09-07 22:57:54', '2016-09-07 22:57:54', 'acef2eb3-e9ba-4e31-8e5f-039cf6de41bd'),
 ('5', NULL, 'm140829_000001_single_title_formats', '2016-09-07 22:57:54', '2016-09-07 22:57:54', '2016-09-07 22:57:54', '14291380-f544-4ebd-af37-92b635130472'),
 ('6', NULL, 'm140831_000001_extended_cache_keys', '2016-09-07 22:57:54', '2016-09-07 22:57:54', '2016-09-07 22:57:54', '79c1c19d-a613-4add-94e1-cf9f3f255910'),
 ('7', NULL, 'm140922_000001_delete_orphaned_matrix_blocks', '2016-09-07 22:57:54', '2016-09-07 22:57:54', '2016-09-07 22:57:54', '65f43b57-3d50-41f4-9136-c4f264b9c596'),
 ('8', NULL, 'm141008_000001_elements_index_tune', '2016-09-07 22:57:54', '2016-09-07 22:57:54', '2016-09-07 22:57:54', '77b9515c-44d6-42b7-bfa8-ebb8fe5e2899'),
 ('9', NULL, 'm141009_000001_assets_source_handle', '2016-09-07 22:57:54', '2016-09-07 22:57:54', '2016-09-07 22:57:54', 'ec6f2eec-d1c3-4119-8019-31dcbfa68a86'),
 ('10', NULL, 'm141024_000001_field_layout_tabs', '2016-09-07 22:57:54', '2016-09-07 22:57:54', '2016-09-07 22:57:54', '8e512724-0345-4f19-a463-b47078f651c4'),
 ('11', NULL, 'm141030_000000_plugin_schema_versions', '2016-09-07 22:57:54', '2016-09-07 22:57:54', '2016-09-07 22:57:54', '325bfa7e-63b2-4924-8303-355138fe96b7'),
 ('12', NULL, 'm141030_000001_drop_structure_move_permission', '2016-09-07 22:57:54', '2016-09-07 22:57:54', '2016-09-07 22:57:54', 'bb58b3c5-fcb5-4002-9aed-276c84d4d541'),
 ('13', NULL, 'm141103_000001_tag_titles', '2016-09-07 22:57:54', '2016-09-07 22:57:54', '2016-09-07 22:57:54', '02bb57a5-f283-4a96-b14c-4c9c8a4d5593'),
 ('14', NULL, 'm141109_000001_user_status_shuffle', '2016-09-07 22:57:54', '2016-09-07 22:57:54', '2016-09-07 22:57:54', '1b7fa376-b39d-4432-ace2-554ee4c19974'),
 ('15', NULL, 'm141126_000001_user_week_start_day', '2016-09-07 22:57:54', '2016-09-07 22:57:54', '2016-09-07 22:57:54', 'd0db06e2-ca04-4259-9132-cbfc9772f828'),
 ('16', NULL, 'm150210_000001_adjust_user_photo_size', '2016-09-07 22:57:54', '2016-09-07 22:57:54', '2016-09-07 22:57:54', '1ce21c6e-0f9a-4777-8753-dcd90b79cdd6'),
 ('17', NULL, 'm150724_000001_adjust_quality_settings', '2016-09-07 22:57:54', '2016-09-07 22:57:54', '2016-09-07 22:57:54', 'c029a688-c4c1-4fca-8d2d-f2d6605e1d9c'),
 ('18', NULL, 'm150827_000000_element_index_settings', '2016-09-07 22:57:54', '2016-09-07 22:57:54', '2016-09-07 22:57:54', '46c9cbc8-c0ea-4317-813a-ee4d0c6b1b34'),
 ('19', NULL, 'm150918_000001_add_colspan_to_widgets', '2016-09-07 22:57:54', '2016-09-07 22:57:54', '2016-09-07 22:57:54', 'b34c70d4-d418-40f0-9c03-bc74b5cee71a'),
 ('20', NULL, 'm151007_000000_clear_asset_caches', '2016-09-07 22:57:54', '2016-09-07 22:57:54', '2016-09-07 22:57:54', 'c75bfc0b-8522-4b32-960b-623ff9b3d465'),
 ('21', NULL, 'm151109_000000_text_url_formats', '2016-09-07 22:57:54', '2016-09-07 22:57:54', '2016-09-07 22:57:54', '0cf8f37f-54a2-4e7e-b31d-0af8778ac716'),
 ('22', NULL, 'm151110_000000_move_logo', '2016-09-07 22:57:54', '2016-09-07 22:57:54', '2016-09-07 22:57:54', 'ba378942-7235-4552-bcba-d3adb26eac68'),
 ('23', NULL, 'm151117_000000_adjust_image_widthheight', '2016-09-07 22:57:54', '2016-09-07 22:57:54', '2016-09-07 22:57:54', 'f039297d-8aa8-4055-a331-768f7a282f35'),
 ('24', NULL, 'm151127_000000_clear_license_key_status', '2016-09-07 22:57:54', '2016-09-07 22:57:54', '2016-09-07 22:57:54', '50b2432c-2b9b-45cd-952e-81aef534aa9a'),
 ('25', NULL, 'm151127_000000_plugin_license_keys', '2016-09-07 22:57:54', '2016-09-07 22:57:54', '2016-09-07 22:57:54', 'dd532efa-0016-408f-9e82-a161778f9df5'),
 ('26', NULL, 'm151130_000000_update_pt_widget_feeds', '2016-09-07 22:57:54', '2016-09-07 22:57:54', '2016-09-07 22:57:54', 'b175a2b5-2322-428f-bd53-953e792bcd2f'),
 ('27', NULL, 'm160114_000000_asset_sources_public_url_default_true', '2016-09-07 22:57:54', '2016-09-07 22:57:54', '2016-09-07 22:57:54', 'ccb00983-8fab-4bd1-83b6-6234b1dfd585'),
 ('28', NULL, 'm160223_000000_sortorder_to_smallint', '2016-09-07 22:57:54', '2016-09-07 22:57:54', '2016-09-07 22:57:54', '15df9f31-24c5-474f-bf68-3e66e3cdf534'),
 ('29', NULL, 'm160229_000000_set_default_entry_statuses', '2016-09-07 22:57:54', '2016-09-07 22:57:54', '2016-09-07 22:57:54', 'c9d5489a-9f27-4996-82ad-5b5700793e4f'),
 ('30', NULL, 'm160304_000000_client_permissions', '2016-09-07 22:57:54', '2016-09-07 22:57:54', '2016-09-07 22:57:54', 'da5bdbdd-9608-430f-a28a-b274628c01bf'),
 ('31', NULL, 'm160322_000000_asset_filesize', '2016-09-07 22:57:54', '2016-09-07 22:57:54', '2016-09-07 22:57:54', '3cd552e1-4e1f-4016-9475-218daad4641a'),
 ('32', NULL, 'm160503_000000_orphaned_fieldlayouts', '2016-09-07 22:57:54', '2016-09-07 22:57:54', '2016-09-07 22:57:54', 'd3f8a2ed-3663-435b-b9f3-d684840b6b3f'),
 ('33', NULL, 'm160510_000000_tasksettings', '2016-09-07 22:57:54', '2016-09-07 22:57:54', '2016-09-07 22:57:54', 'b0ee790a-e648-4bc3-8a98-105482864d63'),
 ('34', NULL, 'm160829_000000_pending_user_content_cleanup', '2016-09-07 22:57:54', '2016-09-07 22:57:54', '2016-09-07 22:57:54', '5af34bd7-1245-42d9-b9f4-23891f699a60'),
 ('35', NULL, 'm160830_000000_asset_index_uri_increase', '2016-09-07 22:57:54', '2016-09-07 22:57:54', '2016-09-07 22:57:54', '6c37f7a0-a0e6-4131-ac9f-896e4172c424'),
 ('36', '1', 'm150916_010101_Commerce_Rename', '2016-09-07 23:25:38', '2016-09-07 23:25:38', '2016-09-07 23:25:38', '30b96ad5-bae7-4559-b9cf-d97a7584592b'),
 ('37', '1', 'm150917_010101_Commerce_DropEmailTypeColumn', '2016-09-07 23:25:38', '2016-09-07 23:25:38', '2016-09-07 23:25:38', '58585afc-56cb-4a03-ad9f-708a02d5c97e'),
 ('38', '1', 'm150917_010102_Commerce_RenameCodeToHandletaxCatColumn', '2016-09-07 23:25:38', '2016-09-07 23:25:38', '2016-09-07 23:25:38', 'b68db04f-b884-49f4-9082-c5922cab82e3'),
 ('39', '1', 'm150918_010101_Commerce_AddProductTypeLocales', '2016-09-07 23:25:38', '2016-09-07 23:25:38', '2016-09-07 23:25:38', '169e81ce-1a7f-42a3-aeeb-cc12fa45e212'),
 ('40', '1', 'm150918_010102_Commerce_RemoveNonLocaleBasedUrlFormat', '2016-09-07 23:25:38', '2016-09-07 23:25:38', '2016-09-07 23:25:38', '19dfd853-e1f5-4609-8d0b-9a263cd8915d'),
 ('41', '1', 'm150919_010101_Commerce_AddHasDimensionsToProductType', '2016-09-07 23:25:38', '2016-09-07 23:25:38', '2016-09-07 23:25:38', 'c3cbd7d4-2f7b-4c6d-9b6d-23536d7d5323'),
 ('42', '1', 'm151004_142113_commerce_PaymentMethods_name_unique', '2016-09-07 23:25:38', '2016-09-07 23:25:38', '2016-09-07 23:25:38', 'a1090cf1-9a4d-4913-9165-d1037d791801'),
 ('43', '1', 'm151018_010101_Commerce_DiscountCodeNull', '2016-09-07 23:25:38', '2016-09-07 23:25:38', '2016-09-07 23:25:38', 'd2e5651b-e370-45be-a008-40f0bcddce03'),
 ('44', '1', 'm151025_010101_Commerce_AddHandleToShippingMethod', '2016-09-07 23:25:38', '2016-09-07 23:25:38', '2016-09-07 23:25:38', '575b1d6a-492b-470b-8f0b-aa75bfc9a649'),
 ('45', '1', 'm151027_010101_Commerce_NewVariantUI', '2016-09-07 23:25:38', '2016-09-07 23:25:38', '2016-09-07 23:25:38', 'e48e367c-6b47-4ae5-8567-f386550bffe0'),
 ('46', '1', 'm151027_010102_Commerce_ProductDateNames', '2016-09-07 23:25:38', '2016-09-07 23:25:38', '2016-09-07 23:25:38', 'f98636cc-8c01-451a-8c2b-075711c19707'),
 ('47', '1', 'm151102_010101_Commerce_PaymentTypeInMethodNotSettings', '2016-09-07 23:25:38', '2016-09-07 23:25:38', '2016-09-07 23:25:38', 'f4b34713-1260-4102-84f0-f5320a2784d0'),
 ('48', '1', 'm151103_010101_Commerce_DefaultVariant', '2016-09-07 23:25:38', '2016-09-07 23:25:38', '2016-09-07 23:25:38', '435caf1b-d11b-4c41-9a75-e91740547bf9'),
 ('49', '1', 'm151109_010101_Commerce_AddCompanyNumberToAddress', '2016-09-07 23:25:38', '2016-09-07 23:25:38', '2016-09-07 23:25:38', '59108969-9d78-46a7-939f-7caca1abee1d'),
 ('50', '1', 'm151109_010102_Commerce_AddOptionsToLineItems', '2016-09-07 23:25:38', '2016-09-07 23:25:38', '2016-09-07 23:25:38', 'e76f169e-9857-414b-a066-eb23548f7824'),
 ('51', '1', 'm151110_010101_Commerce_RenameCompanyToAddress', '2016-09-07 23:25:38', '2016-09-07 23:25:38', '2016-09-07 23:25:38', 'fd06777c-932d-44a1-a0bb-7651f9f80ddd'),
 ('52', '1', 'm151111_010101_Commerce_ShowVariantTitleField', '2016-09-07 23:25:38', '2016-09-07 23:25:38', '2016-09-07 23:25:38', 'ff5ceb26-97aa-40a3-a6bd-48e56fbc5dc3'),
 ('53', '1', 'm151112_010101_Commerce_AutoSkuFormat', '2016-09-07 23:25:38', '2016-09-07 23:25:38', '2016-09-07 23:25:38', '2058eec2-da14-42f6-8115-738af55ae931'),
 ('54', '1', 'm151117_010101_Commerce_TaxIncluded', '2016-09-07 23:25:38', '2016-09-07 23:25:38', '2016-09-07 23:25:38', 'e672be89-b998-446f-9004-b3dd1905bccb'),
 ('55', '1', 'm151124_010101_Commerce_AddressManagement', '2016-09-07 23:25:38', '2016-09-07 23:25:38', '2016-09-07 23:25:38', '5e30b515-dbe9-46a3-add3-d50edc9aae44'),
 ('56', '1', 'm151127_010101_Commerce_TaxRateTaxableOptions', '2016-09-07 23:25:38', '2016-09-07 23:25:38', '2016-09-07 23:25:38', '3450fb2f-8ad4-46a0-8e8d-eb2ff888bebf'),
 ('57', '1', 'm151210_010101_Commerce_FixMissingLineItemDimensionData', '2016-09-07 23:25:38', '2016-09-07 23:25:38', '2016-09-07 23:25:38', '8a969139-ce2e-4bfc-867d-ed0a43476a45'),
 ('58', '1', 'm160215_010101_Commerce_ConsistentDecimalType', '2016-09-07 23:25:38', '2016-09-07 23:25:38', '2016-09-07 23:25:38', '928e49b1-1ba1-4834-874d-6061857678f4'),
 ('59', '1', 'm160226_010101_Commerce_OrderStatusSortOrder', '2016-09-07 23:25:38', '2016-09-07 23:25:38', '2016-09-07 23:25:38', '0b0d421a-fc2b-4521-96d4-7205cf9a71be'),
 ('60', '1', 'm160226_010102_Commerce_isCompleted', '2016-09-07 23:25:38', '2016-09-07 23:25:38', '2016-09-07 23:25:38', 'da22e675-f487-48b8-8698-dc955b5bd414'),
 ('61', '1', 'm160227_010101_Commerce_OrderAdjustmentIncludedFlag', '2016-09-07 23:25:38', '2016-09-07 23:25:38', '2016-09-07 23:25:38', '1cac5853-755b-481b-87b6-1337e1a99807'),
 ('62', '1', 'm160229_010101_Commerce_ShippingZone', '2016-09-07 23:25:38', '2016-09-07 23:25:38', '2016-09-07 23:25:38', '9b0ecd7c-1429-4fee-ac6f-900c9156da22'),
 ('63', '1', 'm160229_010104_Commerce_SoftDeleteAndReorderPaymentMethod', '2016-09-07 23:25:38', '2016-09-07 23:25:38', '2016-09-07 23:25:38', '4e1ee813-3bb8-4945-8449-4efb8f5827e3'),
 ('64', '1', 'm160401_010101_Commerce_KeepAllTransactions', '2016-09-07 23:25:38', '2016-09-07 23:25:38', '2016-09-07 23:25:38', 'db952492-97d3-4a1f-b121-6ad7efeb48f3'),
 ('65', '1', 'm160405_010101_Commerce_FixDefaultVariantId', '2016-09-07 23:25:38', '2016-09-07 23:25:38', '2016-09-07 23:25:38', '338bef17-e246-4c48-ad94-6e78e27f3c84'),
 ('66', '1', 'm160406_010101_Commerce_RemoveUnusedAuthorId', '2016-09-07 23:25:38', '2016-09-07 23:25:38', '2016-09-07 23:25:38', '6a6aca77-c7fe-478c-a4f6-948b03a1e7fa'),
 ('67', '1', 'm160425_010101_Commerce_DeleteCountriesAndStates', '2016-09-07 23:25:38', '2016-09-07 23:25:38', '2016-09-07 23:25:38', '170ff295-9637-46bc-acf8-01f8f1b66bea'),
 ('68', '1', 'm160606_010101_Commerce_PerEmailLimitOnDiscount', '2016-09-07 23:25:38', '2016-09-07 23:25:38', '2016-09-07 23:25:38', '93813698-d8cf-4e53-b061-e3d7c9ccd92b');



DROP TABLE IF EXISTS `craft_plugins`;


--
-- Schema for table `craft_plugins`
--
CREATE TABLE `craft_plugins` (
  `id` int(11) NOT NULL AUTO_INCREMENT,
  `class` varchar(150) COLLATE utf8_unicode_ci NOT NULL,
  `version` varchar(15) COLLATE utf8_unicode_ci NOT NULL,
  `schemaVersion` varchar(15) COLLATE utf8_unicode_ci DEFAULT NULL,
  `licenseKey` char(24) COLLATE utf8_unicode_ci DEFAULT NULL,
  `licenseKeyStatus` enum('valid','invalid','mismatched','unknown') COLLATE utf8_unicode_ci NOT NULL DEFAULT 'unknown',
  `enabled` tinyint(1) unsigned NOT NULL DEFAULT '0',
  `settings` text COLLATE utf8_unicode_ci,
  `installDate` datetime NOT NULL,
  `dateCreated` datetime NOT NULL,
  `dateUpdated` datetime NOT NULL,
  `uid` char(36) COLLATE utf8_unicode_ci NOT NULL DEFAULT '0',
  PRIMARY KEY (`id`)
) ENGINE=InnoDB AUTO_INCREMENT=2 DEFAULT CHARSET=utf8 COLLATE=utf8_unicode_ci;

--
-- Data for table `craft_plugins`
--

INSERT INTO `craft_plugins` (`id`, `class`, `version`, `schemaVersion`, `licenseKey`, `licenseKeyStatus`, `enabled`, `settings`, `installDate`, `dateCreated`, `dateUpdated`, `uid`) VALUES
 ('1', 'Commerce', '1.1.1217', '1.0.13', NULL, 'unknown', '1', '{\"defaultCurrency\":\"USD\",\"weightUnits\":\"g\",\"dimensionUnits\":\"mm\",\"emailSenderAddress\":null,\"emailSenderName\":null,\"orderPdfPath\":\"commerce\\/_pdf\\/order\"}', '2016-09-07 23:25:38', '2016-09-07 23:25:38', '2016-09-21 10:52:20', '262facf0-d43d-4dae-980e-8b374ce9ac17');



DROP TABLE IF EXISTS `craft_rackspaceaccess`;


--
-- Schema for table `craft_rackspaceaccess`
--
CREATE TABLE `craft_rackspaceaccess` (
  `id` int(11) NOT NULL AUTO_INCREMENT,
  `connectionKey` varchar(255) COLLATE utf8_unicode_ci NOT NULL,
  `token` varchar(255) COLLATE utf8_unicode_ci NOT NULL,
  `storageUrl` varchar(255) COLLATE utf8_unicode_ci NOT NULL,
  `cdnUrl` varchar(255) COLLATE utf8_unicode_ci NOT NULL,
  `dateCreated` datetime NOT NULL,
  `dateUpdated` datetime NOT NULL,
  `uid` char(36) COLLATE utf8_unicode_ci NOT NULL DEFAULT '0',
  PRIMARY KEY (`id`),
  UNIQUE KEY `craft_rackspaceaccess_connectionKey_unq_idx` (`connectionKey`)
) ENGINE=InnoDB DEFAULT CHARSET=utf8 COLLATE=utf8_unicode_ci;

DROP TABLE IF EXISTS `craft_relations`;


--
-- Schema for table `craft_relations`
--
CREATE TABLE `craft_relations` (
  `id` int(11) NOT NULL AUTO_INCREMENT,
  `fieldId` int(11) NOT NULL,
  `sourceId` int(11) NOT NULL,
  `sourceLocale` char(12) COLLATE utf8_unicode_ci DEFAULT NULL,
  `targetId` int(11) NOT NULL,
  `sortOrder` smallint(6) DEFAULT NULL,
  `dateCreated` datetime NOT NULL,
  `dateUpdated` datetime NOT NULL,
  `uid` char(36) COLLATE utf8_unicode_ci NOT NULL DEFAULT '0',
  PRIMARY KEY (`id`),
  UNIQUE KEY `craft_relations_fieldId_sourceId_sourceLocale_targetId_unq_idx` (`fieldId`,`sourceId`,`sourceLocale`,`targetId`),
  KEY `craft_relations_sourceId_fk` (`sourceId`),
  KEY `craft_relations_sourceLocale_fk` (`sourceLocale`),
  KEY `craft_relations_targetId_fk` (`targetId`)
) ENGINE=InnoDB AUTO_INCREMENT=308 DEFAULT CHARSET=utf8 COLLATE=utf8_unicode_ci;

--
-- Data for table `craft_relations`
--

INSERT INTO `craft_relations` (`id`, `fieldId`, `sourceId`, `sourceLocale`, `targetId`, `sortOrder`, `dateCreated`, `dateUpdated`, `uid`) VALUES
 ('3', '4', '19', NULL, '18', '1', '2016-09-08 15:37:12', '2016-09-08 15:37:12', '52ca17e8-b0c9-441e-b29f-daef4574e85c'),
 ('4', '4', '3', NULL, '13', '1', '2016-09-08 15:37:25', '2016-09-08 15:37:25', '460d9547-ddc2-4c79-9a0f-650612e01a0a'),
 ('5', '5', '3', NULL, '19', '1', '2016-09-08 15:37:25', '2016-09-08 15:37:25', '43c74a77-0126-44de-a3e0-bd89bb0ccdd4'),
 ('6', '4', '5', NULL, '23', '1', '2016-09-08 15:39:29', '2016-09-08 15:39:29', '02f809b4-7469-4787-8f4e-f95349cf5ec7'),
 ('7', '4', '7', NULL, '27', '1', '2016-09-08 15:41:03', '2016-09-08 15:41:03', 'f47244ab-8bec-415e-b6b3-961f718514dc'),
 ('16', '4', '9', NULL, '31', '1', '2016-09-08 16:07:19', '2016-09-08 16:07:19', '54ce8646-8f9a-427b-8606-6f7324b47da1'),
 ('23', '4', '47', NULL, '45', '1', '2016-09-08 22:43:02', '2016-09-08 22:43:02', 'f52204b8-7386-4f63-8f4d-deb71c033d4a'),
 ('26', '4', '55', NULL, '54', '1', '2016-09-08 22:44:14', '2016-09-08 22:44:14', 'cd9c09d5-56f6-497c-8d9a-e2cb7994bfb9'),
 ('27', '4', '58', NULL, '57', '1', '2016-09-08 22:45:44', '2016-09-08 22:45:44', '13259477-9567-4936-8509-815b129b5ed1'),
 ('28', '16', '59', NULL, '47', '1', '2016-09-08 22:45:44', '2016-09-08 22:45:44', 'f4f2716c-87fe-411e-8156-ddf963005066'),
 ('29', '16', '60', NULL, '55', '1', '2016-09-08 22:45:44', '2016-09-08 22:45:44', 'edd92338-f34e-4bf9-b31b-90d53c5ba6a0'),
 ('53', '48', '72', NULL, '70', '1', '2016-09-13 01:41:07', '2016-09-13 01:41:07', 'af36b492-fea2-4b7c-8132-e688ac746492'),
 ('54', '48', '76', NULL, '73', '1', '2016-09-13 01:41:07', '2016-09-13 01:41:07', '2ad24b72-001a-4d1d-8035-cf1be00c00ef'),
 ('55', '48', '77', NULL, '74', '1', '2016-09-13 01:41:07', '2016-09-13 01:41:07', '0fca11c4-9eb0-437a-bcc8-c49f68c68f2d'),
 ('56', '48', '78', NULL, '75', '1', '2016-09-13 01:41:07', '2016-09-13 01:41:07', '53f018d1-65f6-48c6-baac-4d5fc41b7823'),
 ('295', '20', '68', NULL, '69', '1', '2016-09-13 02:44:28', '2016-09-13 02:44:28', 'd9b76c59-4a72-42c2-b503-8030d0448e14'),
 ('296', '24', '68', NULL, '58', '1', '2016-09-13 02:44:28', '2016-09-13 02:44:28', '5ccdc7d6-39f5-4620-b778-8335339e622f'),
 ('297', '56', '79', NULL, '71', '1', '2016-09-13 02:44:28', '2016-09-13 02:44:28', '966d3860-5511-4ae7-a5c9-aca97315380a'),
 ('298', '27', '80', NULL, '3', '1', '2016-09-13 02:44:28', '2016-09-13 02:44:28', 'b972f61a-4f86-494c-be22-1afa30c19607'),
 ('299', '27', '80', NULL, '7', '2', '2016-09-13 02:44:28', '2016-09-13 02:44:28', 'f600f737-9531-4a59-ab5a-d579c64ea54c'),
 ('300', '27', '80', NULL, '5', '3', '2016-09-13 02:44:28', '2016-09-13 02:44:28', '9330d4de-2e87-4eb1-b831-8f2d81cdf5c8'),
 ('301', '27', '80', NULL, '47', '4', '2016-09-13 02:44:28', '2016-09-13 02:44:28', '09e9e66d-cc50-49d1-9afb-29afbdda4109'),
 ('302', '27', '80', NULL, '9', '5', '2016-09-13 02:44:28', '2016-09-13 02:44:28', '5ad82f13-38ac-4ec5-94b0-ddd5b1fb5ab8'),
 ('303', '29', '80', NULL, '58', '1', '2016-09-13 02:44:28', '2016-09-13 02:44:28', '182cee63-feb1-4dd2-a3e2-fd551581a4a1'),
 ('304', '31', '81', NULL, '58', '1', '2016-09-13 02:44:28', '2016-09-13 02:44:28', '225a4faa-f030-4f22-9474-f79b3eb3cddb'),
 ('305', '31', '81', NULL, '47', '2', '2016-09-13 02:44:28', '2016-09-13 02:44:28', '24785846-e57b-4466-81f0-b0a6e6ae610d'),
 ('306', '32', '82', NULL, '83', '1', '2016-09-13 02:44:28', '2016-09-13 02:44:28', 'a768e313-fe6f-41a1-b2e9-5ceb3ad41d31'),
 ('307', '36', '82', NULL, '58', '1', '2016-09-13 02:44:28', '2016-09-13 02:44:28', '1fbd73f5-5b41-474a-a89b-b00279530893');



DROP TABLE IF EXISTS `craft_routes`;


--
-- Schema for table `craft_routes`
--
CREATE TABLE `craft_routes` (
  `id` int(11) NOT NULL AUTO_INCREMENT,
  `locale` char(12) COLLATE utf8_unicode_ci DEFAULT NULL,
  `urlParts` varchar(255) COLLATE utf8_unicode_ci NOT NULL,
  `urlPattern` varchar(255) COLLATE utf8_unicode_ci NOT NULL,
  `template` varchar(255) COLLATE utf8_unicode_ci NOT NULL,
  `sortOrder` smallint(6) unsigned DEFAULT NULL,
  `dateCreated` datetime NOT NULL,
  `dateUpdated` datetime NOT NULL,
  `uid` char(36) COLLATE utf8_unicode_ci NOT NULL DEFAULT '0',
  PRIMARY KEY (`id`),
  UNIQUE KEY `craft_routes_urlPattern_unq_idx` (`urlPattern`),
  KEY `craft_routes_locale_idx` (`locale`)
) ENGINE=InnoDB DEFAULT CHARSET=utf8 COLLATE=utf8_unicode_ci;

DROP TABLE IF EXISTS `craft_searchindex`;


--
-- Schema for table `craft_searchindex`
--
CREATE TABLE `craft_searchindex` (
  `elementId` int(11) NOT NULL,
  `attribute` varchar(25) COLLATE utf8_unicode_ci NOT NULL,
  `fieldId` int(11) NOT NULL,
  `locale` char(12) COLLATE utf8_unicode_ci NOT NULL,
  `keywords` text COLLATE utf8_unicode_ci NOT NULL,
  PRIMARY KEY (`elementId`,`attribute`,`fieldId`,`locale`),
  FULLTEXT KEY `craft_searchindex_keywords_idx` (`keywords`)
) ENGINE=MyISAM DEFAULT CHARSET=utf8 COLLATE=utf8_unicode_ci;

--
-- Data for table `craft_searchindex`
--

INSERT INTO `craft_searchindex` (`elementId`, `attribute`, `fieldId`, `locale`, `keywords`) VALUES
 ('1', 'username', '0', 'en_us', ' admin '),
 ('1', 'firstname', '0', 'en_us', ''),
 ('1', 'lastname', '0', 'en_us', ''),
 ('1', 'fullname', '0', 'en_us', ''),
 ('1', 'email', '0', 'en_us', ' jmdesiderio gmail com '),
 ('1', 'slug', '0', 'en_us', ''),
 ('2', 'slug', '0', 'en_us', ' homepage '),
 ('2', 'title', '0', 'en_us', ' homepage '),
 ('3', 'title', '0', 'en_us', ' agua mala mantis '),
 ('3', 'defaultsku', '0', 'en_us', ' agmm b 355 1 '),
 ('3', 'slug', '0', 'en_us', ' agua mala mantis '),
 ('4', 'sku', '0', 'en_us', ' agmm b 355 1 '),
 ('4', 'price', '0', 'en_us', ' 50 5 '),
 ('4', 'width', '0', 'en_us', ''),
 ('4', 'height', '0', 'en_us', ''),
 ('4', 'length', '0', 'en_us', ''),
 ('4', 'weight', '0', 'en_us', ''),
 ('4', 'stock', '0', 'en_us', ' 133 '),
 ('4', 'unlimitedstock', '0', 'en_us', ''),
 ('4', 'minqty', '0', 'en_us', ''),
 ('4', 'maxqty', '0', 'en_us', ''),
 ('4', 'slug', '0', 'en_us', ' a new toga '),
 ('4', 'title', '0', 'en_us', ' single '),
 ('5', 'title', '0', 'en_us', ' franziskaner weizen hell '),
 ('5', 'defaultsku', '0', 'en_us', ' parka with stripes on back '),
 ('5', 'slug', '0', 'en_us', ' parka with stripes on back '),
 ('6', 'sku', '0', 'en_us', ' frwh b 500 1 '),
 ('6', 'price', '0', 'en_us', ' 39 00 '),
 ('6', 'width', '0', 'en_us', ''),
 ('6', 'height', '0', 'en_us', ''),
 ('6', 'length', '0', 'en_us', ''),
 ('6', 'weight', '0', 'en_us', ''),
 ('6', 'stock', '0', 'en_us', ' 217532 '),
 ('6', 'unlimitedstock', '0', 'en_us', ''),
 ('6', 'minqty', '0', 'en_us', ''),
 ('6', 'maxqty', '0', 'en_us', ''),
 ('6', 'slug', '0', 'en_us', ' parka with stripes on back '),
 ('6', 'title', '0', 'en_us', ' single '),
 ('7', 'title', '0', 'en_us', ' becks 275 '),
 ('7', 'defaultsku', '0', 'en_us', ' romper for a red eye '),
 ('7', 'slug', '0', 'en_us', ' romper for a red eye '),
 ('8', 'sku', '0', 'en_us', ' bec b 275 1 '),
 ('8', 'price', '0', 'en_us', ' 25 00 '),
 ('8', 'width', '0', 'en_us', ''),
 ('8', 'height', '0', 'en_us', ''),
 ('8', 'length', '0', 'en_us', ''),
 ('8', 'weight', '0', 'en_us', ''),
 ('8', 'stock', '0', 'en_us', ' 90110 '),
 ('8', 'unlimitedstock', '0', 'en_us', ''),
 ('8', 'minqty', '0', 'en_us', ''),
 ('8', 'maxqty', '0', 'en_us', ''),
 ('8', 'slug', '0', 'en_us', ' romper for a red eye '),
 ('8', 'title', '0', 'en_us', ' single '),
 ('9', 'title', '0', 'en_us', ' leffe brune '),
 ('9', 'defaultsku', '0', 'en_us', ' lefbr b 330 1 '),
 ('9', 'slug', '0', 'en_us', ' the fleece awakens '),
 ('10', 'sku', '0', 'en_us', ' lefbr b 330 1 '),
 ('10', 'price', '0', 'en_us', ' 29 5 '),
 ('10', 'width', '0', 'en_us', ''),
 ('10', 'height', '0', 'en_us', ''),
 ('10', 'length', '0', 'en_us', ''),
 ('10', 'weight', '0', 'en_us', ''),
 ('10', 'stock', '0', 'en_us', ' 83850 '),
 ('10', 'unlimitedstock', '0', 'en_us', ''),
 ('10', 'minqty', '0', 'en_us', ''),
 ('10', 'maxqty', '0', 'en_us', ''),
 ('10', 'slug', '0', 'en_us', ' the fleece awakens '),
 ('10', 'title', '0', 'en_us', ' single '),
 ('11', 'number', '0', 'en_us', ' 0795f90ed5809102c87099b8789e4d51 '),
 ('11', 'email', '0', 'en_us', ' jmdesiderio gmail com '),
 ('11', 'slug', '0', 'en_us', ''),
 ('12', 'number', '0', 'en_us', ' 8c91c70ba6e0586956c8a82e166d46f7 '),
 ('12', 'email', '0', 'en_us', ' jmdesiderio gmail com '),
 ('12', 'slug', '0', 'en_us', ''),
 ('2', 'field', '1', 'en_us', ' test '),
 ('24', 'sku', '0', 'en_us', ' frwh b 500 6 '),
 ('28', 'sku', '0', 'en_us', ' bec b 275 6 '),
 ('32', 'sku', '0', 'en_us', ' lefbr b 330 6 '),
 ('13', 'filename', '0', 'en_us', ' agmm b 355 1_33e32f96 8733 42f6 9dc0 60b838b6bde1_grande png '),
 ('13', 'extension', '0', 'en_us', ' png '),
 ('13', 'kind', '0', 'en_us', ' image '),
 ('13', 'slug', '0', 'en_us', ''),
 ('13', 'title', '0', 'en_us', ' agmm b 355 1 33e32f96 8733 42f6 9dc0 60b838b6bde1 grande '),
 ('45', 'extension', '0', 'en_us', ' png '),
 ('45', 'filename', '0', 'en_us', ' cerveza_leffe_blond_product_f613c693 de9f 49b0 82a1 408815d3f6d4_1024x1024 png '),
 ('3', 'field', '1', 'en_us', ' mantis es una cerveza de trigo blanca tradicional que entrega todo que se espera de su estilo citricos hierbas y un sabor refrescante agua mala toma su nombre de una medusa que flota cerca de las costas de ensenada en la costa del pacifico de mexico donde se encuentra la cerveceria cada cerveza lleva el nombre del area que rodea la cerveceria que es una mantis es un camaron grande con pinzas que es famoso por haber logrado atravesar el cristal de un acuario la cerveza mantis no rompera un vaso pero como su tocaya tiene una cabeza rocosa  '),
 ('3', 'field', '4', 'en_us', ' agmm b 355 1 33e32f96 8733 42f6 9dc0 60b838b6bde1 grande '),
 ('3', 'field', '5', 'en_us', ' chalice stella artois '),
 ('3', 'field', '3', 'en_us', ''),
 ('15', 'sku', '0', 'en_us', ' agmm b 355 6 '),
 ('15', 'price', '0', 'en_us', ' 400 '),
 ('15', 'width', '0', 'en_us', ''),
 ('15', 'height', '0', 'en_us', ''),
 ('15', 'length', '0', 'en_us', ''),
 ('15', 'weight', '0', 'en_us', ''),
 ('15', 'stock', '0', 'en_us', ' 28 '),
 ('15', 'unlimitedstock', '0', 'en_us', ''),
 ('15', 'minqty', '0', 'en_us', ''),
 ('15', 'maxqty', '0', 'en_us', ''),
 ('15', 'slug', '0', 'en_us', ' 6 pack ');
INSERT INTO `craft_searchindex` (`elementId`, `attribute`, `fieldId`, `locale`, `keywords`) VALUES
 ('15', 'title', '0', 'en_us', ' 6 pack '),
 ('16', 'sku', '0', 'en_us', ' agmm b 355 12 '),
 ('16', 'price', '0', 'en_us', ' 606 '),
 ('16', 'width', '0', 'en_us', ''),
 ('16', 'height', '0', 'en_us', ''),
 ('16', 'length', '0', 'en_us', ''),
 ('16', 'weight', '0', 'en_us', ''),
 ('16', 'stock', '0', 'en_us', ' 14 '),
 ('16', 'unlimitedstock', '0', 'en_us', ''),
 ('16', 'minqty', '0', 'en_us', ''),
 ('16', 'maxqty', '0', 'en_us', ''),
 ('16', 'slug', '0', 'en_us', ' 12 pack '),
 ('16', 'title', '0', 'en_us', ' 12 pack '),
 ('17', 'sku', '0', 'en_us', ' agmm b 355 24 '),
 ('17', 'price', '0', 'en_us', ' 1212 '),
 ('17', 'width', '0', 'en_us', ''),
 ('17', 'height', '0', 'en_us', ''),
 ('17', 'length', '0', 'en_us', ''),
 ('17', 'weight', '0', 'en_us', ''),
 ('17', 'stock', '0', 'en_us', ' 7 '),
 ('17', 'unlimitedstock', '0', 'en_us', ''),
 ('17', 'minqty', '0', 'en_us', ''),
 ('17', 'maxqty', '0', 'en_us', ''),
 ('17', 'slug', '0', 'en_us', ' 24 pack '),
 ('17', 'title', '0', 'en_us', ' 24 pack '),
 ('18', 'filename', '0', 'en_us', ' ste gw 11 1_6ab16772 4730 4d50 ae2a 3a91d963a0f1_grande png '),
 ('18', 'extension', '0', 'en_us', ' png '),
 ('18', 'kind', '0', 'en_us', ' image '),
 ('18', 'slug', '0', 'en_us', ''),
 ('18', 'title', '0', 'en_us', ' ste gw 11 1 6ab16772 4730 4d50 ae2a 3a91d963a0f1 grande '),
 ('19', 'field', '1', 'en_us', ' las elegantes curvas del caliz de stella estan disenadas para maximizar la gasificacion y el sabor mientras que la cabeza conica concentra el aroma y promueve la espuma existe un ritual aunado al proceso de servir una stella artois comenzando con un bano de hielo y terminando con el primer sorbo y el caliz es una parte escencial '),
 ('19', 'field', '4', 'en_us', ' ste gw 11 1 6ab16772 4730 4d50 ae2a 3a91d963a0f1 grande '),
 ('19', 'field', '3', 'en_us', ''),
 ('19', 'title', '0', 'en_us', ' chalice stella artois '),
 ('19', 'defaultsku', '0', 'en_us', ''),
 ('19', 'slug', '0', 'en_us', ' chalice stella artois '),
 ('19', 'field', '1', 'it_it', ' las elegantes curvas del caliz de stella estan disenadas para maximizar la gasificacion y el sabor mientras que la cabeza conica concentra el aroma y promueve la espuma existe un ritual aunado al proceso de servir una stella artois comenzando con un bano de hielo y terminando con el primer sorbo y el caliz es una parte escencial '),
 ('19', 'field', '4', 'it_it', ' ste gw 11 1 6ab16772 4730 4d50 ae2a 3a91d963a0f1 grande '),
 ('19', 'field', '3', 'it_it', ''),
 ('19', 'field', '1', 'es_mx', ' las elegantes curvas del caliz de stella estan disenadas para maximizar la gasificacion y el sabor mientras que la cabeza conica concentra el aroma y promueve la espuma existe un ritual aunado al proceso de servir una stella artois comenzando con un bano de hielo y terminando con el primer sorbo y el caliz es una parte escencial '),
 ('19', 'field', '4', 'es_mx', ' ste gw 11 1 6ab16772 4730 4d50 ae2a 3a91d963a0f1 grande '),
 ('19', 'field', '3', 'es_mx', ''),
 ('19', 'field', '1', 'en_gb', ' las elegantes curvas del caliz de stella estan disenadas para maximizar la gasificacion y el sabor mientras que la cabeza conica concentra el aroma y promueve la espuma existe un ritual aunado al proceso de servir una stella artois comenzando con un bano de hielo y terminando con el primer sorbo y el caliz es una parte escencial '),
 ('19', 'field', '4', 'en_gb', ' ste gw 11 1 6ab16772 4730 4d50 ae2a 3a91d963a0f1 grande '),
 ('19', 'field', '3', 'en_gb', ''),
 ('20', 'sku', '0', 'en_us', ' ste gw 11 1 '),
 ('20', 'price', '0', 'en_us', ' 100 00 '),
 ('20', 'width', '0', 'en_us', ''),
 ('20', 'height', '0', 'en_us', ''),
 ('20', 'length', '0', 'en_us', ''),
 ('20', 'weight', '0', 'en_us', ''),
 ('20', 'stock', '0', 'en_us', ' 5016 '),
 ('20', 'unlimitedstock', '0', 'en_us', ''),
 ('20', 'minqty', '0', 'en_us', ''),
 ('20', 'maxqty', '0', 'en_us', ''),
 ('20', 'slug', '0', 'en_us', ''),
 ('20', 'title', '0', 'en_us', ' single '),
 ('21', 'sku', '0', 'en_us', ' ste gw 11 6 '),
 ('21', 'price', '0', 'en_us', ' 570 00 '),
 ('21', 'width', '0', 'en_us', ''),
 ('21', 'height', '0', 'en_us', ''),
 ('21', 'length', '0', 'en_us', ''),
 ('21', 'weight', '0', 'en_us', ''),
 ('21', 'stock', '0', 'en_us', ' 836 '),
 ('21', 'unlimitedstock', '0', 'en_us', ''),
 ('21', 'minqty', '0', 'en_us', ''),
 ('21', 'maxqty', '0', 'en_us', ''),
 ('21', 'slug', '0', 'en_us', ''),
 ('21', 'title', '0', 'en_us', ' 6 pack '),
 ('22', 'sku', '0', 'en_us', ' ste gw 11 24 '),
 ('22', 'price', '0', 'en_us', ' 2208 00 '),
 ('22', 'width', '0', 'en_us', ''),
 ('22', 'height', '0', 'en_us', ''),
 ('22', 'length', '0', 'en_us', ''),
 ('22', 'weight', '0', 'en_us', ''),
 ('22', 'stock', '0', 'en_us', ' 209 '),
 ('22', 'unlimitedstock', '0', 'en_us', ''),
 ('22', 'minqty', '0', 'en_us', ''),
 ('22', 'maxqty', '0', 'en_us', ''),
 ('22', 'slug', '0', 'en_us', ''),
 ('22', 'title', '0', 'en_us', ' 24 pack '),
 ('23', 'filename', '0', 'en_us', ' frwh b 355 1_grande png '),
 ('23', 'extension', '0', 'en_us', ' png '),
 ('23', 'kind', '0', 'en_us', ' image '),
 ('23', 'slug', '0', 'en_us', ''),
 ('23', 'title', '0', 'en_us', ' frwh b 355 1 grande '),
 ('5', 'field', '1', 'en_us', ' la cerveza frutal brumosa de color ambar franziskaner hefe weissbier hell es de cuerpo medio refrescante y fresca con sabor a platanos maracuya especias y malta facil y placentera al beberse esta cerveza de trigo es de fermentacion alta esta cerveza es elaborada en bavaria donde se sigue la receta producida desde 1363 '),
 ('5', 'field', '4', 'en_us', ' frwh b 355 1 grande '),
 ('5', 'field', '5', 'en_us', ''),
 ('5', 'field', '3', 'en_us', ''),
 ('24', 'price', '0', 'en_us', ' 234 00 '),
 ('24', 'width', '0', 'en_us', ''),
 ('24', 'height', '0', 'en_us', ''),
 ('24', 'length', '0', 'en_us', ''),
 ('24', 'weight', '0', 'en_us', ''),
 ('24', 'stock', '0', 'en_us', ' 999 '),
 ('24', 'unlimitedstock', '0', 'en_us', ''),
 ('24', 'minqty', '0', 'en_us', ''),
 ('24', 'maxqty', '0', 'en_us', ''),
 ('24', 'slug', '0', 'en_us', '');
INSERT INTO `craft_searchindex` (`elementId`, `attribute`, `fieldId`, `locale`, `keywords`) VALUES
 ('24', 'title', '0', 'en_us', ' 6 pack '),
 ('25', 'sku', '0', 'en_us', ' frwh b 500 12 '),
 ('25', 'price', '0', 'en_us', ' 468 00 '),
 ('25', 'width', '0', 'en_us', ''),
 ('25', 'height', '0', 'en_us', ''),
 ('25', 'length', '0', 'en_us', ''),
 ('25', 'weight', '0', 'en_us', ''),
 ('25', 'stock', '0', 'en_us', ' 999 '),
 ('25', 'unlimitedstock', '0', 'en_us', ''),
 ('25', 'minqty', '0', 'en_us', ''),
 ('25', 'maxqty', '0', 'en_us', ''),
 ('25', 'slug', '0', 'en_us', ''),
 ('25', 'title', '0', 'en_us', ' 12 pack '),
 ('26', 'sku', '0', 'en_us', ' frwh b 500 24 '),
 ('26', 'price', '0', 'en_us', ' 936 00 '),
 ('26', 'width', '0', 'en_us', ''),
 ('26', 'height', '0', 'en_us', ''),
 ('26', 'length', '0', 'en_us', ''),
 ('26', 'weight', '0', 'en_us', ''),
 ('26', 'stock', '0', 'en_us', ' 999 '),
 ('26', 'unlimitedstock', '0', 'en_us', ''),
 ('26', 'minqty', '0', 'en_us', ''),
 ('26', 'maxqty', '0', 'en_us', ''),
 ('26', 'slug', '0', 'en_us', ''),
 ('26', 'title', '0', 'en_us', ' 24 pack '),
 ('27', 'filename', '0', 'en_us', ' bec b 275 1_d9c58d1a 2192 47d7 bfdc ff48158c3a2c_grande png '),
 ('27', 'extension', '0', 'en_us', ' png '),
 ('27', 'kind', '0', 'en_us', ' image '),
 ('27', 'slug', '0', 'en_us', ''),
 ('27', 'title', '0', 'en_us', ' bec b 275 1 d9c58d1a 2192 47d7 bfdc ff48158c3a2c grande '),
 ('7', 'field', '1', 'en_us', ' beck s elaborada en bremen alemania es la cerveza alemana mas vendida en el mundo al dia de hoy se vende en mas de 90 paises tiene mucho sentido que beck s viaje por el mundo ya que bremen es una ciudad portuaria y la cerveceria se encuentra justo en el rio esta cerveza lager dorada tiene un sabor lupulado ligero y un final fresco es suficientemente versatil como para acompanarla con lo que sea especialmente con una buena compania '),
 ('7', 'field', '4', 'en_us', ' bec b 275 1 d9c58d1a 2192 47d7 bfdc ff48158c3a2c grande '),
 ('7', 'field', '5', 'en_us', ''),
 ('7', 'field', '3', 'en_us', ''),
 ('28', 'price', '0', 'en_us', ' 150 00 '),
 ('28', 'width', '0', 'en_us', ''),
 ('28', 'height', '0', 'en_us', ''),
 ('28', 'length', '0', 'en_us', ''),
 ('28', 'weight', '0', 'en_us', ''),
 ('28', 'stock', '0', 'en_us', ' 999 '),
 ('28', 'unlimitedstock', '0', 'en_us', ''),
 ('28', 'minqty', '0', 'en_us', ''),
 ('28', 'maxqty', '0', 'en_us', ''),
 ('28', 'slug', '0', 'en_us', ''),
 ('28', 'title', '0', 'en_us', ' 6 pack '),
 ('29', 'sku', '0', 'en_us', ' bec b 275 12 '),
 ('29', 'price', '0', 'en_us', ' 300 00 '),
 ('29', 'width', '0', 'en_us', ''),
 ('29', 'height', '0', 'en_us', ''),
 ('29', 'length', '0', 'en_us', ''),
 ('29', 'weight', '0', 'en_us', ''),
 ('29', 'stock', '0', 'en_us', ' 999 '),
 ('29', 'unlimitedstock', '0', 'en_us', ''),
 ('29', 'minqty', '0', 'en_us', ''),
 ('29', 'maxqty', '0', 'en_us', ''),
 ('29', 'slug', '0', 'en_us', ''),
 ('29', 'title', '0', 'en_us', ' 12 pack '),
 ('30', 'sku', '0', 'en_us', ' bec b 275 24 '),
 ('30', 'price', '0', 'en_us', ' 600 00 '),
 ('30', 'width', '0', 'en_us', ''),
 ('30', 'height', '0', 'en_us', ''),
 ('30', 'length', '0', 'en_us', ''),
 ('30', 'weight', '0', 'en_us', ''),
 ('30', 'stock', '0', 'en_us', ' 999 '),
 ('30', 'unlimitedstock', '0', 'en_us', ''),
 ('30', 'minqty', '0', 'en_us', ''),
 ('30', 'maxqty', '0', 'en_us', ''),
 ('30', 'slug', '0', 'en_us', ''),
 ('30', 'title', '0', 'en_us', ' 24 pack '),
 ('31', 'filename', '0', 'en_us', ' lefbr b 330 1_grande png '),
 ('31', 'extension', '0', 'en_us', ' png '),
 ('31', 'kind', '0', 'en_us', ' image '),
 ('31', 'slug', '0', 'en_us', ''),
 ('31', 'title', '0', 'en_us', ' lefbr b 330 1 grande '),
 ('9', 'field', '1', 'en_us', ' leffe brunne es una autentica cerveza de abadia la malta tostada oscura le otorga a la cerveza su color oscuro y cafe y su sabor ligeramente dulce su receta data de los anos 1200 cuando los monjes en dinant belgica en la abadia leffe comenzaron a purificar el agua convirtiendola en cerveza en un intento por evitar las epidemias de enfermedades transmitidas por el agua el resultado fue una cerveza oscura de gran cuerpo y los aldeanos de dinant y los peregrinos que pasaban por ahi fueron muy felices al compartirla '),
 ('9', 'field', '4', 'en_us', ' lefbr b 330 1 grande '),
 ('9', 'field', '5', 'en_us', ''),
 ('9', 'field', '3', 'en_us', ''),
 ('32', 'price', '0', 'en_us', ' 177 '),
 ('32', 'width', '0', 'en_us', ''),
 ('32', 'height', '0', 'en_us', ''),
 ('32', 'length', '0', 'en_us', ''),
 ('32', 'weight', '0', 'en_us', ''),
 ('32', 'stock', '0', 'en_us', ' 999 '),
 ('32', 'unlimitedstock', '0', 'en_us', ''),
 ('32', 'minqty', '0', 'en_us', ''),
 ('32', 'maxqty', '0', 'en_us', ''),
 ('32', 'slug', '0', 'en_us', ' 6 pack '),
 ('32', 'title', '0', 'en_us', ' 6 pack '),
 ('33', 'sku', '0', 'en_us', ' lefbr b 330 12 '),
 ('33', 'price', '0', 'en_us', ' 354 '),
 ('33', 'width', '0', 'en_us', ''),
 ('33', 'height', '0', 'en_us', ''),
 ('33', 'length', '0', 'en_us', ''),
 ('33', 'weight', '0', 'en_us', ''),
 ('33', 'stock', '0', 'en_us', ' 999 '),
 ('33', 'unlimitedstock', '0', 'en_us', ''),
 ('33', 'minqty', '0', 'en_us', ''),
 ('33', 'maxqty', '0', 'en_us', ''),
 ('33', 'slug', '0', 'en_us', ' 12 pack ');
INSERT INTO `craft_searchindex` (`elementId`, `attribute`, `fieldId`, `locale`, `keywords`) VALUES
 ('33', 'title', '0', 'en_us', ' 12 pack '),
 ('34', 'sku', '0', 'en_us', ' lefbr b 330 24 '),
 ('34', 'price', '0', 'en_us', ' 708 '),
 ('34', 'width', '0', 'en_us', ''),
 ('34', 'height', '0', 'en_us', ''),
 ('34', 'length', '0', 'en_us', ''),
 ('34', 'weight', '0', 'en_us', ''),
 ('34', 'stock', '0', 'en_us', ' 999 '),
 ('34', 'unlimitedstock', '0', 'en_us', ''),
 ('34', 'minqty', '0', 'en_us', ''),
 ('34', 'maxqty', '0', 'en_us', ''),
 ('34', 'slug', '0', 'en_us', ' 24 pack '),
 ('34', 'title', '0', 'en_us', ' 24 pack '),
 ('35', 'slug', '0', 'en_us', ' ale '),
 ('35', 'title', '0', 'en_us', ' ale '),
 ('36', 'slug', '0', 'en_us', ' lager '),
 ('36', 'title', '0', 'en_us', ' lager '),
 ('38', 'title', '0', 'en_us', ' coffee '),
 ('38', 'slug', '0', 'en_us', ' coffee '),
 ('38', 'slug', '0', 'es_mx', ' coffee '),
 ('38', 'title', '0', 'es_mx', ' cafe '),
 ('39', 'slug', '0', 'en_us', ' toasted '),
 ('39', 'title', '0', 'en_us', ' toasted '),
 ('39', 'slug', '0', 'es_mx', ' toasted '),
 ('39', 'title', '0', 'es_mx', ' tostado '),
 ('40', 'slug', '0', 'en_us', ' brown '),
 ('40', 'title', '0', 'en_us', ' brown '),
 ('40', 'slug', '0', 'es_mx', ' brown '),
 ('40', 'title', '0', 'es_mx', ' cafe '),
 ('41', 'slug', '0', 'en_us', ' blonde '),
 ('41', 'title', '0', 'en_us', ' blonde '),
 ('42', 'slug', '0', 'en_us', ' balanced '),
 ('42', 'title', '0', 'en_us', ' balanced '),
 ('42', 'slug', '0', 'es_mx', ' balanced '),
 ('42', 'title', '0', 'es_mx', ' equilibrado '),
 ('43', 'slug', '0', 'en_us', ' high alcohol '),
 ('43', 'title', '0', 'en_us', ' high alcohol '),
 ('43', 'slug', '0', 'es_mx', ' high alcohol '),
 ('43', 'title', '0', 'es_mx', ' alto contenido de alcohol '),
 ('9', 'field', '6', 'en_us', ' high alcohol balanced brown coffee toasted ale '),
 ('71', 'title', '0', 'en_us', ' main banner '),
 ('2', 'title', '0', 'es_mx', ' homepage '),
 ('68', 'field', '24', 'es_mx', ' familia leffe '),
 ('68', 'field', '22', 'es_mx', ' las mejores bebidas del mundo directo a tu casa '),
 ('71', 'slug', '0', 'en_us', ' main banner '),
 ('70', 'title', '0', 'en_us', ' promo incentive one '),
 ('68', 'slug', '0', 'es_mx', ''),
 ('70', 'extension', '0', 'en_us', ' png '),
 ('70', 'kind', '0', 'en_us', ' image '),
 ('2', 'slug', '0', 'es_mx', ' homepage '),
 ('68', 'field', '23', 'es_mx', ' compra ya '),
 ('71', 'field', '47', 'es_mx', ' some promo text promo incentive one '),
 ('71', 'field', '47', 'it_it', ' some promo text promo incentive one '),
 ('71', 'field', '47', 'en_us', ' some promo text promo incentive one and more promo incentive two and more and more promo incentive three a happy parcel promo incentive four '),
 ('70', 'slug', '0', 'en_us', ''),
 ('68', 'field', '25', 'es_mx', ''),
 ('45', 'kind', '0', 'en_us', ' image '),
 ('45', 'slug', '0', 'en_us', ''),
 ('45', 'title', '0', 'en_us', ' cerveza leffe blond product f613c693 de9f 49b0 82a1 408815d3f6d4 1024x1024 '),
 ('46', 'slug', '0', 'en_us', ' golden '),
 ('46', 'title', '0', 'en_us', ' golden '),
 ('47', 'field', '1', 'en_us', ' haciendo de lo extraordinario algo simplemente perfecto leffe es una cerveza cuyo historial se remonta al ano 1240 de sabor seco frutal y ligeramente especiado esta belgian abbey ale ofrece un perfecto balance de fuerza y sutileza el amargor es delicado dejando una agradable sensacion despues de probarla especiada con clavo de olor crea un sabor exotico y condimentado '),
 ('47', 'field', '4', 'en_us', ' cerveza leffe blond product f613c693 de9f 49b0 82a1 408815d3f6d4 1024x1024 '),
 ('47', 'field', '6', 'en_us', ' 6 6 golden belgium ale '),
 ('47', 'field', '5', 'en_us', ''),
 ('47', 'field', '3', 'en_us', ''),
 ('47', 'title', '0', 'en_us', ' leffe blond '),
 ('47', 'defaultsku', '0', 'en_us', ''),
 ('47', 'slug', '0', 'en_us', ' leffe blond '),
 ('47', 'field', '1', 'it_it', ' haciendo de lo extraordinario algo simplemente perfecto leffe es una cerveza cuyo historial se remonta al ano 1240 de sabor seco frutal y ligeramente especiado esta belgian abbey ale ofrece un perfecto balance de fuerza y sutileza el amargor es delicado dejando una agradable sensacion despues de probarla especiada con clavo de olor crea un sabor exotico y condimentado '),
 ('47', 'field', '4', 'it_it', ' cerveza leffe blond product f613c693 de9f 49b0 82a1 408815d3f6d4 1024x1024 '),
 ('47', 'field', '6', 'it_it', ' 6 6 golden belgium ale '),
 ('47', 'field', '5', 'it_it', ''),
 ('47', 'field', '3', 'it_it', ''),
 ('47', 'field', '1', 'es_mx', ' haciendo de lo extraordinario algo simplemente perfecto leffe es una cerveza cuyo historial se remonta al ano 1240 de sabor seco frutal y ligeramente especiado esta belgian abbey ale ofrece un perfecto balance de fuerza y sutileza el amargor es delicado dejando una agradable sensacion despues de probarla especiada con clavo de olor crea un sabor exotico y condimentado '),
 ('47', 'field', '4', 'es_mx', ' cerveza leffe blond product f613c693 de9f 49b0 82a1 408815d3f6d4 1024x1024 '),
 ('47', 'field', '6', 'es_mx', ' 6 6 golden belgium ale '),
 ('47', 'field', '5', 'es_mx', ''),
 ('47', 'field', '3', 'es_mx', ''),
 ('47', 'field', '1', 'en_gb', ' haciendo de lo extraordinario algo simplemente perfecto leffe es una cerveza cuyo historial se remonta al ano 1240 de sabor seco frutal y ligeramente especiado esta belgian abbey ale ofrece un perfecto balance de fuerza y sutileza el amargor es delicado dejando una agradable sensacion despues de probarla especiada con clavo de olor crea un sabor exotico y condimentado '),
 ('47', 'field', '4', 'en_gb', ' cerveza leffe blond product f613c693 de9f 49b0 82a1 408815d3f6d4 1024x1024 '),
 ('47', 'field', '6', 'en_gb', ' 6 6 golden belgium ale '),
 ('47', 'field', '5', 'en_gb', ''),
 ('47', 'field', '3', 'en_gb', ''),
 ('69', 'kind', '0', 'en_us', ' image '),
 ('69', 'slug', '0', 'en_us', ''),
 ('69', 'title', '0', 'en_us', ' welcome large '),
 ('68', 'field', '20', 'es_mx', ' welcome large '),
 ('70', 'filename', '0', 'en_us', ' promo_incentive_one png '),
 ('68', 'field', '21', 'es_mx', ' bienvenido a bevybar '),
 ('2', 'field', '19', 'es_mx', ' welcome large las mejores bebidas del mundo directo a tu casa familia leffe compra ya bienvenido a bevybar main banners cervezas familia leffe ver todos los productos a new toga romper for a red eye parka with stripes on back leffe blond the fleece awakens productos destacados '),
 ('68', 'field', '20', 'en_us', ' welcome large '),
 ('68', 'field', '21', 'en_us', ' welcome to bevybar '),
 ('68', 'field', '22', 'en_us', ' the best drinks direct to your home '),
 ('68', 'field', '23', 'en_us', ' buy now '),
 ('68', 'field', '24', 'en_us', ' familia leffe '),
 ('68', 'field', '25', 'en_us', ''),
 ('68', 'slug', '0', 'en_us', ''),
 ('69', 'filename', '0', 'en_us', ' welcome_large jpg '),
 ('69', 'extension', '0', 'en_us', ' jpg ');
INSERT INTO `craft_searchindex` (`elementId`, `attribute`, `fieldId`, `locale`, `keywords`) VALUES
 ('49', 'sku', '0', 'en_us', ' lef b 330 1 '),
 ('49', 'price', '0', 'en_us', ' 50 00 '),
 ('49', 'width', '0', 'en_us', ' 0 '),
 ('49', 'height', '0', 'en_us', ' 0 '),
 ('49', 'length', '0', 'en_us', ' 0 '),
 ('49', 'weight', '0', 'en_us', ' 0 '),
 ('49', 'stock', '0', 'en_us', ' 999 '),
 ('49', 'unlimitedstock', '0', 'en_us', ''),
 ('49', 'minqty', '0', 'en_us', ''),
 ('49', 'maxqty', '0', 'en_us', ''),
 ('49', 'slug', '0', 'en_us', ''),
 ('49', 'title', '0', 'en_us', ' single '),
 ('50', 'sku', '0', 'en_us', ' lef b 330 6 '),
 ('50', 'price', '0', 'en_us', ' 300 00 '),
 ('50', 'width', '0', 'en_us', ' 0 '),
 ('50', 'height', '0', 'en_us', ' 0 '),
 ('50', 'length', '0', 'en_us', ' 0 '),
 ('50', 'weight', '0', 'en_us', ' 0 '),
 ('50', 'stock', '0', 'en_us', ' 633 '),
 ('50', 'unlimitedstock', '0', 'en_us', ''),
 ('50', 'minqty', '0', 'en_us', ''),
 ('50', 'maxqty', '0', 'en_us', ''),
 ('50', 'slug', '0', 'en_us', ''),
 ('50', 'title', '0', 'en_us', ' 6 pack '),
 ('51', 'sku', '0', 'en_us', ' lef b 330 12 '),
 ('51', 'price', '0', 'en_us', ' 600 00 '),
 ('51', 'width', '0', 'en_us', ' 0 '),
 ('51', 'height', '0', 'en_us', ' 0 '),
 ('51', 'length', '0', 'en_us', ' 0 '),
 ('51', 'weight', '0', 'en_us', ' 0 '),
 ('51', 'stock', '0', 'en_us', ' 316 '),
 ('51', 'unlimitedstock', '0', 'en_us', ''),
 ('51', 'minqty', '0', 'en_us', ''),
 ('51', 'maxqty', '0', 'en_us', ''),
 ('51', 'slug', '0', 'en_us', ''),
 ('51', 'title', '0', 'en_us', ' 12 pack '),
 ('52', 'sku', '0', 'en_us', ' lef b 330 24 '),
 ('52', 'price', '0', 'en_us', ' 1200 00 '),
 ('52', 'width', '0', 'en_us', ' 0 '),
 ('52', 'height', '0', 'en_us', ' 0 '),
 ('52', 'length', '0', 'en_us', ' 0 '),
 ('52', 'weight', '0', 'en_us', ' 0 '),
 ('52', 'stock', '0', 'en_us', ' 158 '),
 ('52', 'unlimitedstock', '0', 'en_us', ''),
 ('52', 'minqty', '0', 'en_us', ''),
 ('52', 'maxqty', '0', 'en_us', ''),
 ('52', 'slug', '0', 'en_us', ''),
 ('52', 'title', '0', 'en_us', ' 24 pack '),
 ('53', 'filename', '0', 'en_us', ' copas leffe 1000x2048_grande jpg '),
 ('53', 'extension', '0', 'en_us', ' jpg '),
 ('53', 'kind', '0', 'en_us', ' image '),
 ('53', 'slug', '0', 'en_us', ''),
 ('53', 'title', '0', 'en_us', ' copas leffe 1000x2048 grande '),
 ('54', 'filename', '0', 'en_us', ' copas leffe 1000x2048_grande jpg '),
 ('54', 'extension', '0', 'en_us', ' jpg '),
 ('54', 'kind', '0', 'en_us', ' image '),
 ('54', 'slug', '0', 'en_us', ''),
 ('54', 'title', '0', 'en_us', ' copas leffe 1000x2048 grande '),
 ('55', 'field', '1', 'en_us', ' si tomar una leffe es todauna experiencia unica hacerlo en su copa especialmente disenada lo es aun mas con un diseno elegante a la altura de la cerveza que contieneyun formato que permite resaltar aromas el chalice leffe es el lugar ideal para servir la famosa cerveza belga '),
 ('55', 'field', '4', 'en_us', ' copas leffe 1000x2048 grande '),
 ('55', 'field', '3', 'en_us', ''),
 ('55', 'title', '0', 'en_us', ' chalice leffe '),
 ('55', 'defaultsku', '0', 'en_us', ''),
 ('55', 'slug', '0', 'en_us', ' chalice leffe '),
 ('55', 'field', '1', 'it_it', ' si tomar una leffe es todauna experiencia unica hacerlo en su copa especialmente disenada lo es aun mas con un diseno elegante a la altura de la cerveza que contieneyun formato que permite resaltar aromas el chalice leffe es el lugar ideal para servir la famosa cerveza belga '),
 ('55', 'field', '4', 'it_it', ' copas leffe 1000x2048 grande '),
 ('55', 'field', '3', 'it_it', ''),
 ('55', 'field', '1', 'es_mx', ' si tomar una leffe es todauna experiencia unica hacerlo en su copa especialmente disenada lo es aun mas con un diseno elegante a la altura de la cerveza que contieneyun formato que permite resaltar aromas el chalice leffe es el lugar ideal para servir la famosa cerveza belga '),
 ('55', 'field', '4', 'es_mx', ' copas leffe 1000x2048 grande '),
 ('55', 'field', '3', 'es_mx', ''),
 ('55', 'field', '1', 'en_gb', ' si tomar una leffe es todauna experiencia unica hacerlo en su copa especialmente disenada lo es aun mas con un diseno elegante a la altura de la cerveza que contieneyun formato que permite resaltar aromas el chalice leffe es el lugar ideal para servir la famosa cerveza belga '),
 ('55', 'field', '4', 'en_gb', ' copas leffe 1000x2048 grande '),
 ('55', 'field', '3', 'en_gb', ''),
 ('56', 'sku', '0', 'en_us', ' lef gw 01 1 '),
 ('56', 'price', '0', 'en_us', ' 150 00 '),
 ('56', 'width', '0', 'en_us', ' 0 '),
 ('56', 'height', '0', 'en_us', ' 0 '),
 ('56', 'length', '0', 'en_us', ' 0 '),
 ('56', 'weight', '0', 'en_us', ' 0 '),
 ('56', 'stock', '0', 'en_us', ' 999 '),
 ('56', 'unlimitedstock', '0', 'en_us', ''),
 ('56', 'minqty', '0', 'en_us', ''),
 ('56', 'maxqty', '0', 'en_us', ''),
 ('56', 'slug', '0', 'en_us', ''),
 ('56', 'title', '0', 'en_us', ' single '),
 ('57', 'filename', '0', 'en_us', ' leffe_grande_grande png '),
 ('57', 'extension', '0', 'en_us', ' png '),
 ('57', 'kind', '0', 'en_us', ' image '),
 ('57', 'slug', '0', 'en_us', ''),
 ('57', 'title', '0', 'en_us', ' leffe grande grande '),
 ('58', 'field', '1', 'en_us', ' haciendo de lo extraordinario algo simplemente perfecto leffe es una cerveza cuyo historial se remonta al ano 1240 de sabor seco frutal y ligeramente especiado esta belgian abbey ale ofrece un perfecto balance de fuerza y sutileza el amargor es delicado dejando una agradable sensacion despues de probarla especiada con clavo de olor crea un sabor exotico y condimentado su chalice ya es tambien una insignia de esta marca ycompleta este pack de manera inmejorable '),
 ('58', 'field', '4', 'en_us', ' leffe grande grande '),
 ('58', 'field', '15', 'en_us', ' leffe blond 8 chalice leffe 2 '),
 ('58', 'field', '3', 'en_us', ''),
 ('58', 'title', '0', 'en_us', ' familia leffe '),
 ('58', 'defaultsku', '0', 'en_us', ''),
 ('58', 'slug', '0', 'en_us', ' familia leffe '),
 ('58', 'field', '1', 'it_it', ' haciendo de lo extraordinario algo simplemente perfecto leffe es una cerveza cuyo historial se remonta al ano 1240 de sabor seco frutal y ligeramente especiado esta belgian abbey ale ofrece un perfecto balance de fuerza y sutileza el amargor es delicado dejando una agradable sensacion despues de probarla especiada con clavo de olor crea un sabor exotico y condimentado su chalice ya es tambien una insignia de esta marca ycompleta este pack de manera inmejorable '),
 ('58', 'field', '4', 'it_it', ' leffe grande grande '),
 ('58', 'field', '15', 'it_it', ' leffe blond 8 chalice leffe 2 ');
INSERT INTO `craft_searchindex` (`elementId`, `attribute`, `fieldId`, `locale`, `keywords`) VALUES
 ('58', 'field', '3', 'it_it', ''),
 ('58', 'field', '1', 'es_mx', ' haciendo de lo extraordinario algo simplemente perfecto leffe es una cerveza cuyo historial se remonta al ano 1240 de sabor seco frutal y ligeramente especiado esta belgian abbey ale ofrece un perfecto balance de fuerza y sutileza el amargor es delicado dejando una agradable sensacion despues de probarla especiada con clavo de olor crea un sabor exotico y condimentado su chalice ya es tambien una insignia de esta marca ycompleta este pack de manera inmejorable '),
 ('58', 'field', '4', 'es_mx', ' leffe grande grande '),
 ('58', 'field', '15', 'es_mx', ' leffe blond 8 chalice leffe 2 '),
 ('58', 'field', '3', 'es_mx', ''),
 ('58', 'field', '1', 'en_gb', ' haciendo de lo extraordinario algo simplemente perfecto leffe es una cerveza cuyo historial se remonta al ano 1240 de sabor seco frutal y ligeramente especiado esta belgian abbey ale ofrece un perfecto balance de fuerza y sutileza el amargor es delicado dejando una agradable sensacion despues de probarla especiada con clavo de olor crea un sabor exotico y condimentado su chalice ya es tambien una insignia de esta marca ycompleta este pack de manera inmejorable '),
 ('58', 'field', '4', 'en_gb', ' leffe grande grande '),
 ('58', 'field', '15', 'en_gb', ' leffe blond 8 chalice leffe 2 '),
 ('58', 'field', '3', 'en_gb', ''),
 ('59', 'field', '16', 'en_us', ' leffe blond '),
 ('59', 'field', '17', 'en_us', ' 8 '),
 ('59', 'slug', '0', 'en_us', ''),
 ('59', 'field', '16', 'it_it', ' leffe blond '),
 ('59', 'field', '17', 'it_it', ' 8 '),
 ('59', 'field', '16', 'es_mx', ' leffe blond '),
 ('59', 'field', '17', 'es_mx', ' 8 '),
 ('59', 'field', '16', 'en_gb', ' leffe blond '),
 ('59', 'field', '17', 'en_gb', ' 8 '),
 ('60', 'field', '16', 'en_us', ' chalice leffe '),
 ('60', 'field', '17', 'en_us', ' 2 '),
 ('60', 'slug', '0', 'en_us', ''),
 ('60', 'field', '16', 'it_it', ' chalice leffe '),
 ('60', 'field', '17', 'it_it', ' 2 '),
 ('60', 'field', '16', 'es_mx', ' chalice leffe '),
 ('60', 'field', '17', 'es_mx', ' 2 '),
 ('60', 'field', '16', 'en_gb', ' chalice leffe '),
 ('60', 'field', '17', 'en_gb', ' 2 '),
 ('61', 'sku', '0', 'en_us', ' flm bp 10 '),
 ('61', 'price', '0', 'en_us', ' 700 00 '),
 ('61', 'width', '0', 'en_us', ' 0 '),
 ('61', 'height', '0', 'en_us', ' 0 '),
 ('61', 'length', '0', 'en_us', ' 0 '),
 ('61', 'weight', '0', 'en_us', ' 0 '),
 ('61', 'stock', '0', 'en_us', ' 475 '),
 ('61', 'unlimitedstock', '0', 'en_us', ''),
 ('61', 'minqty', '0', 'en_us', ''),
 ('61', 'maxqty', '0', 'en_us', ''),
 ('61', 'slug', '0', 'en_us', ''),
 ('61', 'title', '0', 'en_us', ' single '),
 ('2', 'field', '19', 'en_us', ' welcome large the best drinks direct to your home familia leffe buy now welcome to bevybar main banner beers familia leffe view all products agua mala mantis becks 275 franziskaner weizen hell leffe blond leffe brune featured products familia leffe leffe blond home marketing one 1440x light statement regarding this marketing message should highlight a collection familia leffe view story 0 storytelling marketing box left '),
 ('72', 'field', '48', 'en_us', ' promo incentive one '),
 ('71', 'field', '47', 'en_gb', ' some promo text promo incentive one '),
 ('66', 'title', '0', 'en_us', ' belgium '),
 ('66', 'slug', '0', 'en_us', ' belgium '),
 ('72', 'field', '49', 'en_us', ' some promo text '),
 ('72', 'slug', '0', 'en_us', ''),
 ('72', 'field', '48', 'it_it', ' promo incentive one '),
 ('72', 'field', '49', 'it_it', ' some promo text '),
 ('72', 'field', '48', 'es_mx', ' promo incentive one '),
 ('72', 'field', '49', 'es_mx', ' some promo text '),
 ('72', 'field', '48', 'en_gb', ' promo incentive one '),
 ('72', 'field', '49', 'en_gb', ' some promo text '),
 ('73', 'filename', '0', 'en_us', ' promo_incentive_two png '),
 ('73', 'extension', '0', 'en_us', ' png '),
 ('73', 'kind', '0', 'en_us', ' image '),
 ('73', 'slug', '0', 'en_us', ''),
 ('73', 'title', '0', 'en_us', ' promo incentive two '),
 ('74', 'filename', '0', 'en_us', ' promo_incentive_three png '),
 ('74', 'extension', '0', 'en_us', ' png '),
 ('74', 'kind', '0', 'en_us', ' image '),
 ('74', 'slug', '0', 'en_us', ''),
 ('74', 'title', '0', 'en_us', ' promo incentive three '),
 ('75', 'filename', '0', 'en_us', ' promo_incentive_four png '),
 ('75', 'extension', '0', 'en_us', ' png '),
 ('75', 'kind', '0', 'en_us', ' image '),
 ('75', 'slug', '0', 'en_us', ''),
 ('75', 'title', '0', 'en_us', ' promo incentive four '),
 ('76', 'field', '48', 'en_us', ' promo incentive two '),
 ('76', 'field', '49', 'en_us', ' and more '),
 ('76', 'slug', '0', 'en_us', ''),
 ('76', 'field', '48', 'it_it', ' promo incentive two '),
 ('76', 'field', '49', 'it_it', ' and more '),
 ('76', 'field', '48', 'es_mx', ' promo incentive two '),
 ('76', 'field', '49', 'es_mx', ' and more '),
 ('76', 'field', '48', 'en_gb', ' promo incentive two '),
 ('76', 'field', '49', 'en_gb', ' and more '),
 ('77', 'field', '48', 'en_us', ' promo incentive three '),
 ('77', 'field', '49', 'en_us', ' and more and more '),
 ('77', 'slug', '0', 'en_us', ''),
 ('77', 'field', '48', 'it_it', ' promo incentive three '),
 ('77', 'field', '49', 'it_it', ' and more and more '),
 ('77', 'field', '48', 'es_mx', ' promo incentive three '),
 ('77', 'field', '49', 'es_mx', ' and more and more '),
 ('77', 'field', '48', 'en_gb', ' promo incentive three '),
 ('77', 'field', '49', 'en_gb', ' and more and more '),
 ('78', 'field', '48', 'en_us', ' promo incentive four '),
 ('78', 'field', '49', 'en_us', ' a happy parcel '),
 ('78', 'slug', '0', 'en_us', ''),
 ('78', 'field', '48', 'it_it', ' promo incentive four '),
 ('78', 'field', '49', 'it_it', ' a happy parcel '),
 ('78', 'field', '48', 'es_mx', ' promo incentive four '),
 ('78', 'field', '49', 'es_mx', ' a happy parcel '),
 ('78', 'field', '48', 'en_gb', ' promo incentive four '),
 ('78', 'field', '49', 'en_gb', ' a happy parcel '),
 ('79', 'field', '56', 'en_us', ' main banner '),
 ('79', 'slug', '0', 'en_us', ''),
 ('79', 'field', '56', 'es_mx', ' main banners '),
 ('80', 'field', '26', 'en_us', ' beers '),
 ('80', 'field', '27', 'en_us', ' agua mala mantis becks 275 franziskaner weizen hell leffe blond leffe brune '),
 ('80', 'field', '28', 'en_us', ' view all products ');
INSERT INTO `craft_searchindex` (`elementId`, `attribute`, `fieldId`, `locale`, `keywords`) VALUES
 ('80', 'field', '29', 'en_us', ' familia leffe '),
 ('80', 'slug', '0', 'en_us', ''),
 ('80', 'field', '26', 'es_mx', ' cervezas '),
 ('80', 'field', '27', 'es_mx', ' a new toga romper for a red eye parka with stripes on back leffe blond the fleece awakens '),
 ('80', 'field', '28', 'es_mx', ' ver todos los productos '),
 ('80', 'field', '29', 'es_mx', ' familia leffe '),
 ('79', 'slug', '0', 'es_mx', ''),
 ('80', 'slug', '0', 'es_mx', ''),
 ('81', 'field', '30', 'en_us', ' featured products '),
 ('81', 'field', '31', 'en_us', ' familia leffe leffe blond '),
 ('81', 'slug', '0', 'en_us', ''),
 ('81', 'field', '30', 'es_mx', ' productos destacados '),
 ('81', 'field', '31', 'es_mx', ''),
 ('81', 'slug', '0', 'es_mx', ''),
 ('82', 'field', '32', 'en_us', ' home marketing one 1440x '),
 ('82', 'field', '33', 'en_us', ' storytelling marketing box '),
 ('82', 'field', '34', 'en_us', ' light statement regarding this marketing message should highlight a collection '),
 ('82', 'field', '58', 'en_us', ' left '),
 ('82', 'field', '35', 'en_us', ' view story '),
 ('82', 'field', '36', 'en_us', ' familia leffe '),
 ('82', 'slug', '0', 'en_us', ''),
 ('82', 'field', '32', 'es_mx', ''),
 ('82', 'field', '33', 'es_mx', ' storytelling marketing box '),
 ('82', 'field', '34', 'es_mx', ' light statement regarding this marketing message should highlight a collection '),
 ('82', 'field', '58', 'es_mx', ' left '),
 ('82', 'field', '35', 'es_mx', ' view story '),
 ('82', 'field', '36', 'es_mx', ' familia leffe '),
 ('83', 'filename', '0', 'en_us', ' home_marketing_one_1440x jpg '),
 ('83', 'extension', '0', 'en_us', ' jpg '),
 ('83', 'kind', '0', 'en_us', ' image '),
 ('83', 'slug', '0', 'en_us', ''),
 ('83', 'title', '0', 'en_us', ' home marketing one 1440x '),
 ('82', 'field', '59', 'en_us', ''),
 ('82', 'field', '59', 'es_mx', ''),
 ('82', 'field', '60', 'en_us', ' 0 '),
 ('82', 'field', '60', 'es_mx', ' 0 '),
 ('84', 'slug', '0', 'en_us', ' leffe '),
 ('84', 'title', '0', 'en_us', ' leffe '),
 ('85', 'slug', '0', 'en_us', ''),
 ('85', 'field', '61', 'en_us', ' 1 '),
 ('85', 'field', '62', 'en_us', ' shipping to the whole country and up to 12 month no interest '),
 ('85', 'field', '63', 'en_us', ' http www zxcraft dev '),
 ('85', 'field', '61', 'en_gb', ' 1 '),
 ('85', 'field', '62', 'en_gb', ''),
 ('85', 'field', '63', 'en_gb', ' http www zxcraft dev '),
 ('85', 'field', '61', 'es_mx', ' 1 '),
 ('85', 'field', '62', 'es_mx', ''),
 ('85', 'field', '63', 'es_mx', ' http www zxcraft dev '),
 ('85', 'field', '61', 'it_it', ' 1 '),
 ('85', 'field', '62', 'it_it', ''),
 ('85', 'field', '63', 'it_it', ' http www zxcraft dev ');



DROP TABLE IF EXISTS `craft_sections`;


--
-- Schema for table `craft_sections`
--
CREATE TABLE `craft_sections` (
  `id` int(11) NOT NULL AUTO_INCREMENT,
  `structureId` int(11) DEFAULT NULL,
  `name` varchar(255) COLLATE utf8_unicode_ci NOT NULL,
  `handle` varchar(255) COLLATE utf8_unicode_ci NOT NULL,
  `type` enum('single','channel','structure') COLLATE utf8_unicode_ci NOT NULL DEFAULT 'channel',
  `hasUrls` tinyint(1) unsigned NOT NULL DEFAULT '1',
  `template` varchar(500) COLLATE utf8_unicode_ci DEFAULT NULL,
  `enableVersioning` tinyint(1) unsigned NOT NULL DEFAULT '0',
  `dateCreated` datetime NOT NULL,
  `dateUpdated` datetime NOT NULL,
  `uid` char(36) COLLATE utf8_unicode_ci NOT NULL DEFAULT '0',
  PRIMARY KEY (`id`),
  UNIQUE KEY `craft_sections_name_unq_idx` (`name`),
  UNIQUE KEY `craft_sections_handle_unq_idx` (`handle`),
  KEY `craft_sections_structureId_fk` (`structureId`)
) ENGINE=InnoDB AUTO_INCREMENT=6 DEFAULT CHARSET=utf8 COLLATE=utf8_unicode_ci;

--
-- Data for table `craft_sections`
--

INSERT INTO `craft_sections` (`id`, `structureId`, `name`, `handle`, `type`, `hasUrls`, `template`, `enableVersioning`, `dateCreated`, `dateUpdated`, `uid`) VALUES
 ('1', NULL, 'Homepage', 'homepage', 'single', '1', '/views/index', '1', '2016-09-07 22:57:55', '2016-09-14 00:59:12', '8ca31bbc-57e4-42a0-89a5-39678e56d9b5'),
 ('3', NULL, 'Banners', 'banners', 'channel', '0', NULL, '1', '2016-09-09 00:20:14', '2016-09-09 00:20:14', '56152bd1-de71-475d-91ec-0e95bb99cb2b'),
 ('5', NULL, 'Info', 'info', 'channel', '0', NULL, '1', '2016-09-09 00:22:50', '2016-09-09 00:22:50', '31395d46-51f8-4557-935e-215783be8aa9');



DROP TABLE IF EXISTS `craft_sections_i18n`;


--
-- Schema for table `craft_sections_i18n`
--
CREATE TABLE `craft_sections_i18n` (
  `id` int(11) NOT NULL AUTO_INCREMENT,
  `sectionId` int(11) NOT NULL,
  `locale` char(12) COLLATE utf8_unicode_ci NOT NULL,
  `enabledByDefault` tinyint(1) unsigned NOT NULL DEFAULT '1',
  `urlFormat` text COLLATE utf8_unicode_ci,
  `nestedUrlFormat` text COLLATE utf8_unicode_ci,
  `dateCreated` datetime NOT NULL,
  `dateUpdated` datetime NOT NULL,
  `uid` char(36) COLLATE utf8_unicode_ci NOT NULL DEFAULT '0',
  PRIMARY KEY (`id`),
  UNIQUE KEY `craft_sections_i18n_sectionId_locale_unq_idx` (`sectionId`,`locale`),
  KEY `craft_sections_i18n_locale_fk` (`locale`)
) ENGINE=InnoDB AUTO_INCREMENT=19 DEFAULT CHARSET=utf8 COLLATE=utf8_unicode_ci;

--
-- Data for table `craft_sections_i18n`
--

INSERT INTO `craft_sections_i18n` (`id`, `sectionId`, `locale`, `enabledByDefault`, `urlFormat`, `nestedUrlFormat`, `dateCreated`, `dateUpdated`, `uid`) VALUES
 ('1', '1', 'en_us', '1', '__home__', NULL, '2016-09-07 22:57:55', '2016-09-07 22:57:55', 'bbf4f41e-a7ec-48ea-a628-1ddc9b81e3f3'),
 ('6', '3', 'en_us', '1', NULL, NULL, '2016-09-09 00:20:14', '2016-09-09 00:20:14', '3a2a6f65-51d3-440e-8dcb-154132c0601b'),
 ('7', '3', 'it_it', '1', NULL, NULL, '2016-09-09 00:20:14', '2016-09-09 00:20:14', '70aae75d-b411-4c7b-8b69-7d145e85f2a4'),
 ('8', '3', 'es_mx', '1', NULL, NULL, '2016-09-09 00:20:14', '2016-09-09 00:20:14', '78fd4466-3e03-4b6c-985f-6005d10acee6'),
 ('9', '3', 'en_gb', '1', NULL, NULL, '2016-09-09 00:20:14', '2016-09-09 00:20:14', 'ed92d902-a225-4aca-b023-46c6a22cec2a'),
 ('14', '5', 'en_us', '1', NULL, NULL, '2016-09-09 00:22:50', '2016-09-09 00:22:50', 'eb032582-bd4e-49ed-b745-b06a4a9cb664'),
 ('15', '5', 'it_it', '1', NULL, NULL, '2016-09-09 00:22:50', '2016-09-09 00:22:50', 'be4b8fb2-d53b-4613-9b70-13e183132d02'),
 ('16', '5', 'es_mx', '1', NULL, NULL, '2016-09-09 00:22:50', '2016-09-09 00:22:50', 'e5f90645-b80a-4f46-abf0-ac4495c5a8eb'),
 ('17', '5', 'en_gb', '1', NULL, NULL, '2016-09-09 00:22:50', '2016-09-09 00:22:50', '247dd854-8a4f-49e9-b9ed-01146cb794c4'),
 ('18', '1', 'es_mx', '1', '__home__', NULL, '2016-09-13 00:57:54', '2016-09-13 00:57:54', '03743a2d-85e1-48d4-86f7-addc0ed7ca8c');



DROP TABLE IF EXISTS `craft_sessions`;


--
-- Schema for table `craft_sessions`
--
CREATE TABLE `craft_sessions` (
  `id` int(11) NOT NULL AUTO_INCREMENT,
  `userId` int(11) NOT NULL,
  `token` char(100) COLLATE utf8_unicode_ci NOT NULL,
  `dateCreated` datetime NOT NULL,
  `dateUpdated` datetime NOT NULL,
  `uid` char(36) COLLATE utf8_unicode_ci NOT NULL DEFAULT '0',
  PRIMARY KEY (`id`),
  KEY `craft_sessions_uid_idx` (`uid`),
  KEY `craft_sessions_token_idx` (`token`),
  KEY `craft_sessions_dateUpdated_idx` (`dateUpdated`),
  KEY `craft_sessions_userId_fk` (`userId`)
) ENGINE=InnoDB AUTO_INCREMENT=24 DEFAULT CHARSET=utf8 COLLATE=utf8_unicode_ci;

DROP TABLE IF EXISTS `craft_shunnedmessages`;


--
-- Schema for table `craft_shunnedmessages`
--
CREATE TABLE `craft_shunnedmessages` (
  `id` int(11) NOT NULL AUTO_INCREMENT,
  `userId` int(11) NOT NULL,
  `message` varchar(255) COLLATE utf8_unicode_ci NOT NULL,
  `expiryDate` datetime DEFAULT NULL,
  `dateCreated` datetime NOT NULL,
  `dateUpdated` datetime NOT NULL,
  `uid` char(36) COLLATE utf8_unicode_ci NOT NULL DEFAULT '0',
  PRIMARY KEY (`id`),
  UNIQUE KEY `craft_shunnedmessages_userId_message_unq_idx` (`userId`,`message`)
) ENGINE=InnoDB DEFAULT CHARSET=utf8 COLLATE=utf8_unicode_ci;

DROP TABLE IF EXISTS `craft_structureelements`;


--
-- Schema for table `craft_structureelements`
--
CREATE TABLE `craft_structureelements` (
  `id` int(11) NOT NULL AUTO_INCREMENT,
  `structureId` int(11) NOT NULL,
  `elementId` int(11) DEFAULT NULL,
  `root` int(11) unsigned DEFAULT NULL,
  `lft` int(11) unsigned NOT NULL,
  `rgt` int(11) unsigned NOT NULL,
  `level` smallint(6) unsigned NOT NULL,
  `dateCreated` datetime NOT NULL,
  `dateUpdated` datetime NOT NULL,
  `uid` char(36) COLLATE utf8_unicode_ci NOT NULL DEFAULT '0',
  PRIMARY KEY (`id`),
  UNIQUE KEY `craft_structureelements_structureId_elementId_unq_idx` (`structureId`,`elementId`),
  KEY `craft_structureelements_root_idx` (`root`),
  KEY `craft_structureelements_lft_idx` (`lft`),
  KEY `craft_structureelements_rgt_idx` (`rgt`),
  KEY `craft_structureelements_level_idx` (`level`),
  KEY `craft_structureelements_elementId_fk` (`elementId`)
) ENGINE=InnoDB AUTO_INCREMENT=21 DEFAULT CHARSET=utf8 COLLATE=utf8_unicode_ci;

--
-- Data for table `craft_structureelements`
--

INSERT INTO `craft_structureelements` (`id`, `structureId`, `elementId`, `root`, `lft`, `rgt`, `level`, `dateCreated`, `dateUpdated`, `uid`) VALUES
 ('1', '1', NULL, '1', '1', '6', '0', '2016-09-08 15:58:35', '2016-09-08 15:58:35', 'd334a03a-3ca2-43eb-93d8-c46441e3f436'),
 ('2', '1', '35', '1', '2', '3', '1', '2016-09-08 15:58:35', '2016-09-08 15:58:35', '48715c3b-203a-470d-8445-617d9948e046'),
 ('3', '1', '36', '1', '4', '5', '1', '2016-09-08 15:58:58', '2016-09-08 15:58:58', '3704d085-b765-4584-a77f-535b6a184682'),
 ('5', '2', NULL, '5', '1', '6', '0', '2016-09-08 16:01:49', '2016-09-08 16:01:49', 'e96dd3e7-a505-4e46-9c94-766d4b398d5c'),
 ('6', '2', '38', '5', '2', '3', '1', '2016-09-08 16:01:49', '2016-09-08 16:01:49', 'a04d2ae0-a7ec-4755-9f94-c0627f8bb7e2'),
 ('7', '2', '39', '5', '4', '5', '1', '2016-09-08 16:02:54', '2016-09-08 16:02:54', 'a9597e00-03cd-496e-938f-9890b3b1c5aa'),
 ('8', '3', NULL, '8', '1', '8', '0', '2016-09-08 16:03:10', '2016-09-08 16:03:10', 'f6b2aec5-851f-4c4b-bfdd-94aa35b6f73c'),
 ('9', '3', '40', '8', '2', '3', '1', '2016-09-08 16:03:10', '2016-09-08 16:03:10', 'fb6ca708-80c1-41a0-af24-476006fa7a39'),
 ('10', '3', '41', '8', '4', '5', '1', '2016-09-08 16:03:40', '2016-09-08 16:03:40', '4d3208c2-7eda-4673-8651-ed04365f1686'),
 ('11', '4', NULL, '11', '1', '4', '0', '2016-09-08 16:03:49', '2016-09-08 16:03:49', '371400ac-9f3b-43bc-9e47-e6105668dd63'),
 ('12', '4', '42', '11', '2', '3', '1', '2016-09-08 16:03:49', '2016-09-08 16:03:49', 'de26ebb3-72e3-4816-b62e-c185a9383f4e'),
 ('13', '5', NULL, '13', '1', '4', '0', '2016-09-08 16:04:08', '2016-09-08 16:04:08', 'ce25dc03-ec42-42b1-84b6-1962caeafa09'),
 ('14', '5', '43', '13', '2', '3', '1', '2016-09-08 16:04:08', '2016-09-08 16:04:08', '18d1769e-9894-4292-89a7-535d72abf02b'),
 ('15', '3', '46', '8', '6', '7', '1', '2016-09-08 22:40:58', '2016-09-08 22:40:58', '1e89b505-339e-46de-819c-850cee95e3e1'),
 ('17', '6', NULL, '17', '1', '4', '0', '2016-09-08 23:41:15', '2016-09-08 23:41:15', '7cbadd59-23be-407d-99fb-d1211a21dfb4'),
 ('18', '6', '66', '17', '2', '3', '1', '2016-09-08 23:41:15', '2016-09-08 23:41:15', 'e4be115f-0c1c-4625-8e43-5c743ce982e6'),
 ('19', '7', NULL, '19', '1', '4', '0', '2016-09-13 14:00:29', '2016-09-13 14:00:29', '81aedc2f-0062-41a8-a5bb-f0bb446c37b4'),
 ('20', '7', '84', '19', '2', '3', '1', '2016-09-13 14:00:29', '2016-09-13 14:00:29', '8c1a4782-e54d-433d-b067-20354c119bbe');



DROP TABLE IF EXISTS `craft_structures`;


--
-- Schema for table `craft_structures`
--
CREATE TABLE `craft_structures` (
  `id` int(11) NOT NULL AUTO_INCREMENT,
  `maxLevels` smallint(6) unsigned DEFAULT NULL,
  `dateCreated` datetime NOT NULL,
  `dateUpdated` datetime NOT NULL,
  `uid` char(36) COLLATE utf8_unicode_ci NOT NULL DEFAULT '0',
  PRIMARY KEY (`id`)
) ENGINE=InnoDB AUTO_INCREMENT=8 DEFAULT CHARSET=utf8 COLLATE=utf8_unicode_ci;

--
-- Data for table `craft_structures`
--

INSERT INTO `craft_structures` (`id`, `maxLevels`, `dateCreated`, `dateUpdated`, `uid`) VALUES
 ('1', '1', '2016-09-08 15:58:27', '2016-09-13 14:12:35', '6acea9cb-fe52-46bc-adf0-a314f38ea820'),
 ('2', '1', '2016-09-08 16:00:10', '2016-09-13 14:12:08', 'de49671d-505e-4bec-aea6-935774fe6e42'),
 ('3', '1', '2016-09-08 16:00:19', '2016-09-13 14:11:48', '6c61925a-7618-4123-8242-d2d0b0f6eaea'),
 ('4', '1', '2016-09-08 16:00:30', '2016-09-13 14:10:25', '62fdcf60-b2c3-4bbe-b226-04f1f2da0fd8'),
 ('5', '1', '2016-09-08 16:00:44', '2016-09-13 14:09:01', 'a011ca10-262a-4507-aefd-ac397d493e6a'),
 ('6', '1', '2016-09-08 23:40:27', '2016-09-13 14:11:58', '73fd3037-586c-4d54-9a78-aedb82d4b958'),
 ('7', '1', '2016-09-13 13:59:01', '2016-09-13 14:12:38', 'c105325c-22b9-4464-a7ac-2f32864b144c');



DROP TABLE IF EXISTS `craft_systemsettings`;


--
-- Schema for table `craft_systemsettings`
--
CREATE TABLE `craft_systemsettings` (
  `id` int(11) NOT NULL AUTO_INCREMENT,
  `category` varchar(15) COLLATE utf8_unicode_ci NOT NULL,
  `settings` text COLLATE utf8_unicode_ci,
  `dateCreated` datetime NOT NULL,
  `dateUpdated` datetime NOT NULL,
  `uid` char(36) COLLATE utf8_unicode_ci NOT NULL DEFAULT '0',
  PRIMARY KEY (`id`),
  UNIQUE KEY `craft_systemsettings_category_unq_idx` (`category`)
) ENGINE=InnoDB AUTO_INCREMENT=3 DEFAULT CHARSET=utf8 COLLATE=utf8_unicode_ci;

--
-- Data for table `craft_systemsettings`
--

INSERT INTO `craft_systemsettings` (`id`, `category`, `settings`, `dateCreated`, `dateUpdated`, `uid`) VALUES
 ('1', 'email', '{\"protocol\":\"php\",\"emailAddress\":\"jmdesiderio@gmail.com\",\"senderName\":\"ZXCraft\"}', '2016-09-07 22:57:55', '2016-09-07 22:57:55', 'f63bfc2f-e51b-4151-8421-a546d5b5e3d6'),
 ('2', 'users', '{\"requireEmailVerification\":1,\"allowPublicRegistration\":1,\"defaultGroup\":\"1\"}', '2016-09-08 23:53:59', '2016-09-08 23:53:59', '9cf27b61-1688-4b32-b0c9-a259f0c303e3');



DROP TABLE IF EXISTS `craft_taggroups`;


--
-- Schema for table `craft_taggroups`
--
CREATE TABLE `craft_taggroups` (
  `id` int(11) NOT NULL AUTO_INCREMENT,
  `name` varchar(255) COLLATE utf8_unicode_ci NOT NULL,
  `handle` varchar(255) COLLATE utf8_unicode_ci NOT NULL,
  `fieldLayoutId` int(10) DEFAULT NULL,
  `dateCreated` datetime NOT NULL,
  `dateUpdated` datetime NOT NULL,
  `uid` char(36) COLLATE utf8_unicode_ci NOT NULL DEFAULT '0',
  PRIMARY KEY (`id`),
  UNIQUE KEY `craft_taggroups_name_unq_idx` (`name`),
  UNIQUE KEY `craft_taggroups_handle_unq_idx` (`handle`),
  KEY `craft_taggroups_fieldLayoutId_fk` (`fieldLayoutId`)
) ENGINE=InnoDB AUTO_INCREMENT=3 DEFAULT CHARSET=utf8 COLLATE=utf8_unicode_ci;

--
-- Data for table `craft_taggroups`
--

INSERT INTO `craft_taggroups` (`id`, `name`, `handle`, `fieldLayoutId`, `dateCreated`, `dateUpdated`, `uid`) VALUES
 ('1', 'Default', 'default', '1', '2016-09-07 22:57:55', '2016-09-07 22:57:55', 'd0047dbf-15c8-4cf5-a0ab-524f41d0db32'),
 ('2', 'Products', 'products', '29', '2016-09-08 15:20:57', '2016-09-08 15:20:57', '5f964204-6ca7-4c55-ac52-40eefe85b1fe');



DROP TABLE IF EXISTS `craft_tags`;


--
-- Schema for table `craft_tags`
--
CREATE TABLE `craft_tags` (
  `id` int(11) NOT NULL,
  `groupId` int(11) NOT NULL,
  `dateCreated` datetime NOT NULL,
  `dateUpdated` datetime NOT NULL,
  `uid` char(36) COLLATE utf8_unicode_ci NOT NULL DEFAULT '0',
  PRIMARY KEY (`id`),
  KEY `craft_tags_groupId_fk` (`groupId`)
) ENGINE=InnoDB DEFAULT CHARSET=utf8 COLLATE=utf8_unicode_ci;

DROP TABLE IF EXISTS `craft_tasks`;


--
-- Schema for table `craft_tasks`
--
CREATE TABLE `craft_tasks` (
  `id` int(11) NOT NULL AUTO_INCREMENT,
  `root` int(11) unsigned DEFAULT NULL,
  `lft` int(11) unsigned NOT NULL,
  `rgt` int(11) unsigned NOT NULL,
  `level` smallint(6) unsigned NOT NULL,
  `currentStep` int(11) unsigned DEFAULT NULL,
  `totalSteps` int(11) unsigned DEFAULT NULL,
  `status` enum('pending','error','running') COLLATE utf8_unicode_ci DEFAULT NULL,
  `type` varchar(150) COLLATE utf8_unicode_ci NOT NULL,
  `description` varchar(255) COLLATE utf8_unicode_ci DEFAULT NULL,
  `settings` mediumtext COLLATE utf8_unicode_ci,
  `dateCreated` datetime NOT NULL,
  `dateUpdated` datetime NOT NULL,
  `uid` char(36) COLLATE utf8_unicode_ci NOT NULL DEFAULT '0',
  PRIMARY KEY (`id`),
  KEY `craft_tasks_root_idx` (`root`),
  KEY `craft_tasks_lft_idx` (`lft`),
  KEY `craft_tasks_rgt_idx` (`rgt`),
  KEY `craft_tasks_level_idx` (`level`)
) ENGINE=InnoDB DEFAULT CHARSET=utf8 COLLATE=utf8_unicode_ci;

DROP TABLE IF EXISTS `craft_templatecachecriteria`;


--
-- Schema for table `craft_templatecachecriteria`
--
CREATE TABLE `craft_templatecachecriteria` (
  `id` int(11) NOT NULL AUTO_INCREMENT,
  `cacheId` int(11) NOT NULL,
  `type` varchar(150) COLLATE utf8_unicode_ci NOT NULL,
  `criteria` text COLLATE utf8_unicode_ci NOT NULL,
  PRIMARY KEY (`id`),
  KEY `craft_templatecachecriteria_cacheId_fk` (`cacheId`),
  KEY `craft_templatecachecriteria_type_idx` (`type`)
) ENGINE=InnoDB DEFAULT CHARSET=utf8 COLLATE=utf8_unicode_ci;

DROP TABLE IF EXISTS `craft_templatecacheelements`;


--
-- Schema for table `craft_templatecacheelements`
--
CREATE TABLE `craft_templatecacheelements` (
  `cacheId` int(11) NOT NULL,
  `elementId` int(11) NOT NULL,
  KEY `craft_templatecacheelements_cacheId_fk` (`cacheId`),
  KEY `craft_templatecacheelements_elementId_fk` (`elementId`)
) ENGINE=InnoDB DEFAULT CHARSET=utf8 COLLATE=utf8_unicode_ci;

DROP TABLE IF EXISTS `craft_templatecaches`;


--
-- Schema for table `craft_templatecaches`
--
CREATE TABLE `craft_templatecaches` (
  `id` int(11) NOT NULL AUTO_INCREMENT,
  `cacheKey` varchar(255) COLLATE utf8_unicode_ci NOT NULL,
  `locale` char(12) COLLATE utf8_unicode_ci NOT NULL,
  `path` varchar(255) COLLATE utf8_unicode_ci DEFAULT NULL,
  `expiryDate` datetime NOT NULL,
  `body` mediumtext COLLATE utf8_unicode_ci NOT NULL,
  PRIMARY KEY (`id`),
  KEY `craft_templatecaches_expiryDate_cacheKey_locale_path_idx` (`expiryDate`,`cacheKey`,`locale`,`path`),
  KEY `craft_templatecaches_locale_fk` (`locale`)
) ENGINE=InnoDB DEFAULT CHARSET=utf8 COLLATE=utf8_unicode_ci;

DROP TABLE IF EXISTS `craft_tokens`;


--
-- Schema for table `craft_tokens`
--
CREATE TABLE `craft_tokens` (
  `id` int(11) NOT NULL AUTO_INCREMENT,
  `token` char(32) COLLATE utf8_unicode_ci NOT NULL,
  `route` text COLLATE utf8_unicode_ci,
  `usageLimit` tinyint(3) unsigned DEFAULT NULL,
  `usageCount` tinyint(3) unsigned DEFAULT NULL,
  `expiryDate` datetime NOT NULL,
  `dateCreated` datetime NOT NULL,
  `dateUpdated` datetime NOT NULL,
  `uid` char(36) COLLATE utf8_unicode_ci NOT NULL DEFAULT '0',
  PRIMARY KEY (`id`),
  UNIQUE KEY `craft_tokens_token_unq_idx` (`token`),
  KEY `craft_tokens_expiryDate_idx` (`expiryDate`)
) ENGINE=InnoDB DEFAULT CHARSET=utf8 COLLATE=utf8_unicode_ci;

DROP TABLE IF EXISTS `craft_usergroups`;


--
-- Schema for table `craft_usergroups`
--
CREATE TABLE `craft_usergroups` (
  `id` int(11) NOT NULL AUTO_INCREMENT,
  `name` varchar(255) COLLATE utf8_unicode_ci NOT NULL,
  `handle` varchar(255) COLLATE utf8_unicode_ci NOT NULL,
  `dateCreated` datetime NOT NULL,
  `dateUpdated` datetime NOT NULL,
  `uid` char(36) COLLATE utf8_unicode_ci NOT NULL DEFAULT '0',
  PRIMARY KEY (`id`)
) ENGINE=InnoDB AUTO_INCREMENT=2 DEFAULT CHARSET=utf8 COLLATE=utf8_unicode_ci;

--
-- Data for table `craft_usergroups`
--

INSERT INTO `craft_usergroups` (`id`, `name`, `handle`, `dateCreated`, `dateUpdated`, `uid`) VALUES
 ('1', 'Customers', 'customers', '2016-09-08 23:53:49', '2016-09-08 23:53:49', '7b99c126-0342-46ba-88a6-8b471bf950df');



DROP TABLE IF EXISTS `craft_usergroups_users`;


--
-- Schema for table `craft_usergroups_users`
--
CREATE TABLE `craft_usergroups_users` (
  `id` int(11) NOT NULL AUTO_INCREMENT,
  `groupId` int(11) NOT NULL,
  `userId` int(11) NOT NULL,
  `dateCreated` datetime NOT NULL,
  `dateUpdated` datetime NOT NULL,
  `uid` char(36) COLLATE utf8_unicode_ci NOT NULL DEFAULT '0',
  PRIMARY KEY (`id`),
  UNIQUE KEY `craft_usergroups_users_groupId_userId_unq_idx` (`groupId`,`userId`),
  KEY `craft_usergroups_users_userId_fk` (`userId`)
) ENGINE=InnoDB DEFAULT CHARSET=utf8 COLLATE=utf8_unicode_ci;

DROP TABLE IF EXISTS `craft_userpermissions`;


--
-- Schema for table `craft_userpermissions`
--
CREATE TABLE `craft_userpermissions` (
  `id` int(11) NOT NULL AUTO_INCREMENT,
  `name` varchar(255) COLLATE utf8_unicode_ci NOT NULL,
  `dateCreated` datetime NOT NULL,
  `dateUpdated` datetime NOT NULL,
  `uid` char(36) COLLATE utf8_unicode_ci NOT NULL DEFAULT '0',
  PRIMARY KEY (`id`),
  UNIQUE KEY `craft_userpermissions_name_unq_idx` (`name`)
) ENGINE=InnoDB DEFAULT CHARSET=utf8 COLLATE=utf8_unicode_ci;

DROP TABLE IF EXISTS `craft_userpermissions_usergroups`;


--
-- Schema for table `craft_userpermissions_usergroups`
--
CREATE TABLE `craft_userpermissions_usergroups` (
  `id` int(11) NOT NULL AUTO_INCREMENT,
  `permissionId` int(11) NOT NULL,
  `groupId` int(11) NOT NULL,
  `dateCreated` datetime NOT NULL,
  `dateUpdated` datetime NOT NULL,
  `uid` char(36) COLLATE utf8_unicode_ci NOT NULL DEFAULT '0',
  PRIMARY KEY (`id`),
  UNIQUE KEY `craft_userpermissions_usergroups_permissionId_groupId_unq_idx` (`permissionId`,`groupId`),
  KEY `craft_userpermissions_usergroups_groupId_fk` (`groupId`)
) ENGINE=InnoDB DEFAULT CHARSET=utf8 COLLATE=utf8_unicode_ci;

DROP TABLE IF EXISTS `craft_userpermissions_users`;


--
-- Schema for table `craft_userpermissions_users`
--
CREATE TABLE `craft_userpermissions_users` (
  `id` int(11) NOT NULL AUTO_INCREMENT,
  `permissionId` int(11) NOT NULL,
  `userId` int(11) NOT NULL,
  `dateCreated` datetime NOT NULL,
  `dateUpdated` datetime NOT NULL,
  `uid` char(36) COLLATE utf8_unicode_ci NOT NULL DEFAULT '0',
  PRIMARY KEY (`id`),
  UNIQUE KEY `craft_userpermissions_users_permissionId_userId_unq_idx` (`permissionId`,`userId`),
  KEY `craft_userpermissions_users_userId_fk` (`userId`)
) ENGINE=InnoDB DEFAULT CHARSET=utf8 COLLATE=utf8_unicode_ci;

DROP TABLE IF EXISTS `craft_users`;


--
-- Schema for table `craft_users`
--
CREATE TABLE `craft_users` (
  `id` int(11) NOT NULL,
  `username` varchar(100) COLLATE utf8_unicode_ci NOT NULL,
  `photo` varchar(100) COLLATE utf8_unicode_ci DEFAULT NULL,
  `firstName` varchar(100) COLLATE utf8_unicode_ci DEFAULT NULL,
  `lastName` varchar(100) COLLATE utf8_unicode_ci DEFAULT NULL,
  `email` varchar(255) COLLATE utf8_unicode_ci NOT NULL,
  `password` char(255) COLLATE utf8_unicode_ci DEFAULT NULL,
  `preferredLocale` char(12) COLLATE utf8_unicode_ci DEFAULT NULL,
  `weekStartDay` tinyint(1) unsigned NOT NULL DEFAULT '0',
  `admin` tinyint(1) unsigned NOT NULL DEFAULT '0',
  `client` tinyint(1) unsigned NOT NULL DEFAULT '0',
  `locked` tinyint(1) unsigned NOT NULL DEFAULT '0',
  `suspended` tinyint(1) unsigned NOT NULL DEFAULT '0',
  `pending` tinyint(1) unsigned NOT NULL DEFAULT '0',
  `archived` tinyint(1) unsigned NOT NULL DEFAULT '0',
  `lastLoginDate` datetime DEFAULT NULL,
  `lastLoginAttemptIPAddress` varchar(45) COLLATE utf8_unicode_ci DEFAULT NULL,
  `invalidLoginWindowStart` datetime DEFAULT NULL,
  `invalidLoginCount` tinyint(4) unsigned DEFAULT NULL,
  `lastInvalidLoginDate` datetime DEFAULT NULL,
  `lockoutDate` datetime DEFAULT NULL,
  `verificationCode` char(100) COLLATE utf8_unicode_ci DEFAULT NULL,
  `verificationCodeIssuedDate` datetime DEFAULT NULL,
  `unverifiedEmail` varchar(255) COLLATE utf8_unicode_ci DEFAULT NULL,
  `passwordResetRequired` tinyint(1) unsigned NOT NULL DEFAULT '0',
  `lastPasswordChangeDate` datetime DEFAULT NULL,
  `dateCreated` datetime NOT NULL,
  `dateUpdated` datetime NOT NULL,
  `uid` char(36) COLLATE utf8_unicode_ci NOT NULL DEFAULT '0',
  PRIMARY KEY (`id`),
  UNIQUE KEY `craft_users_username_unq_idx` (`username`),
  UNIQUE KEY `craft_users_email_unq_idx` (`email`),
  KEY `craft_users_verificationCode_idx` (`verificationCode`),
  KEY `craft_users_uid_idx` (`uid`),
  KEY `craft_users_preferredLocale_fk` (`preferredLocale`)
) ENGINE=InnoDB DEFAULT CHARSET=utf8 COLLATE=utf8_unicode_ci;

--
-- Data for table `craft_users`
--

INSERT INTO `craft_users` (`id`, `username`, `photo`, `firstName`, `lastName`, `email`, `password`, `preferredLocale`, `weekStartDay`, `admin`, `client`, `locked`, `suspended`, `pending`, `archived`, `lastLoginDate`, `lastLoginAttemptIPAddress`, `invalidLoginWindowStart`, `invalidLoginCount`, `lastInvalidLoginDate`, `lockoutDate`, `verificationCode`, `verificationCodeIssuedDate`, `unverifiedEmail`, `passwordResetRequired`, `lastPasswordChangeDate`, `dateCreated`, `dateUpdated`, `uid`) VALUES
 ('1', 'admin', NULL, '', '', 'jmdesiderio@gmail.com', '$2y$13$DU/7136dWAJdSH7zgmRk3eUTQjhjkSq.Mu0Qbq1GcyPoVWlJsqd7S', 'en_us', '0', '1', '0', '0', '0', '0', '0', '2016-09-21 10:51:40', '127.0.0.1', NULL, NULL, '2016-09-12 13:35:11', NULL, NULL, NULL, NULL, '0', '2016-09-08 02:38:26', '2016-09-07 22:57:54', '2016-09-21 10:51:40', 'f3e319fe-6408-4912-822a-72ef0ae2d4ac');



DROP TABLE IF EXISTS `craft_widgets`;


--
-- Schema for table `craft_widgets`
--
CREATE TABLE `craft_widgets` (
  `id` int(11) NOT NULL AUTO_INCREMENT,
  `userId` int(11) NOT NULL,
  `type` varchar(150) COLLATE utf8_unicode_ci NOT NULL,
  `sortOrder` smallint(6) unsigned DEFAULT NULL,
  `colspan` tinyint(4) unsigned DEFAULT NULL,
  `settings` text COLLATE utf8_unicode_ci,
  `enabled` tinyint(1) unsigned NOT NULL DEFAULT '1',
  `dateCreated` datetime NOT NULL,
  `dateUpdated` datetime NOT NULL,
  `uid` char(36) COLLATE utf8_unicode_ci NOT NULL DEFAULT '0',
  PRIMARY KEY (`id`),
  KEY `craft_widgets_userId_fk` (`userId`)
) ENGINE=InnoDB AUTO_INCREMENT=5 DEFAULT CHARSET=utf8 COLLATE=utf8_unicode_ci;

--
-- Data for table `craft_widgets`
--

INSERT INTO `craft_widgets` (`id`, `userId`, `type`, `sortOrder`, `colspan`, `settings`, `enabled`, `dateCreated`, `dateUpdated`, `uid`) VALUES
 ('1', '1', 'RecentEntries', '1', NULL, NULL, '1', '2016-09-07 23:15:37', '2016-09-07 23:15:37', 'e1833640-9164-4278-ad3a-4ead57b29c66'),
 ('2', '1', 'GetHelp', '2', NULL, NULL, '1', '2016-09-07 23:15:37', '2016-09-07 23:15:37', '4f69e88c-36e9-4c1c-b765-62108b5733bd'),
 ('3', '1', 'Updates', '3', NULL, NULL, '1', '2016-09-07 23:15:37', '2016-09-07 23:15:37', '3559a13d-afea-4e0e-ad90-6077f4c179b6'),
 ('4', '1', 'Feed', '4', NULL, '{\"url\":\"https:\\/\\/craftcms.com\\/news.rss\",\"title\":\"Craft News\"}', '1', '2016-09-07 23:15:37', '2016-09-07 23:15:37', 'f17c3f4f-3b4b-4c2c-8ad6-65ad5b9382f6');


--
-- Constraints for tables
--


--
-- Constraints for table `craft_assetfiles`
--
ALTER TABLE `craft_assetfiles`
	ADD CONSTRAINT `craft_assetfiles_folderId_fk` FOREIGN KEY (`folderId`) REFERENCES `craft_assetfolders` (`id`) ON DELETE CASCADE,
	ADD CONSTRAINT `craft_assetfiles_id_fk` FOREIGN KEY (`id`) REFERENCES `craft_elements` (`id`) ON DELETE CASCADE,
	ADD CONSTRAINT `craft_assetfiles_sourceId_fk` FOREIGN KEY (`sourceId`) REFERENCES `craft_assetsources` (`id`) ON DELETE CASCADE;

--
-- Constraints for table `craft_assetfolders`
--
ALTER TABLE `craft_assetfolders`
	ADD CONSTRAINT `craft_assetfolders_parentId_fk` FOREIGN KEY (`parentId`) REFERENCES `craft_assetfolders` (`id`) ON DELETE CASCADE,
	ADD CONSTRAINT `craft_assetfolders_sourceId_fk` FOREIGN KEY (`sourceId`) REFERENCES `craft_assetsources` (`id`) ON DELETE CASCADE;

--
-- Constraints for table `craft_assetindexdata`
--
ALTER TABLE `craft_assetindexdata`
	ADD CONSTRAINT `craft_assetindexdata_sourceId_fk` FOREIGN KEY (`sourceId`) REFERENCES `craft_assetsources` (`id`) ON DELETE CASCADE;

--
-- Constraints for table `craft_assetsources`
--
ALTER TABLE `craft_assetsources`
	ADD CONSTRAINT `craft_assetsources_fieldLayoutId_fk` FOREIGN KEY (`fieldLayoutId`) REFERENCES `craft_fieldlayouts` (`id`) ON DELETE SET NULL;

--
-- Constraints for table `craft_categories`
--
ALTER TABLE `craft_categories`
	ADD CONSTRAINT `craft_categories_groupId_fk` FOREIGN KEY (`groupId`) REFERENCES `craft_categorygroups` (`id`) ON DELETE CASCADE,
	ADD CONSTRAINT `craft_categories_id_fk` FOREIGN KEY (`id`) REFERENCES `craft_elements` (`id`) ON DELETE CASCADE;

--
-- Constraints for table `craft_categorygroups`
--
ALTER TABLE `craft_categorygroups`
	ADD CONSTRAINT `craft_categorygroups_fieldLayoutId_fk` FOREIGN KEY (`fieldLayoutId`) REFERENCES `craft_fieldlayouts` (`id`) ON DELETE SET NULL,
	ADD CONSTRAINT `craft_categorygroups_structureId_fk` FOREIGN KEY (`structureId`) REFERENCES `craft_structures` (`id`) ON DELETE CASCADE;

--
-- Constraints for table `craft_categorygroups_i18n`
--
ALTER TABLE `craft_categorygroups_i18n`
	ADD CONSTRAINT `craft_categorygroups_i18n_groupId_fk` FOREIGN KEY (`groupId`) REFERENCES `craft_categorygroups` (`id`) ON DELETE CASCADE,
	ADD CONSTRAINT `craft_categorygroups_i18n_locale_fk` FOREIGN KEY (`locale`) REFERENCES `craft_locales` (`locale`) ON DELETE CASCADE ON UPDATE CASCADE;

--
-- Constraints for table `craft_commerce_addresses`
--
ALTER TABLE `craft_commerce_addresses`
	ADD CONSTRAINT `craft_commerce_addresses_countryId_fk` FOREIGN KEY (`countryId`) REFERENCES `craft_commerce_countries` (`id`) ON DELETE SET NULL,
	ADD CONSTRAINT `craft_commerce_addresses_stateId_fk` FOREIGN KEY (`stateId`) REFERENCES `craft_commerce_states` (`id`) ON DELETE SET NULL;

--
-- Constraints for table `craft_commerce_customer_discountuses`
--
ALTER TABLE `craft_commerce_customer_discountuses`
	ADD CONSTRAINT `craft_commerce_customer_discountuses_customerId_fk` FOREIGN KEY (`customerId`) REFERENCES `craft_commerce_customers` (`id`) ON DELETE CASCADE ON UPDATE CASCADE,
	ADD CONSTRAINT `craft_commerce_customer_discountuses_discountId_fk` FOREIGN KEY (`discountId`) REFERENCES `craft_commerce_discounts` (`id`) ON DELETE CASCADE ON UPDATE CASCADE;

--
-- Constraints for table `craft_commerce_customers`
--
ALTER TABLE `craft_commerce_customers`
	ADD CONSTRAINT `craft_commerce_customers_userId_fk` FOREIGN KEY (`userId`) REFERENCES `craft_users` (`id`) ON DELETE SET NULL;

--
-- Constraints for table `craft_commerce_customers_addresses`
--
ALTER TABLE `craft_commerce_customers_addresses`
	ADD CONSTRAINT `craft_commerce_customers_addresses_addressId_fk` FOREIGN KEY (`addressId`) REFERENCES `craft_commerce_addresses` (`id`) ON DELETE CASCADE ON UPDATE CASCADE,
	ADD CONSTRAINT `craft_commerce_customers_addresses_customerId_fk` FOREIGN KEY (`customerId`) REFERENCES `craft_commerce_customers` (`id`) ON DELETE CASCADE ON UPDATE CASCADE;

--
-- Constraints for table `craft_commerce_discount_products`
--
ALTER TABLE `craft_commerce_discount_products`
	ADD CONSTRAINT `craft_commerce_discount_products_discountId_fk` FOREIGN KEY (`discountId`) REFERENCES `craft_commerce_discounts` (`id`) ON DELETE CASCADE ON UPDATE CASCADE,
	ADD CONSTRAINT `craft_commerce_discount_products_productId_fk` FOREIGN KEY (`productId`) REFERENCES `craft_commerce_products` (`id`) ON DELETE CASCADE ON UPDATE CASCADE;

--
-- Constraints for table `craft_commerce_discount_producttypes`
--
ALTER TABLE `craft_commerce_discount_producttypes`
	ADD CONSTRAINT `craft_commerce_discount_producttypes_discountId_fk` FOREIGN KEY (`discountId`) REFERENCES `craft_commerce_discounts` (`id`) ON DELETE CASCADE ON UPDATE CASCADE,
	ADD CONSTRAINT `craft_commerce_discount_producttypes_productTypeId_fk` FOREIGN KEY (`productTypeId`) REFERENCES `craft_commerce_producttypes` (`id`) ON DELETE CASCADE ON UPDATE CASCADE;

--
-- Constraints for table `craft_commerce_discount_usergroups`
--
ALTER TABLE `craft_commerce_discount_usergroups`
	ADD CONSTRAINT `craft_commerce_discount_usergroups_discountId_fk` FOREIGN KEY (`discountId`) REFERENCES `craft_commerce_discounts` (`id`) ON DELETE CASCADE ON UPDATE CASCADE,
	ADD CONSTRAINT `craft_commerce_discount_usergroups_userGroupId_fk` FOREIGN KEY (`userGroupId`) REFERENCES `craft_usergroups` (`id`) ON DELETE CASCADE ON UPDATE CASCADE;

--
-- Constraints for table `craft_commerce_lineitems`
--
ALTER TABLE `craft_commerce_lineitems`
	ADD CONSTRAINT `craft_commerce_lineitems_orderId_fk` FOREIGN KEY (`orderId`) REFERENCES `craft_commerce_orders` (`id`) ON DELETE CASCADE,
	ADD CONSTRAINT `craft_commerce_lineitems_purchasableId_fk` FOREIGN KEY (`purchasableId`) REFERENCES `craft_elements` (`id`) ON DELETE SET NULL ON UPDATE CASCADE,
	ADD CONSTRAINT `craft_commerce_lineitems_taxCategoryId_fk` FOREIGN KEY (`taxCategoryId`) REFERENCES `craft_commerce_taxcategories` (`id`) ON UPDATE CASCADE;

--
-- Constraints for table `craft_commerce_orderadjustments`
--
ALTER TABLE `craft_commerce_orderadjustments`
	ADD CONSTRAINT `craft_commerce_orderadjustments_orderId_fk` FOREIGN KEY (`orderId`) REFERENCES `craft_commerce_orders` (`id`) ON DELETE CASCADE;

--
-- Constraints for table `craft_commerce_orderhistories`
--
ALTER TABLE `craft_commerce_orderhistories`
	ADD CONSTRAINT `craft_commerce_orderhistories_customerId_fk` FOREIGN KEY (`customerId`) REFERENCES `craft_commerce_customers` (`id`) ON DELETE CASCADE ON UPDATE CASCADE,
	ADD CONSTRAINT `craft_commerce_orderhistories_newStatusId_fk` FOREIGN KEY (`newStatusId`) REFERENCES `craft_commerce_orderstatuses` (`id`) ON UPDATE CASCADE,
	ADD CONSTRAINT `craft_commerce_orderhistories_orderId_fk` FOREIGN KEY (`orderId`) REFERENCES `craft_commerce_orders` (`id`) ON DELETE CASCADE ON UPDATE CASCADE,
	ADD CONSTRAINT `craft_commerce_orderhistories_prevStatusId_fk` FOREIGN KEY (`prevStatusId`) REFERENCES `craft_commerce_orderstatuses` (`id`) ON UPDATE CASCADE;

--
-- Constraints for table `craft_commerce_orders`
--
ALTER TABLE `craft_commerce_orders`
	ADD CONSTRAINT `craft_commerce_orders_billingAddressId_fk` FOREIGN KEY (`billingAddressId`) REFERENCES `craft_commerce_addresses` (`id`) ON DELETE SET NULL,
	ADD CONSTRAINT `craft_commerce_orders_customerId_fk` FOREIGN KEY (`customerId`) REFERENCES `craft_commerce_customers` (`id`) ON DELETE SET NULL,
	ADD CONSTRAINT `craft_commerce_orders_id_fk` FOREIGN KEY (`id`) REFERENCES `craft_elements` (`id`) ON DELETE CASCADE,
	ADD CONSTRAINT `craft_commerce_orders_orderStatusId_fk` FOREIGN KEY (`orderStatusId`) REFERENCES `craft_commerce_orderstatuses` (`id`) ON UPDATE CASCADE,
	ADD CONSTRAINT `craft_commerce_orders_paymentMethodId_fk` FOREIGN KEY (`paymentMethodId`) REFERENCES `craft_commerce_paymentmethods` (`id`) ON DELETE SET NULL,
	ADD CONSTRAINT `craft_commerce_orders_shippingAddressId_fk` FOREIGN KEY (`shippingAddressId`) REFERENCES `craft_commerce_addresses` (`id`) ON DELETE SET NULL;

--
-- Constraints for table `craft_commerce_ordersettings`
--
ALTER TABLE `craft_commerce_ordersettings`
	ADD CONSTRAINT `craft_commerce_ordersettings_fieldLayoutId_fk` FOREIGN KEY (`fieldLayoutId`) REFERENCES `craft_fieldlayouts` (`id`) ON DELETE SET NULL;

--
-- Constraints for table `craft_commerce_orderstatus_emails`
--
ALTER TABLE `craft_commerce_orderstatus_emails`
	ADD CONSTRAINT `craft_commerce_orderstatus_emails_emailId_fk` FOREIGN KEY (`emailId`) REFERENCES `craft_commerce_emails` (`id`) ON DELETE CASCADE ON UPDATE CASCADE,
	ADD CONSTRAINT `craft_commerce_orderstatus_emails_orderStatusId_fk` FOREIGN KEY (`orderStatusId`) REFERENCES `craft_commerce_orderstatuses` (`id`) ON DELETE CASCADE ON UPDATE CASCADE;

--
-- Constraints for table `craft_commerce_products`
--
ALTER TABLE `craft_commerce_products`
	ADD CONSTRAINT `craft_commerce_products_id_fk` FOREIGN KEY (`id`) REFERENCES `craft_elements` (`id`) ON DELETE CASCADE,
	ADD CONSTRAINT `craft_commerce_products_taxCategoryId_fk` FOREIGN KEY (`taxCategoryId`) REFERENCES `craft_commerce_taxcategories` (`id`),
	ADD CONSTRAINT `craft_commerce_products_typeId_fk` FOREIGN KEY (`typeId`) REFERENCES `craft_commerce_producttypes` (`id`) ON DELETE CASCADE;

--
-- Constraints for table `craft_commerce_producttypes`
--
ALTER TABLE `craft_commerce_producttypes`
	ADD CONSTRAINT `craft_commerce_producttypes_fieldLayoutId_fk` FOREIGN KEY (`fieldLayoutId`) REFERENCES `craft_fieldlayouts` (`id`) ON DELETE SET NULL,
	ADD CONSTRAINT `craft_commerce_producttypes_variantFieldLayoutId_fk` FOREIGN KEY (`variantFieldLayoutId`) REFERENCES `craft_fieldlayouts` (`id`) ON DELETE SET NULL;

--
-- Constraints for table `craft_commerce_producttypes_i18n`
--
ALTER TABLE `craft_commerce_producttypes_i18n`
	ADD CONSTRAINT `craft_commerce_producttypes_i18n_locale_fk` FOREIGN KEY (`locale`) REFERENCES `craft_locales` (`locale`) ON DELETE CASCADE ON UPDATE CASCADE,
	ADD CONSTRAINT `craft_commerce_producttypes_i18n_productTypeId_fk` FOREIGN KEY (`productTypeId`) REFERENCES `craft_commerce_producttypes` (`id`) ON DELETE CASCADE;

--
-- Constraints for table `craft_commerce_purchasables`
--
ALTER TABLE `craft_commerce_purchasables`
	ADD CONSTRAINT `craft_commerce_purchasables_id_fk` FOREIGN KEY (`id`) REFERENCES `craft_elements` (`id`) ON DELETE CASCADE;

--
-- Constraints for table `craft_commerce_sale_products`
--
ALTER TABLE `craft_commerce_sale_products`
	ADD CONSTRAINT `craft_commerce_sale_products_productId_fk` FOREIGN KEY (`productId`) REFERENCES `craft_commerce_products` (`id`) ON DELETE CASCADE ON UPDATE CASCADE,
	ADD CONSTRAINT `craft_commerce_sale_products_saleId_fk` FOREIGN KEY (`saleId`) REFERENCES `craft_commerce_sales` (`id`) ON DELETE CASCADE ON UPDATE CASCADE;

--
-- Constraints for table `craft_commerce_sale_producttypes`
--
ALTER TABLE `craft_commerce_sale_producttypes`
	ADD CONSTRAINT `craft_commerce_sale_producttypes_productTypeId_fk` FOREIGN KEY (`productTypeId`) REFERENCES `craft_commerce_producttypes` (`id`) ON DELETE CASCADE ON UPDATE CASCADE,
	ADD CONSTRAINT `craft_commerce_sale_producttypes_saleId_fk` FOREIGN KEY (`saleId`) REFERENCES `craft_commerce_sales` (`id`) ON DELETE CASCADE ON UPDATE CASCADE;

--
-- Constraints for table `craft_commerce_sale_usergroups`
--
ALTER TABLE `craft_commerce_sale_usergroups`
	ADD CONSTRAINT `craft_commerce_sale_usergroups_saleId_fk` FOREIGN KEY (`saleId`) REFERENCES `craft_commerce_sales` (`id`) ON DELETE CASCADE ON UPDATE CASCADE,
	ADD CONSTRAINT `craft_commerce_sale_usergroups_userGroupId_fk` FOREIGN KEY (`userGroupId`) REFERENCES `craft_usergroups` (`id`) ON DELETE CASCADE ON UPDATE CASCADE;

--
-- Constraints for table `craft_commerce_shippingrules`
--
ALTER TABLE `craft_commerce_shippingrules`
	ADD CONSTRAINT `craft_commerce_shippingrules_methodId_fk` FOREIGN KEY (`methodId`) REFERENCES `craft_commerce_shippingmethods` (`id`),
	ADD CONSTRAINT `craft_commerce_shippingrules_shippingZoneId_fk` FOREIGN KEY (`shippingZoneId`) REFERENCES `craft_commerce_shippingzones` (`id`) ON DELETE SET NULL;

--
-- Constraints for table `craft_commerce_shippingzone_countries`
--
ALTER TABLE `craft_commerce_shippingzone_countries`
	ADD CONSTRAINT `craft_commerce_shippingzone_countries_countryId_fk` FOREIGN KEY (`countryId`) REFERENCES `craft_commerce_countries` (`id`) ON DELETE CASCADE ON UPDATE CASCADE,
	ADD CONSTRAINT `craft_commerce_shippingzone_countries_shippingZoneId_fk` FOREIGN KEY (`shippingZoneId`) REFERENCES `craft_commerce_shippingzones` (`id`) ON DELETE CASCADE ON UPDATE CASCADE;

--
-- Constraints for table `craft_commerce_shippingzone_states`
--
ALTER TABLE `craft_commerce_shippingzone_states`
	ADD CONSTRAINT `craft_commerce_shippingzone_states_shippingZoneId_fk` FOREIGN KEY (`shippingZoneId`) REFERENCES `craft_commerce_shippingzones` (`id`) ON DELETE CASCADE ON UPDATE CASCADE,
	ADD CONSTRAINT `craft_commerce_shippingzone_states_stateId_fk` FOREIGN KEY (`stateId`) REFERENCES `craft_commerce_states` (`id`) ON DELETE CASCADE ON UPDATE CASCADE;

--
-- Constraints for table `craft_commerce_states`
--
ALTER TABLE `craft_commerce_states`
	ADD CONSTRAINT `craft_commerce_states_countryId_fk` FOREIGN KEY (`countryId`) REFERENCES `craft_commerce_countries` (`id`) ON DELETE CASCADE ON UPDATE CASCADE;

--
-- Constraints for table `craft_commerce_taxrates`
--
ALTER TABLE `craft_commerce_taxrates`
	ADD CONSTRAINT `craft_commerce_taxrates_taxCategoryId_fk` FOREIGN KEY (`taxCategoryId`) REFERENCES `craft_commerce_taxcategories` (`id`) ON UPDATE CASCADE,
	ADD CONSTRAINT `craft_commerce_taxrates_taxZoneId_fk` FOREIGN KEY (`taxZoneId`) REFERENCES `craft_commerce_taxzones` (`id`) ON UPDATE CASCADE;

--
-- Constraints for table `craft_commerce_taxzone_countries`
--
ALTER TABLE `craft_commerce_taxzone_countries`
	ADD CONSTRAINT `craft_commerce_taxzone_countries_countryId_fk` FOREIGN KEY (`countryId`) REFERENCES `craft_commerce_countries` (`id`) ON DELETE CASCADE ON UPDATE CASCADE,
	ADD CONSTRAINT `craft_commerce_taxzone_countries_taxZoneId_fk` FOREIGN KEY (`taxZoneId`) REFERENCES `craft_commerce_taxzones` (`id`) ON DELETE CASCADE ON UPDATE CASCADE;

--
-- Constraints for table `craft_commerce_taxzone_states`
--
ALTER TABLE `craft_commerce_taxzone_states`
	ADD CONSTRAINT `craft_commerce_taxzone_states_stateId_fk` FOREIGN KEY (`stateId`) REFERENCES `craft_commerce_states` (`id`) ON DELETE CASCADE ON UPDATE CASCADE,
	ADD CONSTRAINT `craft_commerce_taxzone_states_taxZoneId_fk` FOREIGN KEY (`taxZoneId`) REFERENCES `craft_commerce_taxzones` (`id`) ON DELETE CASCADE ON UPDATE CASCADE;

--
-- Constraints for table `craft_commerce_transactions`
--
ALTER TABLE `craft_commerce_transactions`
	ADD CONSTRAINT `craft_commerce_transactions_orderId_fk` FOREIGN KEY (`orderId`) REFERENCES `craft_commerce_orders` (`id`) ON DELETE CASCADE,
	ADD CONSTRAINT `craft_commerce_transactions_parentId_fk` FOREIGN KEY (`parentId`) REFERENCES `craft_commerce_transactions` (`id`) ON DELETE CASCADE ON UPDATE CASCADE,
	ADD CONSTRAINT `craft_commerce_transactions_paymentMethodId_fk` FOREIGN KEY (`paymentMethodId`) REFERENCES `craft_commerce_paymentmethods` (`id`) ON UPDATE CASCADE,
	ADD CONSTRAINT `craft_commerce_transactions_userId_fk` FOREIGN KEY (`userId`) REFERENCES `craft_users` (`id`) ON DELETE SET NULL;

--
-- Constraints for table `craft_commerce_variants`
--
ALTER TABLE `craft_commerce_variants`
	ADD CONSTRAINT `craft_commerce_variants_id_fk` FOREIGN KEY (`id`) REFERENCES `craft_elements` (`id`) ON DELETE CASCADE,
	ADD CONSTRAINT `craft_commerce_variants_productId_fk` FOREIGN KEY (`productId`) REFERENCES `craft_commerce_products` (`id`) ON DELETE SET NULL ON UPDATE CASCADE;

--
-- Constraints for table `craft_content`
--
ALTER TABLE `craft_content`
	ADD CONSTRAINT `craft_content_elementId_fk` FOREIGN KEY (`elementId`) REFERENCES `craft_elements` (`id`) ON DELETE CASCADE,
	ADD CONSTRAINT `craft_content_locale_fk` FOREIGN KEY (`locale`) REFERENCES `craft_locales` (`locale`) ON DELETE CASCADE ON UPDATE CASCADE;

--
-- Constraints for table `craft_elements_i18n`
--
ALTER TABLE `craft_elements_i18n`
	ADD CONSTRAINT `craft_elements_i18n_elementId_fk` FOREIGN KEY (`elementId`) REFERENCES `craft_elements` (`id`) ON DELETE CASCADE,
	ADD CONSTRAINT `craft_elements_i18n_locale_fk` FOREIGN KEY (`locale`) REFERENCES `craft_locales` (`locale`) ON DELETE CASCADE ON UPDATE CASCADE;

--
-- Constraints for table `craft_emailmessages`
--
ALTER TABLE `craft_emailmessages`
	ADD CONSTRAINT `craft_emailmessages_locale_fk` FOREIGN KEY (`locale`) REFERENCES `craft_locales` (`locale`) ON DELETE CASCADE ON UPDATE CASCADE;

--
-- Constraints for table `craft_entries`
--
ALTER TABLE `craft_entries`
	ADD CONSTRAINT `craft_entries_authorId_fk` FOREIGN KEY (`authorId`) REFERENCES `craft_users` (`id`) ON DELETE CASCADE,
	ADD CONSTRAINT `craft_entries_id_fk` FOREIGN KEY (`id`) REFERENCES `craft_elements` (`id`) ON DELETE CASCADE,
	ADD CONSTRAINT `craft_entries_sectionId_fk` FOREIGN KEY (`sectionId`) REFERENCES `craft_sections` (`id`) ON DELETE CASCADE,
	ADD CONSTRAINT `craft_entries_typeId_fk` FOREIGN KEY (`typeId`) REFERENCES `craft_entrytypes` (`id`) ON DELETE CASCADE;

--
-- Constraints for table `craft_entrydrafts`
--
ALTER TABLE `craft_entrydrafts`
	ADD CONSTRAINT `craft_entrydrafts_creatorId_fk` FOREIGN KEY (`creatorId`) REFERENCES `craft_users` (`id`) ON DELETE CASCADE,
	ADD CONSTRAINT `craft_entrydrafts_entryId_fk` FOREIGN KEY (`entryId`) REFERENCES `craft_entries` (`id`) ON DELETE CASCADE,
	ADD CONSTRAINT `craft_entrydrafts_locale_fk` FOREIGN KEY (`locale`) REFERENCES `craft_locales` (`locale`) ON DELETE CASCADE ON UPDATE CASCADE,
	ADD CONSTRAINT `craft_entrydrafts_sectionId_fk` FOREIGN KEY (`sectionId`) REFERENCES `craft_sections` (`id`) ON DELETE CASCADE;

--
-- Constraints for table `craft_entrytypes`
--
ALTER TABLE `craft_entrytypes`
	ADD CONSTRAINT `craft_entrytypes_fieldLayoutId_fk` FOREIGN KEY (`fieldLayoutId`) REFERENCES `craft_fieldlayouts` (`id`) ON DELETE SET NULL,
	ADD CONSTRAINT `craft_entrytypes_sectionId_fk` FOREIGN KEY (`sectionId`) REFERENCES `craft_sections` (`id`) ON DELETE CASCADE;

--
-- Constraints for table `craft_entryversions`
--
ALTER TABLE `craft_entryversions`
	ADD CONSTRAINT `craft_entryversions_creatorId_fk` FOREIGN KEY (`creatorId`) REFERENCES `craft_users` (`id`) ON DELETE SET NULL,
	ADD CONSTRAINT `craft_entryversions_entryId_fk` FOREIGN KEY (`entryId`) REFERENCES `craft_entries` (`id`) ON DELETE CASCADE,
	ADD CONSTRAINT `craft_entryversions_locale_fk` FOREIGN KEY (`locale`) REFERENCES `craft_locales` (`locale`) ON DELETE CASCADE ON UPDATE CASCADE,
	ADD CONSTRAINT `craft_entryversions_sectionId_fk` FOREIGN KEY (`sectionId`) REFERENCES `craft_sections` (`id`) ON DELETE CASCADE;

--
-- Constraints for table `craft_fieldlayoutfields`
--
ALTER TABLE `craft_fieldlayoutfields`
	ADD CONSTRAINT `craft_fieldlayoutfields_fieldId_fk` FOREIGN KEY (`fieldId`) REFERENCES `craft_fields` (`id`) ON DELETE CASCADE,
	ADD CONSTRAINT `craft_fieldlayoutfields_layoutId_fk` FOREIGN KEY (`layoutId`) REFERENCES `craft_fieldlayouts` (`id`) ON DELETE CASCADE,
	ADD CONSTRAINT `craft_fieldlayoutfields_tabId_fk` FOREIGN KEY (`tabId`) REFERENCES `craft_fieldlayouttabs` (`id`) ON DELETE CASCADE;

--
-- Constraints for table `craft_fieldlayouttabs`
--
ALTER TABLE `craft_fieldlayouttabs`
	ADD CONSTRAINT `craft_fieldlayouttabs_layoutId_fk` FOREIGN KEY (`layoutId`) REFERENCES `craft_fieldlayouts` (`id`) ON DELETE CASCADE;

--
-- Constraints for table `craft_fields`
--
ALTER TABLE `craft_fields`
	ADD CONSTRAINT `craft_fields_groupId_fk` FOREIGN KEY (`groupId`) REFERENCES `craft_fieldgroups` (`id`) ON DELETE CASCADE;

--
-- Constraints for table `craft_globalsets`
--
ALTER TABLE `craft_globalsets`
	ADD CONSTRAINT `craft_globalsets_fieldLayoutId_fk` FOREIGN KEY (`fieldLayoutId`) REFERENCES `craft_fieldlayouts` (`id`) ON DELETE SET NULL,
	ADD CONSTRAINT `craft_globalsets_id_fk` FOREIGN KEY (`id`) REFERENCES `craft_elements` (`id`) ON DELETE CASCADE;

--
-- Constraints for table `craft_matrixblocks`
--
ALTER TABLE `craft_matrixblocks`
	ADD CONSTRAINT `craft_matrixblocks_fieldId_fk` FOREIGN KEY (`fieldId`) REFERENCES `craft_fields` (`id`) ON DELETE CASCADE,
	ADD CONSTRAINT `craft_matrixblocks_id_fk` FOREIGN KEY (`id`) REFERENCES `craft_elements` (`id`) ON DELETE CASCADE,
	ADD CONSTRAINT `craft_matrixblocks_ownerId_fk` FOREIGN KEY (`ownerId`) REFERENCES `craft_elements` (`id`) ON DELETE CASCADE,
	ADD CONSTRAINT `craft_matrixblocks_ownerLocale_fk` FOREIGN KEY (`ownerLocale`) REFERENCES `craft_locales` (`locale`) ON DELETE CASCADE ON UPDATE CASCADE,
	ADD CONSTRAINT `craft_matrixblocks_typeId_fk` FOREIGN KEY (`typeId`) REFERENCES `craft_matrixblocktypes` (`id`) ON DELETE CASCADE;

--
-- Constraints for table `craft_matrixblocktypes`
--
ALTER TABLE `craft_matrixblocktypes`
	ADD CONSTRAINT `craft_matrixblocktypes_fieldId_fk` FOREIGN KEY (`fieldId`) REFERENCES `craft_fields` (`id`) ON DELETE CASCADE,
	ADD CONSTRAINT `craft_matrixblocktypes_fieldLayoutId_fk` FOREIGN KEY (`fieldLayoutId`) REFERENCES `craft_fieldlayouts` (`id`) ON DELETE SET NULL;

--
-- Constraints for table `craft_matrixcontent_banners`
--
ALTER TABLE `craft_matrixcontent_banners`
	ADD CONSTRAINT `craft_matrixcontent_banners_elementId_fk` FOREIGN KEY (`elementId`) REFERENCES `craft_elements` (`id`) ON DELETE CASCADE,
	ADD CONSTRAINT `craft_matrixcontent_banners_locale_fk` FOREIGN KEY (`locale`) REFERENCES `craft_locales` (`locale`) ON DELETE CASCADE ON UPDATE CASCADE;

--
-- Constraints for table `craft_matrixcontent_infoblocks`
--
ALTER TABLE `craft_matrixcontent_infoblocks`
	ADD CONSTRAINT `craft_matrixcontent_infoblocks_elementId_fk` FOREIGN KEY (`elementId`) REFERENCES `craft_elements` (`id`) ON DELETE CASCADE,
	ADD CONSTRAINT `craft_matrixcontent_infoblocks_locale_fk` FOREIGN KEY (`locale`) REFERENCES `craft_locales` (`locale`) ON DELETE CASCADE ON UPDATE CASCADE;

--
-- Constraints for table `craft_matrixcontent_pagecontent`
--
ALTER TABLE `craft_matrixcontent_pagecontent`
	ADD CONSTRAINT `craft_matrixcontent_pagecontent_elementId_fk` FOREIGN KEY (`elementId`) REFERENCES `craft_elements` (`id`) ON DELETE CASCADE,
	ADD CONSTRAINT `craft_matrixcontent_pagecontent_locale_fk` FOREIGN KEY (`locale`) REFERENCES `craft_locales` (`locale`) ON DELETE CASCADE ON UPDATE CASCADE;

--
-- Constraints for table `craft_matrixcontent_productcontents`
--
ALTER TABLE `craft_matrixcontent_productcontents`
	ADD CONSTRAINT `craft_matrixcontent_productcontents_elementId_fk` FOREIGN KEY (`elementId`) REFERENCES `craft_elements` (`id`) ON DELETE CASCADE,
	ADD CONSTRAINT `craft_matrixcontent_productcontents_locale_fk` FOREIGN KEY (`locale`) REFERENCES `craft_locales` (`locale`) ON DELETE CASCADE ON UPDATE CASCADE;

--
-- Constraints for table `craft_migrations`
--
ALTER TABLE `craft_migrations`
	ADD CONSTRAINT `craft_migrations_pluginId_fk` FOREIGN KEY (`pluginId`) REFERENCES `craft_plugins` (`id`) ON DELETE CASCADE;

--
-- Constraints for table `craft_relations`
--
ALTER TABLE `craft_relations`
	ADD CONSTRAINT `craft_relations_fieldId_fk` FOREIGN KEY (`fieldId`) REFERENCES `craft_fields` (`id`) ON DELETE CASCADE,
	ADD CONSTRAINT `craft_relations_sourceId_fk` FOREIGN KEY (`sourceId`) REFERENCES `craft_elements` (`id`) ON DELETE CASCADE,
	ADD CONSTRAINT `craft_relations_sourceLocale_fk` FOREIGN KEY (`sourceLocale`) REFERENCES `craft_locales` (`locale`) ON DELETE CASCADE ON UPDATE CASCADE,
	ADD CONSTRAINT `craft_relations_targetId_fk` FOREIGN KEY (`targetId`) REFERENCES `craft_elements` (`id`) ON DELETE CASCADE;

--
-- Constraints for table `craft_routes`
--
ALTER TABLE `craft_routes`
	ADD CONSTRAINT `craft_routes_locale_fk` FOREIGN KEY (`locale`) REFERENCES `craft_locales` (`locale`) ON DELETE CASCADE ON UPDATE CASCADE;

--
-- Constraints for table `craft_sections`
--
ALTER TABLE `craft_sections`
	ADD CONSTRAINT `craft_sections_structureId_fk` FOREIGN KEY (`structureId`) REFERENCES `craft_structures` (`id`) ON DELETE SET NULL;

--
-- Constraints for table `craft_sections_i18n`
--
ALTER TABLE `craft_sections_i18n`
	ADD CONSTRAINT `craft_sections_i18n_locale_fk` FOREIGN KEY (`locale`) REFERENCES `craft_locales` (`locale`) ON DELETE CASCADE ON UPDATE CASCADE,
	ADD CONSTRAINT `craft_sections_i18n_sectionId_fk` FOREIGN KEY (`sectionId`) REFERENCES `craft_sections` (`id`) ON DELETE CASCADE;

--
-- Constraints for table `craft_sessions`
--
ALTER TABLE `craft_sessions`
	ADD CONSTRAINT `craft_sessions_userId_fk` FOREIGN KEY (`userId`) REFERENCES `craft_users` (`id`) ON DELETE CASCADE;

--
-- Constraints for table `craft_shunnedmessages`
--
ALTER TABLE `craft_shunnedmessages`
	ADD CONSTRAINT `craft_shunnedmessages_userId_fk` FOREIGN KEY (`userId`) REFERENCES `craft_users` (`id`) ON DELETE CASCADE;

--
-- Constraints for table `craft_structureelements`
--
ALTER TABLE `craft_structureelements`
	ADD CONSTRAINT `craft_structureelements_elementId_fk` FOREIGN KEY (`elementId`) REFERENCES `craft_elements` (`id`) ON DELETE CASCADE,
	ADD CONSTRAINT `craft_structureelements_structureId_fk` FOREIGN KEY (`structureId`) REFERENCES `craft_structures` (`id`) ON DELETE CASCADE;

--
-- Constraints for table `craft_taggroups`
--
ALTER TABLE `craft_taggroups`
	ADD CONSTRAINT `craft_taggroups_fieldLayoutId_fk` FOREIGN KEY (`fieldLayoutId`) REFERENCES `craft_fieldlayouts` (`id`) ON DELETE SET NULL;

--
-- Constraints for table `craft_tags`
--
ALTER TABLE `craft_tags`
	ADD CONSTRAINT `craft_tags_groupId_fk` FOREIGN KEY (`groupId`) REFERENCES `craft_taggroups` (`id`) ON DELETE CASCADE,
	ADD CONSTRAINT `craft_tags_id_fk` FOREIGN KEY (`id`) REFERENCES `craft_elements` (`id`) ON DELETE CASCADE;

--
-- Constraints for table `craft_templatecachecriteria`
--
ALTER TABLE `craft_templatecachecriteria`
	ADD CONSTRAINT `craft_templatecachecriteria_cacheId_fk` FOREIGN KEY (`cacheId`) REFERENCES `craft_templatecaches` (`id`) ON DELETE CASCADE;

--
-- Constraints for table `craft_templatecacheelements`
--
ALTER TABLE `craft_templatecacheelements`
	ADD CONSTRAINT `craft_templatecacheelements_cacheId_fk` FOREIGN KEY (`cacheId`) REFERENCES `craft_templatecaches` (`id`) ON DELETE CASCADE,
	ADD CONSTRAINT `craft_templatecacheelements_elementId_fk` FOREIGN KEY (`elementId`) REFERENCES `craft_elements` (`id`) ON DELETE CASCADE;

--
-- Constraints for table `craft_templatecaches`
--
ALTER TABLE `craft_templatecaches`
	ADD CONSTRAINT `craft_templatecaches_locale_fk` FOREIGN KEY (`locale`) REFERENCES `craft_locales` (`locale`) ON DELETE CASCADE ON UPDATE CASCADE;

--
-- Constraints for table `craft_usergroups_users`
--
ALTER TABLE `craft_usergroups_users`
	ADD CONSTRAINT `craft_usergroups_users_groupId_fk` FOREIGN KEY (`groupId`) REFERENCES `craft_usergroups` (`id`) ON DELETE CASCADE,
	ADD CONSTRAINT `craft_usergroups_users_userId_fk` FOREIGN KEY (`userId`) REFERENCES `craft_users` (`id`) ON DELETE CASCADE;

--
-- Constraints for table `craft_userpermissions_usergroups`
--
ALTER TABLE `craft_userpermissions_usergroups`
	ADD CONSTRAINT `craft_userpermissions_usergroups_groupId_fk` FOREIGN KEY (`groupId`) REFERENCES `craft_usergroups` (`id`) ON DELETE CASCADE,
	ADD CONSTRAINT `craft_userpermissions_usergroups_permissionId_fk` FOREIGN KEY (`permissionId`) REFERENCES `craft_userpermissions` (`id`) ON DELETE CASCADE;

--
-- Constraints for table `craft_userpermissions_users`
--
ALTER TABLE `craft_userpermissions_users`
	ADD CONSTRAINT `craft_userpermissions_users_permissionId_fk` FOREIGN KEY (`permissionId`) REFERENCES `craft_userpermissions` (`id`) ON DELETE CASCADE,
	ADD CONSTRAINT `craft_userpermissions_users_userId_fk` FOREIGN KEY (`userId`) REFERENCES `craft_users` (`id`) ON DELETE CASCADE;

--
-- Constraints for table `craft_users`
--
ALTER TABLE `craft_users`
	ADD CONSTRAINT `craft_users_id_fk` FOREIGN KEY (`id`) REFERENCES `craft_elements` (`id`) ON DELETE CASCADE,
	ADD CONSTRAINT `craft_users_preferredLocale_fk` FOREIGN KEY (`preferredLocale`) REFERENCES `craft_locales` (`locale`) ON DELETE SET NULL ON UPDATE CASCADE;

--
-- Constraints for table `craft_widgets`
--
ALTER TABLE `craft_widgets`
	ADD CONSTRAINT `craft_widgets_userId_fk` FOREIGN KEY (`userId`) REFERENCES `craft_users` (`id`) ON DELETE CASCADE;

SET FOREIGN_KEY_CHECKS = 1;
